amount,hour,distance,transaction_count,merchant_risk,velocity_score,label
52.188351321219955,10,37.05286737631849,5,0.4042985656540305,0.09326617224928892,0.0
5.958558980453198,20,18.513023970152773,1,0.04413192906222182,0.0525355731768603,0.0
4.302027258887825,8,73.83280330642823,5,0.26994749978394444,0.11633083857517805,0.0
34.550289347862694,17,28.597515020745444,2,0.12754687855055477,0.26672950216221036,0.0
368.09610491162596,20,8.857523519873409,2,0.273454290043805,0.2644944123568154,0.0
42.26255799061381,18,22.846093765823543,6,0.14849446459299834,0.2069589562264095,0.0
13.180792124533838,13,5.117546948406089,3,0.16898347861831642,0.07824562287802565,0.0
51.63181032348636,9,12.152756888637084,1,0.09637747084367404,0.03714444538917909,0.0
2.233836993834025,15,13.175131170082013,2,0.37771447791657276,0.09439458205745123,0.0
17.042322548797124,21,12.595462675019713,1,0.22308719646676684,0.09949909570816835,0.0
77.54589146559634,21,5.958878188920767,5,0.2172928562480396,0.2068159532922113,0.0
178.08441689988183,17,2.2875205296740573,6,0.024031474283723247,0.2860678800558343,0.0
45.83403160728896,11,1.6571938879093753,3,0.2981268246095002,0.264540140858589,0.0
1.4620944325197787,8,2.9406806637431995,3,0.0819709513450285,0.12013927026067142,0.0
45.35879301287543,14,2.929484713228998,6,0.03228582517248279,0.3424935445431573,0.0
33.562503557404725,10,0.6317664184678472,1,0.14254650868123941,0.029130999027942226,0.0
1.4428482265559248,11,17.850554693327037,2,0.11163450673762572,0.07259746613356562,0.0
44.25006944931489,8,2.609887630859972,4,0.1239544890556765,0.03215433590523424,0.0
43.04944211527803,9,17.1642518867681,4,0.13771888607115124,0.35831002559360514,0.0
231.64492824966658,11,8.285007693522875,8,0.15621454738859714,0.10472913689920985,0.0
25.032043822118936,17,14.327540189128454,2,0.043005039885573845,0.1965045655189849,0.0
24.552047061603147,21,18.899843468322548,2,0.48869458110038,0.012337258318781108,0.0
167.9459849033139,14,3.3765001867371858,3,0.045482480835362826,0.04302850365342637,0.0
19.00455484989039,11,16.70786673211453,4,0.18569895017723265,0.29116224319538697,0.0
8.195129083695766,18,40.980287599338226,2,0.37517028146797815,0.19340797386765746,0.0
61.44627475296719,13,2.562372484055291,1,0.3754755816742927,0.039563423911815936,0.0
10.769891353331499,15,1.768477201925989,5,0.19046958328336003,0.16035001619121178,0.0
9.870431379198084,17,27.341195536146184,1,0.5062462714016454,0.19786086060420596,0.0
119.51225323850176,16,40.575636329806564,7,0.29675228252794256,0.03753576229952226,0.0
3.720916939478478,15,2.8801702484042133,4,0.20919039737076317,0.04730092174561183,0.0
146.50772094704246,13,24.01995836712116,3,0.28419713984691336,0.40292290220314136,0.0
119.83636026748697,12,11.882102736880004,7,0.10837084191656259,0.35357096061942483,0.0
34.74955387145624,16,10.339532803679052,3,0.48469526787529826,0.43734301674127135,0.0
35.19927887059021,9,30.750923966087008,4,0.19278427046160057,0.12617938368716614,0.0
129.37225263692378,15,16.53963390779356,1,0.1753472340469816,0.016725678738625707,0.0
208.70991676518204,16,20.688153913606747,2,0.23494677170662498,0.1068481140901151,0.0
31.827510566950252,17,0.9043566735869896,4,0.07697026260238739,0.06310052277501416,0.0
15.598850934499415,17,46.94680325118165,2,0.18629984163648877,0.10747217447152052,0.0
529.7613165146877,3,156.8917397682659,19,0.5912727836145288,0.9772510076611591,1.0
40.33057567374243,19,28.793809737067168,1,0.3209302889398005,0.19627346117905625,0.0
86.69803430195864,20,47.005290590851274,3,0.3757921913066946,0.3475328153285949,0.0
59.634486895206834,18,11.38553019792208,4,0.16002510112965165,0.19426699747119067,0.0
3.8051079805126835,9,10.464114813542418,1,0.20932187403383293,0.2899422474565953,0.0
62.59256665661968,10,65.08097928495599,2,0.2989431183783619,0.25047941701465587,0.0
69.51219070282175,10,69.24359047655314,2,0.1368632004435816,0.38548964522982265,0.0
57.73944465742442,19,24.126483077481552,2,0.4166247689997738,0.022108935591531965,0.0
105.64056177318612,18,53.592266130069305,2,0.27383512476565924,0.3671074643236395,0.0
243.57153964119263,16,17.269584211383922,0,0.08367406255613473,0.1099421403780272,0.0
1.7725593591575515,19,2.206857826866741,2,0.14803141803854336,0.40006304841806023,0.0
85.68447387770476,13,4.494154593851738,1,0.2273989662578121,0.15206401933204855,0.0
30.49411310515303,8,7.948437882684754,5,0.22975751792013197,0.04272815440611012,0.0
83.01455629094048,12,44.88399812643391,5,0.16513637688102628,0.06004296529969567,0.0
271.49974259437283,16,40.4660707850024,3,0.19455823115950613,0.19088520321183514,0.0
123.9235447661679,20,64.16494400150722,2,0.3276181238322826,0.17819350441802798,0.0
24.85185164808566,19,7.386106255927151,4,0.1830768994128169,0.10136686812092001,0.0
13.45726774904776,10,158.34656336918033,3,0.040994465608637176,0.27021249695038446,0.0
210.21236430454036,13,7.816094816748723,5,0.3418909842032104,0.2622862546128704,0.0
3.330380783547616,13,10.53195813667104,2,0.4272669115142743,0.2008775604192497,0.0
38.32332949336777,19,15.823117957981019,1,0.05638229972586847,0.12922462620914013,0.0
41.549318734202686,17,14.450681207418414,5,0.12271019185717748,0.10900052870977914,0.0
124.46614526802537,20,46.02317857883153,5,0.3807226971429429,0.08395849233302567,0.0
147.69659854206995,21,1.4443799200620568,3,0.3005678233148356,0.10444077690530741,0.0
48.0803756969674,19,2.9268087944129246,3,0.26018535913865937,0.17464942598623517,0.0
37.40315041722226,20,28.630888231124985,1,0.13815463593989225,0.19835557269071996,0.0
36.50217745766776,8,1.1388113466111736,2,0.2573709028006993,0.029222077026431183,0.0
14.61322578969672,18,72.89936979705254,4,0.07355083421098649,0.3553331505689723,0.0
175.9502568159723,8,0.3159296796287756,5,0.0660673541565209,0.1655701504925279,0.0
29.078828911817837,16,48.21939715371806,2,0.20229792263502605,0.18785995588276289,0.0
118.54390450550909,11,2.905784365160455,6,0.20382766251079718,0.014893248708812895,0.0
19.839474282544487,16,0.026309966384913102,2,0.16116524497424348,0.4234023619890074,0.0
36.70177130316827,15,4.149105607685298,0,0.28972054144806464,0.2540995478611824,0.0
29.7990680328283,21,27.687237803447204,6,0.16418639875070085,0.06438131573706737,0.0
39.9509997632019,16,20.63269741029866,5,0.05780857711346889,0.09048824113872594,0.0
117.57183523565882,13,7.067143806723309,0,0.12918645933481096,0.11451290268495323,0.0
62.453587692138925,16,0.23938355843653292,1,0.07419937455910795,0.07436696865082779,0.0
16.602479532421533,11,0.24397708954792868,4,0.05586565929769577,0.24100370104432933,0.0
72.43572753353118,9,37.45340481443969,4,0.1543417256214566,0.16281316345325128,0.0
190.78937911610058,19,18.332840031914152,5,0.13486723130431555,0.08537054570155145,0.0
252.56230951600065,21,24.441415763078496,6,0.4051544026474771,0.09801807210094998,0.0
30.13599488167062,10,20.05160792531647,7,0.17089307669442075,0.14910799360147728,0.0
5.502002398114232,9,10.058938175877692,3,0.2432317664370166,0.41925070633842504,0.0
27.307721718754372,9,92.64186713279217,5,0.6202592294297138,0.26492934380675803,0.0
30.294883316589086,17,5.5167915902048055,3,0.31023740327065213,0.12257174226522076,0.0
88.56873204557888,14,13.605836526241692,2,0.5145434206587617,0.18612123646899353,0.0
4.659976305911847,17,8.712439595539962,2,0.04366892247430717,0.2182311432560473,0.0
4.7024885383970165,18,8.644050618168336,1,0.2682751764732717,0.05444825300612861,0.0
108.98944494947293,20,48.57940954982223,4,0.09632775664137883,0.2979189810285462,0.0
10.918773338344979,21,26.277324143434313,1,0.1499024841076155,0.044803715688090454,0.0
122.28816988766427,12,17.43498259801017,2,0.11144007061546964,0.15904558185259834,0.0
5.672471946905367,17,12.030642695048888,4,0.23002005160886357,0.2921488645880124,0.0
35.27861765983054,13,8.968995401597947,4,0.08164547194451446,0.0456821317341482,0.0
20.246565418548272,17,16.97519506377045,3,0.15091916055180046,0.23201631761427596,0.0
114.71101009915702,14,48.78812591062647,1,0.02452785913461623,0.079311534526186,0.0
17.866509940627775,11,36.12385418010474,2,0.23261867301775152,0.31281413483628856,0.0
6.473782754654783,19,8.018738144748124,3,0.14735824760814695,0.09146765034150144,0.0
101.47183654577995,12,1.3017980784303789,2,0.1250613696051568,0.12679554286464464,0.0
24.666288224755043,11,10.38917807080676,3,0.07938697233825302,0.06521804808771388,0.0
55.50930652145119,18,0.286608307996871,4,0.38370906061367294,0.16396539678499278,0.0
91.90998980617337,21,3.3242749530088394,1,0.0529049490204606,0.26296931967679793,0.0
9.852008368355973,11,12.69675167877683,4,0.40152048736708784,0.3444214538844723,0.0
172.47572241232265,14,5.409429059925403,2,0.0829383203098411,0.28304516132538377,0.0
136.05836592085805,21,2.4088883264225327,3,0.23081625527442023,0.3122317682277488,0.0
1.01501352983485,17,12.903003268551132,2,0.10654493141778264,0.08158267165267587,0.0
22.02555931026292,17,19.9741349153677,5,0.16612539633902565,0.36040337796963107,0.0
37.58372623362138,11,40.793582950935125,2,0.10853748758342137,0.06098056046676497,0.0
265.09883809041645,12,0.9906213573794447,5,0.441651552831783,0.1798554207667966,0.0
144.11096697299132,9,85.47059236146255,6,0.20282211969852723,0.4809671911858965,0.0
84.06024721060454,17,33.001624423054515,1,0.1806199998449252,0.1007545488153842,0.0
132.92635266688336,11,2.7334180527724117,4,0.24393360624766136,0.07736972886963525,0.0
5.994989746743463,16,0.8476998152905496,1,0.11741191582026683,0.14323853986208707,0.0
148.71939925409202,10,33.672562154762815,2,0.42960540494787514,0.07694725044367955,0.0
228.80074651951105,14,7.699179619681598,0,0.22087629503220077,0.04852023400660485,0.0
4.697403006956989,10,21.757189110746232,1,0.13109201184381514,0.3812490987275866,0.0
110.14218503495515,12,13.7513516524131,5,0.13523365687291503,0.09333797113215357,0.0
29.612399186351908,8,19.5951166677302,0,0.053673581789908636,0.17827693382129192,0.0
67.68101273900503,16,5.070468468552373,5,0.15916700162984093,0.3657923669886259,0.0
43.269938162351586,15,42.04271003003267,5,0.15737492812619663,0.02474472222143621,0.0
27.07738935112431,18,21.509637440556105,1,0.06163364485189838,0.13256470500913536,0.0
225.68665178186424,20,7.835243684504326,4,0.32168887972487853,0.1459543694943111,0.0
195.612068763185,19,7.121863851926288,2,0.26870641338395035,0.24447938547691814,0.0
284.3341631089209,8,33.406393959274745,3,0.15579644361063638,0.3275868630019394,0.0
41.12392020983527,16,53.637411943730775,2,0.1701755639815823,0.25794373106113394,0.0
191.92956161238428,20,5.7673387560743095,3,0.13120964319353268,0.14956449990206516,0.0
121.08497535447226,16,34.920143820645094,7,0.22563337693609592,0.09542985262897247,0.0
23.484377910811126,9,35.62806122158903,3,0.16302941289741907,0.18561023555108128,0.0
129.72156194666053,20,2.7710149379260196,4,0.17503276584121885,0.271769149425666,0.0
97.30684000353493,13,2.7306764507703636,3,0.09493859280119012,0.08912943198822328,0.0
41.331530684462585,15,20.626846215968207,0,0.07699915570671258,0.4209365207994459,0.0
35.332495345608535,20,32.998099874153525,2,0.05938831272688564,0.024000511073383246,0.0
79.59365258840174,18,32.09631417452785,4,0.04693589886148642,0.18016986777964578,0.0
487.7242838885728,16,7.929508399094143,4,0.09016332724244787,0.09253216866970847,0.0
0.7276319685782888,17,24.026770710372737,4,0.198254811756969,0.06735798427819135,0.0
58.397967497481645,15,2.5125004899918397,4,0.170576930272015,0.2017971852157177,0.0
163.68048013958793,11,6.462555139770848,6,0.15744671160987259,0.03928780116393527,0.0
71.00697604571745,11,9.583165248097645,3,0.38412135946559095,0.2200629480134875,0.0
115.97737525337268,9,17.49819153654417,2,0.1630217498934787,0.3185186734250994,0.0
306.1435085171521,10,0.7250910427739111,6,0.31538264448499537,0.18996369088224851,0.0
53.52856877559912,15,8.508282075705257,2,0.05670355757405782,0.17306279785789616,0.0
27.252175356331676,10,13.03897469793958,3,0.04971470155812849,0.13069804492479162,0.0
11.835553075142315,10,29.965703401537844,3,0.09868207652067922,0.2654192821653755,0.0
216.4902692321309,8,8.808991076969042,4,0.2469061506682634,0.041939485369067143,0.0
36.02358438983859,15,8.971139937007894,5,0.2915842057134182,0.09661330696145642,0.0
36.01632919560081,10,21.548584000591752,3,0.36733288818366877,0.13089103862060794,0.0
148.9741645147947,17,65.12504350461862,3,0.282696623562898,0.16829121116478749,0.0
35.05954456635926,16,33.17122607735446,4,0.08512671895122825,0.16984673134692693,0.0
76.63164385207975,9,5.913767654265799,2,0.19833972794655275,0.08757594055682637,0.0
38.80678742792674,19,21.081718519298228,1,0.13858768075650094,0.15893843598109908,0.0
52.80498384059925,13,28.799017652545196,2,0.4071535362960764,0.17892827977104792,0.0
42.1309399841331,20,6.7691756111132415,5,0.10064400108048502,0.03387273759082536,0.0
81.83795695772358,20,50.84807994226086,2,0.14371269487660301,0.46680923282458436,0.0
217.29669231007958,9,24.37177913342062,2,0.0636195031787904,0.03419575836320306,0.0
29.50770078311865,13,5.9588553912785915,4,0.030574247024476406,0.09043159536782172,0.0
9.55589575564829,21,13.758462769572349,2,0.1255014442754655,0.2215999888666248,0.0
208.2119935843486,1,351.4693941400061,16,0.9298970704291945,0.7918634048053156,1.0
119.84870030924742,16,8.248150149202102,6,0.30490777501681315,0.04041602061667193,0.0
73.52657229018116,8,24.844976456799674,0,0.05171454621449068,0.06018406826049148,0.0
13.151780082243945,13,3.511993148357379,2,0.23048303459759978,0.05387432065016912,0.0
23.121451382301824,21,17.935804001683508,3,0.12158211150550385,0.03630704389762534,0.0
64.08709738691752,9,2.723709941608017,2,0.24498050782857062,0.2792944521334404,0.0
26.819974110486537,16,4.6504842002141995,4,0.15969461031121757,0.10908401509241061,0.0
126.10398767391638,11,40.64373982030584,7,0.018676813458769818,0.160131079966319,0.0
61.8327310427909,13,31.857195347397585,1,0.13528408807835637,0.23422677898774605,0.0
87.14145576287912,8,10.437928695004498,1,0.17415822756741337,0.17660509968704555,0.0
37.30496629044929,19,5.405041949583225,3,0.18747688452322014,0.09831678285014564,0.0
21.908844171366162,9,2.8253689231821806,3,0.19444241286777494,0.11549038297655684,0.0
15.437438580077696,20,44.624049001544854,4,0.28396519114235863,0.16851679861075122,0.0
223.83934742341302,19,26.49070881535657,5,0.41740300735407126,0.1263771918531207,0.0
94.32580602558517,21,34.89613811590088,3,0.2997193416336999,0.12483889490608623,0.0
89.67352007116288,18,2.8542934506245334,4,0.030188679438366516,0.3401112960266297,0.0
84.94570078640253,8,2.846112608606641,3,0.2837478914415998,0.2088072428450824,0.0
21.119137471340395,12,14.656189354117846,5,0.2727126052678516,0.3230176481038779,0.0
16.384572408799972,9,12.499485551451041,4,0.43525988059977105,0.017658941352635373,0.0
90.54265705791173,13,7.408002433705194,4,0.11754165226867272,0.06058177676545727,0.0
58.501325496475786,10,0.5066669701183837,3,0.33262013379262634,0.25441727564806216,0.0
3.5295198894801514,20,55.52925390700517,1,0.3386268228827199,0.29728066712494067,0.0
18.19951428960681,19,28.440384218132966,1,0.3900829743906019,0.20388860159261485,0.0
91.79037605121582,16,21.70442770658979,1,0.0971313611022285,0.3620714724629506,0.0
159.02009797232967,8,50.24212808170408,4,0.08616051787314367,0.11165425765070626,0.0
127.0895579963364,21,1.7632505584482019,3,0.0969445732157525,0.04305039549561683,0.0
105.82482582874226,8,21.673677507835862,1,0.23062728762938053,0.08427721183472754,0.0
232.06877818606355,16,0.2493139371643424,3,0.27702344372011495,0.014983716864397026,0.0
56.56677876126396,18,38.77914854685175,2,0.22600417292587324,0.07870688788649219,0.0
32.54588066882039,16,6.987337916975044,3,0.13537393194416655,0.045662359199034414,0.0
2.554694503444306,19,61.862563253914225,1,0.1390840603118606,0.05899856576759887,0.0
58.96117776455635,14,14.245896152344201,5,0.15181205578449927,0.24535654430755768,0.0
30.135694085253128,11,15.78696879001729,8,0.07066931995887347,0.14002241521946202,0.0
90.50566539608451,8,4.233054730122937,3,0.3539374520188328,0.15768815771636138,0.0
55.656138391676215,15,10.352994752907396,1,0.11596878912607159,0.1835489857944906,0.0
134.08939513999383,13,3.561364503737604,3,0.37297360640337707,0.06944775063868654,0.0
0.7500345731564926,17,5.814242223745118,2,0.19497738157947112,0.22528781265892894,0.0
23.86200668268037,17,18.715068558647342,0,0.11958046886909968,0.16196541916197083,0.0
2.6385121670842433,16,22.515551007453336,3,0.09842706994209807,0.1180850599700437,0.0
8.450672117499732,9,38.82046842202843,1,0.14404390936930814,0.1997362169263278,0.0
8.910410213052781,8,31.233514248008852,4,0.21416906636058294,0.20510386554183963,0.0
1.7652039484001225,10,3.037490796727262,5,0.07148922065310141,0.08033326933280062,0.0
19.92679188964054,20,4.089527906983012,0,0.09185265815707766,0.1347293422493704,0.0
48.15022187938715,17,13.432960323387476,3,0.13978379118095685,0.16262889592074675,0.0
302.8591027887485,21,27.501088968611455,5,0.1259503008432188,0.37499264504104957,0.0
20.00405551910297,8,24.66950875363576,2,0.09032286362672065,0.11507374561337953,0.0
5.90513048351373,10,5.644551069193362,2,0.1180566579388715,0.09635039096914559,0.0
60.622368953781205,12,8.784363302253977,3,0.3071187939316014,0.052993343108562026,0.0
2.7286031886270345,14,26.860548176173154,5,0.37012888677620537,0.09096124660782266,0.0
22.15449042473638,8,3.6835920939481204,4,0.281617247548959,0.2339238940764535,0.0
7.205543220744337,15,7.979596899859544,4,0.06947662351891287,0.1812841240469771,0.0
5.510692588730187,13,2.8019498543648917,1,0.11222005767311401,0.0986544398228857,0.0
9.411695830741172,9,9.238935684994225,6,0.033311021715048635,0.15675456801840681,0.0
5.500332943210968,11,20.58616789128979,1,0.06101221993332169,0.08191372973773878,0.0
77.3070368731168,18,10.325489544253736,6,0.04333943976278024,0.1759258041742366,0.0
44.42696967331621,12,43.108699425993045,1,0.2372587682099926,0.119297789857316,0.0
24.96493678522183,11,34.66249027325866,6,0.47608166548996117,0.20475679544110686,0.0
36.76611628425177,9,16.737850366677257,3,0.12590149106262774,0.21417018383746303,0.0
47.248081023269776,10,0.495697786125333,7,0.2742228177063843,0.10582124555795115,0.0
14.974671388893444,13,13.60417345390715,2,0.2824236075082287,0.05711277165818645,0.0
12.888274017168765,19,39.3752039040353,1,0.26772271299083633,0.397187833637421,0.0
44.83802427942217,11,44.7041293166878,3,0.12425618684792715,0.10555789846849875,0.0
84.51129770013681,17,2.5899854148851746,1,0.22083991494173896,0.2831982712792453,0.0
3.250047725087203,11,8.035445611306159,3,0.15325618751169695,0.17683433780504648,0.0
237.89502348055447,8,52.71527136173938,1,0.16875326931693221,0.29707556288620734,0.0
315.26766177900015,12,10.819222858486931,6,0.16056230050962406,0.17534923402194708,0.0
95.63283655143083,8,25.261666988609157,3,0.07922171036782105,0.02842876408598537,0.0
139.92709879482715,21,23.766854061471925,4,0.26619502871378214,0.05307449003223146,0.0
59.23007650768355,15,30.586386326898143,3,0.1508920628490584,0.2128029849448401,0.0
121.82079538032713,13,0.8349296322580471,2,0.0920307899665393,0.21384186051664938,0.0
144.68854490503082,17,3.8125756506446655,4,0.14644292452989352,0.10951318613596865,0.0
50.06983423859271,16,24.949564692841104,0,0.14539776817559869,0.15474306154391326,0.0
76.73243654380626,18,8.401896341849591,0,0.46362755765988745,0.0995643636109926,0.0
41.440070659177756,12,38.63266397605638,4,0.14356491519465478,0.11934497853569621,0.0
24.69424514784279,12,19.679588347443072,4,0.21015418576620637,0.07423893672289718,0.0
19.44944027439227,13,21.562294555125003,4,0.08776928675130252,0.3133673357595865,0.0
43.433173134710465,19,14.049452794024502,2,0.10066529467472525,0.20163173242913351,0.0
109.45733190467274,20,42.373701605627936,2,0.1121709339228215,0.06036353585287648,0.0
85.99041603775794,16,22.99829784809861,4,0.11455498165225814,0.14047210935440496,0.0
45.012457593935224,14,34.90263028973089,4,0.10229920626703738,0.1550589213234942,0.0
158.24609326474166,16,19.422332614962926,6,0.19903554330831774,0.14825315150816723,0.0
126.70602021507199,8,71.47593563013771,5,0.09562334161466778,0.2899554819966061,0.0
148.2871309174337,16,1.942456241543513,3,0.08900465675485365,0.13514537249317743,0.0
58.58840008153315,15,22.69710881275101,2,0.02127068217785945,0.06338319247158485,0.0
44.33156400558644,8,1.3801924403239139,6,0.35250865997989855,0.2092459971601516,0.0
199.58283215701638,21,5.898442257525396,1,0.2734779283240146,0.26872575949776223,0.0
32.612084671486095,21,7.204132803275909,6,0.3023143980609435,0.30950025039393275,0.0
51.70878293522094,10,72.82503815153957,7,0.33130015502792975,0.2894044693248118,0.0
60.762360188245516,14,4.7379373237478255,3,0.17012587825772812,0.15769191792743126,0.0
52.08803253070207,11,24.90921487279227,3,0.20323251043568055,0.13461241046057038,0.0
25.82856932632521,14,62.40853896167725,2,0.06600737185189608,0.23883917112124595,0.0
13.904918921212005,8,21.543611470283746,1,0.06430331860238205,0.33353680772388894,0.0
73.6804643575584,10,35.70417244646484,5,0.13744870451896574,0.06959120200924995,0.0
94.77298947437109,13,29.259007575319252,1,0.2612657471037954,0.24842623247380094,0.0
10.41871039864934,16,13.587911763886408,3,0.13474773221520264,0.2365274006336359,0.0
49.51407478714237,16,7.589972812844979,4,0.15808188839458331,0.05197901408679863,0.0
30.95359612892626,20,17.187056230667555,4,0.019822154043671717,0.07488491355593122,0.0
6.095562227111271,18,26.781350550301912,2,0.28348577247663553,0.08717890855044669,0.0
12.371667004055498,11,68.19551683352343,1,0.12412770744700914,0.15402175254600253,0.0
24.425611134330197,19,9.654786198504667,4,0.30622505752207996,0.16148538342275912,0.0
0.46202444130030834,12,18.393910797116728,6,0.09679049129881555,0.331786511905854,0.0
73.43357794664801,15,18.311770125359466,3,0.09690018387230163,0.2622598067672026,0.0
86.05198258540285,19,4.5150180753037175,1,0.07371763220073252,0.16001840083394303,0.0
12.745506873036348,17,1.0784018586697934,5,0.21662902010900734,0.13121191519403613,0.0
34.13632444756293,19,40.05887585832767,1,0.1540321744797253,0.14801661066281904,0.0
46.60442199898269,19,35.066987011243086,3,0.13157104514693674,0.17422515496471766,0.0
49.67128873767341,9,3.771792061274339,4,0.048996425462502415,0.2161784907455324,0.0
101.15382891352424,8,14.405461521160872,3,0.25507639218295014,0.29036461443879674,0.0
22.15454679106411,11,3.2465703452047867,1,0.2166802780365549,0.09281469180416561,0.0
26.44952620858553,17,17.34152615907786,1,0.1983231204805452,0.17932838398904932,0.0
67.57100739305442,10,4.056116563444248,1,0.14747043909493435,0.1685977448001543,0.0
36.51476501033489,19,17.84724492187038,4,0.24836397592933365,0.3329824326867833,0.0
42.77255476961072,8,51.71559518967645,4,0.2139762462438522,0.2887882629327267,0.0
25.81143198330741,13,5.162229570489993,2,0.1044848113303297,0.1733872248663817,0.0
70.52502084319683,9,17.554298862822645,6,0.342291779272587,0.07154799518346724,0.0
85.05590978777764,17,12.969597556660403,3,0.11754116123074543,0.17069123646660228,0.0
26.130073680829547,21,5.398622476980636,3,0.18685206494282822,0.2048633074830084,0.0
9.506187655792392,16,39.751257923703974,3,0.17486943365813146,0.08462821520690453,0.0
127.78458320255695,13,28.700221986524703,4,0.3004763470128035,0.0241285604772161,0.0
627.5397834163058,2,56.1297889901542,12,0.6165072132804005,0.8809753861655149,1.0
142.914363468374,15,23.737566968520632,2,0.26110517246720455,0.14288492891333748,0.0
110.28933025640116,11,9.031433594396562,1,0.16436452858916942,0.29277723400226896,0.0
163.54261226132948,16,0.059342362098023724,0,0.061154730213827155,0.02303123853749862,0.0
37.3768320440541,9,3.998173171411727,4,0.13292512758876907,0.21704742374955663,0.0
20.7260520346422,15,20.58649639331998,6,0.21360935046334573,0.056390630609136655,0.0
211.76926021027836,10,24.6208056364099,3,0.16947485026742676,0.18531877567124483,0.0
345.18008676267027,10,16.534125488977363,5,0.07375899411728436,0.18397599440616913,0.0
181.8384445977742,17,13.70840993391929,3,0.006275062487521922,0.4966219692363252,0.0
82.90027085892476,21,30.297789747017887,2,0.3653882257850742,0.09916542393175165,0.0
134.8082626051207,12,47.691674246962606,4,0.3407884862799529,0.22208429597944446,0.0
20.904464998711237,13,21.168191053779978,3,0.2553734684116047,0.13723197042908147,0.0
209.57877541633673,16,75.76874633558559,3,0.18332546009938802,0.14608437679014477,0.0
43.19199295514334,16,12.475045120909073,2,0.41151971206312554,0.4935363475843635,0.0
44.435343208802735,10,8.265711207501333,2,0.0566803586586562,0.2581478328437658,0.0
79.20067768512735,16,21.635121061590354,1,0.2569932458657273,0.2928897149235889,0.0
90.27656462590032,11,32.487610090213984,7,0.28207806400737234,0.08881330428465017,0.0
65.84916647841177,9,23.06107279382411,2,0.3804899857571513,0.09246072213390368,0.0
77.43464229911818,19,5.067367221743881,2,0.10164413449549929,0.22910927857870472,0.0
32.71093090161823,15,13.73232412148729,4,0.13141476446717634,0.22164635798478244,0.0
4.199131799603565,17,27.664886791558835,4,0.1138243355151457,0.2722094417481742,0.0
47.39981787071497,14,6.541385114462247,2,0.181611502386432,0.029229975942716355,0.0
83.64474246585054,20,0.6216725084150821,3,0.27908186664424733,0.03263132357655496,0.0
36.089186037969874,11,2.064097892748515,12,0.04672130709377605,0.2916151711253608,0.0
89.4154432884492,10,5.575056725941795,2,0.2300975430368161,0.15112879551862568,0.0
50.604510132822554,9,59.06759855362661,5,0.30065164204952965,0.07020234009841278,0.0
86.23192912614206,20,7.986981348363031,3,0.021035830437221775,0.18816184189453145,0.0
76.76235954909907,20,36.104773973353566,3,0.4966804550458708,0.09964109924453296,0.0
10.214431323651745,21,16.271628400231506,1,0.04916347996693491,0.237533653210294,0.0
280.20215383035855,14,25.601025949936478,4,0.18675959863202168,0.19359108309608336,0.0
177.20663257197077,20,1.242197229240921,8,0.33900597781661945,0.14515875716990834,0.0
51.49233357082342,17,48.35518427805005,4,0.14761839484625872,0.1931172631836045,0.0
55.05911599578957,18,9.946444558628091,3,0.11004572788324382,0.13465609194635195,0.0
54.85230161757884,21,48.879426016437776,1,0.11970442748568352,0.12527232317881962,0.0
33.738732891796815,15,16.036499194095157,1,0.129963069746664,0.12265767082066038,0.0
104.41002445011178,18,39.506868366765914,3,0.1509472946737735,0.1041998294018466,0.0
62.58356685497007,21,6.308515355327421,3,0.1499711129700191,0.03912393657379743,0.0
103.56430832483096,14,36.48944369706389,1,0.16005773015257993,0.26031731537543173,0.0
17.778551007151872,10,1.3209012883327085,2,0.2834531913097022,0.1508465809347727,0.0
24.44024446131924,12,21.83282353631071,1,0.18309034530671978,0.37158895268301007,0.0
54.42583397247624,15,27.81787797198046,4,0.19630457717292013,0.14926153088623204,0.0
55.095637700966726,3,439.77058221646695,16,0.9817181892936631,0.8514642029596365,1.0
65.2764408774385,20,6.258650255932563,4,0.19120028999762828,0.10654115430416272,0.0
35.824798046385766,13,10.77737798722572,4,0.11770959845622651,0.17478811637446875,0.0
28.139038498407906,14,16.96555548847768,2,0.10668133835410783,0.3063396199239206,0.0
121.79620608915846,15,0.773534132101053,2,0.28443528087485154,0.06365079601211963,0.0
192.1301413371941,21,19.408291542001407,3,0.1506873358485367,0.2588291329443802,0.0
11.111451587753736,10,36.900043827950675,4,0.06775069848150074,0.2223570696864462,0.0
107.60274545548496,18,45.31100019876508,1,0.03219893672088525,0.11075408856661272,0.0
25.396185204120915,17,1.1269048259680534,5,0.06811991388631497,0.15596236867803814,0.0
189.27885168249333,8,2.9197716077584306,2,0.1653833061995493,0.1943917473796816,0.0
107.11775058941666,13,13.159211824707464,3,0.2452731105385871,0.3787845943179197,0.0
27.761822299695762,10,4.399810139882147,3,0.12983434992083173,0.21694244986228148,0.0
4.223622247981974,9,0.5160547515929996,3,0.09432096156463826,0.06722736388574528,0.0
3.182137661982651,21,20.064888088934914,3,0.051182734213003206,0.08726980006260415,0.0
14.197892328039071,12,17.464671058477922,3,0.10278397114806312,0.10796893688001256,0.0
99.62166126820946,8,14.962539019689022,3,0.21254142543322907,0.11052351633462106,0.0
85.8594775840109,21,2.071364511104942,6,0.32659792340300337,0.18463222257220505,0.0
182.59487409744986,8,3.1351686294043146,1,0.3258443664046965,0.12230539589803731,0.0
79.93840643124197,10,65.56230110153558,5,0.0634894105935869,0.0606893965273197,0.0
104.43297035283922,16,2.05623557566797,4,0.31309945122718097,0.08519061509838644,0.0
215.0928780454841,8,16.427426002918274,2,0.12892949077212423,0.09699024592840938,0.0
185.1386215586118,11,4.413705173638514,4,0.07990406498837574,0.0653186935512649,0.0
40.49139915800708,10,32.65839913796106,4,0.17481903221375164,0.20679829306361305,0.0
106.67922431067137,13,11.121540586035932,1,0.2559302723914738,0.20081791185355316,0.0
41.331785119049364,10,22.040736111967824,5,0.07371561350111161,0.16727493581710626,0.0
7.079252938294519,21,32.58705105922787,7,0.05195773803012284,0.12405324649501621,0.0
277.5868531593401,9,10.194063292231023,3,0.2970213643847776,0.15825926518631217,0.0
56.40651358272564,19,9.242551690962449,6,0.11896464255164506,0.20462245834472434,0.0
176.51901883880487,11,25.12087019590666,4,0.07153932250462582,0.08066383035382983,0.0
93.55668505267472,20,9.352757851590756,1,0.026824878193453076,0.10100799257094253,0.0
62.243869677380424,12,28.067290485299633,4,0.1497791729875501,0.0856419634925774,0.0
182.12677675832253,18,16.83496940198384,4,0.23211630047572554,0.13308252479705288,0.0
2.4749879118989773,19,2.453017403077114,1,0.042377846474653875,0.14621121890068448,0.0
49.403646561069735,16,12.362611209450325,2,0.09141980113489498,0.1651218752511662,0.0
189.23096809680595,14,27.29510853602787,3,0.04614245126327689,0.13635962554262507,0.0
59.27440621617086,15,2.0084296460957685,5,0.1188408335217404,0.291915101558347,0.0
116.21688197979024,15,26.51562681975244,5,0.38540927711704487,0.13508150552989306,0.0
45.253374723678476,20,14.865639534673319,6,0.1455028176852778,0.03287711513482803,0.0
88.95845764391504,9,36.454198359498186,7,0.3928849166364325,0.18623348749567661,0.0
121.07605109580567,8,61.62315195536053,2,0.09279391215535775,0.2305943067223084,0.0
2.4780049681179634,15,28.030645500462445,2,0.05230409022918329,0.09915909186681438,0.0
14.672158993150298,9,20.064405502354493,5,0.05002817918921984,0.19524106931334062,0.0
152.37813219824636,8,3.1355459065207447,2,0.2147376442394766,0.06734684610969671,0.0
15.069801298098216,12,17.901848192965183,4,0.07641211685508799,0.058220576803639276,0.0
55.95515620862318,14,57.000773783178545,2,0.4746952912131741,0.26760357198090745,0.0
5.619812023288664,18,3.7160767035789273,6,0.16585049581809042,0.027794342415145373,0.0
42.19772409357831,9,13.024131563714574,4,0.15677951086020445,0.17439381973628193,0.0
7.650955723225556,19,13.183743594284623,3,0.09285536200491243,0.19074870080945489,0.0
10.189791489240152,21,6.801858194609533,3,0.07683955819682829,0.10959376800705688,0.0
72.3515093096297,20,28.75471013328675,3,0.10755977703543623,0.18027417066610144,0.0
178.27431123544446,10,23.223763756607898,2,0.02760399331846466,0.19345890834616752,0.0
15.23219469303096,9,8.981131361606469,6,0.24885679902909516,0.2275035600574627,0.0
15.814116854040904,15,18.520660163459898,1,0.13800940334099246,0.06562739541719438,0.0
17.818868970295224,11,3.066307160065336,5,0.06226494688397763,0.20483260971047143,0.0
9.96047820419607,12,90.82633393792266,3,0.3245200889466911,0.3747839850628101,0.0
88.36476789454268,13,12.653047409829961,1,0.05375933996803186,0.23207125857495864,0.0
11.622162667166037,11,4.847361583537617,1,0.12196616460841532,0.11291593099221117,0.0
1.3385342190093221,16,23.709389531413173,0,0.23754209577352506,0.2278867423124675,0.0
8.515831359225066,17,6.959687281757381,1,0.016030867344965956,0.1979773813565736,0.0
9.042470681637635,16,5.059889348601075,3,0.16596386087276435,0.15038798759761485,0.0
66.65349937183666,16,30.19796237953335,1,0.23468074302724587,0.14481656687415323,0.0
186.5569889752943,15,20.263854141841627,3,0.13633770071293053,0.06162363121760568,0.0
27.77797015645583,15,28.248288903398247,2,0.29712821317662075,0.19696339501090912,0.0
21.347091342804468,21,51.33331391732918,1,0.040360087124499615,0.17556135053618008,0.0
14.857489303660383,9,69.35728587371128,5,0.14509730185845332,0.17739120414026827,0.0
141.24780331157226,11,22.959872311900973,4,0.10764558913864364,0.24717048498317734,0.0
82.98004547905357,14,4.500760028646568,2,0.041019575350684866,0.14310191121140112,0.0
28.11880205015442,21,68.93948652614975,1,0.2790721985573206,0.10435383251583728,0.0
25.95534739843048,11,22.787780067283574,3,0.3110234374646984,0.29742423627456455,0.0
178.86158714296937,8,18.222553011931403,3,0.354142785840771,0.2748122476475334,0.0
18.553815883940015,19,61.2234194169362,4,0.13682114169186346,0.2683405109255673,0.0
19.796332654444313,19,1.8887111724904202,4,0.2098172273445479,0.07278492898191975,0.0
241.93604160997862,16,36.78268051344401,6,0.13947972022398902,0.12456088888095404,0.0
23.26185278323652,8,4.463277562061613,5,0.3915970649349693,0.19265936417429225,0.0
95.25141862394733,15,34.416146910399746,4,0.2925360915706728,0.19988109284021163,0.0
117.8953635112029,13,4.614659571271728,1,0.26772534789491037,0.07634305663134408,0.0
25.204008536413518,9,49.30971095728724,3,0.1996374695790571,0.06620732973674545,0.0
74.73479786591344,12,4.95946150593838,3,0.21076358333467735,0.21871965115150474,0.0
91.79239687657855,13,10.196367558953401,4,0.3220209974711035,0.2821200800363741,0.0
107.37397669162634,12,7.1607252997921815,3,0.31768197696463346,0.25082348226287077,0.0
346.7317071669856,19,1.6882885383775381,4,0.16006180539232603,0.1056095102976836,0.0
5.437355214332518,8,64.19146149366176,3,0.06787420431834332,0.2750180079893265,0.0
33.873082759517025,19,6.161947195700562,1,0.13194300429697015,0.13054958729550487,0.0
87.46890183008708,15,12.41138812529935,8,0.3423211751006966,0.20460182935084467,0.0
2.9464294441242496,13,43.11908406316923,4,0.6373867142419778,0.14745032712159203,0.0
134.84981443057444,12,36.899675952904275,1,0.07577798432283817,0.16032424489343008,0.0
102.82846015648475,21,0.3746540624645753,1,0.5020185838462361,0.2818703738486249,0.0
351.99823832898414,9,1.453952636039736,2,0.33131096078969346,0.24403927035224177,0.0
130.95802040779185,21,40.01512007682038,2,0.06981441109710333,0.44748346858568083,0.0
40.97965275832179,14,3.3837160229617362,7,0.4393246161607408,0.08736448746417798,0.0
57.25255302435562,12,15.713240206142352,3,0.09757494345550485,0.3217988317286142,0.0
110.9886385855838,10,0.2663918486255833,1,0.3070282621768287,0.17336712595879694,0.0
56.28922624654689,21,1.737358287630764,2,0.12501668784795802,0.16435108457348216,0.0
105.58108949177411,18,0.21499120332964378,2,0.1930794253207031,0.3517796448699576,0.0
146.05744886547544,15,52.34275942174147,2,0.24133233248570088,0.3495327945041849,0.0
15.626663683235758,15,53.48051110282843,2,0.23780362781198394,0.28531477557158563,0.0
18.562212793048246,16,5.0946218150392255,4,0.3718058092311146,0.30685799750925813,0.0
62.119760542213704,14,4.48360051974411,4,0.178719889430899,0.3881262142432797,0.0
167.20424887142298,12,26.306129466224167,2,0.1515112988928835,0.2062231329833485,0.0
192.58512585289571,20,56.37241897209136,5,0.5008230368190304,0.24565724240047482,0.0
69.14813930821299,13,11.061818208966674,2,0.3317809652639133,0.11120038304231872,0.0
30.77229067080311,17,28.793306672126434,3,0.07262869667364097,0.2465137046534314,0.0
62.8815270530324,20,10.283573835441791,2,0.14219479872200544,0.3965549076028941,0.0
6.408342284014109,21,32.25526285030726,5,0.19831263710850253,0.19376152296011906,0.0
311.02898380871477,23,267.69363380933873,14,0.8542764446112542,0.8276006397997743,1.0
70.73231685535558,9,62.724714788906965,5,0.33601120502177406,0.2966493796028599,0.0
101.36186231370016,11,4.847053549633308,7,0.5667334089850201,0.32658350056003527,0.0
12.333810797140073,17,24.980728768231607,3,0.308758834542335,0.3007675514279078,0.0
399.91648607218804,10,25.040247335310276,1,0.21360283070890312,0.4467134794656225,0.0
94.3405491282158,17,24.266395117755085,5,0.03144899708723481,0.07820239568977481,0.0
36.77592433377611,12,17.95137942686836,1,0.5858261154703575,0.14275854316311315,0.0
49.1861054739266,10,8.879159817179705,6,0.29809495104993927,0.4201142015838902,0.0
117.09967386810405,0,171.10488205570036,14,0.8743111397401939,0.874487080572048,1.0
3.3381770174052243,9,11.487909567226307,5,0.20796448453952554,0.1044376067697027,0.0
12.033396336756574,11,25.400686959392722,0,0.029258863029811344,0.13472216452245517,0.0
900.9736354236682,1,296.3280281955322,12,0.6536687759467495,0.9625474088903372,1.0
47.90614619198916,13,0.09029313447733298,1,0.6344975975832199,0.11423616992018405,0.0
15.996464776063814,11,29.604278133289203,6,0.12514280351492565,0.25791742344623514,0.0
6.389116589049969,14,0.5881764289340328,2,0.25200554361514965,0.07928621100300427,0.0
56.39372910716232,8,21.648877097795744,4,0.3771272559522051,0.2158114707111861,0.0
35.34392005195312,18,0.06358693912040973,1,0.1064778672916148,0.05084300192321082,0.0
233.0557541919597,8,21.53969294280055,2,0.13404990552007046,0.2906912430337531,0.0
20.507627614649024,13,1.1675168858738725,2,0.053312606717131304,0.13964607022808836,0.0
168.94322966039533,19,11.151647211667935,4,0.16893384769078384,0.1391061799856805,0.0
0.5119581156662985,21,24.301032762782967,4,0.42690570634998726,0.10414387030207224,0.0
39.11669607848814,21,7.069434556417865,4,0.24380509360859856,0.2433041872033028,0.0
32.30024992503101,9,44.95873317840691,6,0.1860390288529662,0.43897342332869504,0.0
9.466024608892024,16,55.32049364934573,1,0.10455500275738747,0.04236317711823441,0.0
159.08236573265782,11,39.02688787113555,3,0.1576706464454174,0.07961857617517974,0.0
98.23022862269198,18,31.501518050890212,2,0.1487636566633284,0.32190747646451606,0.0
8.521856284124919,12,45.377499353511396,2,0.19419401442425946,0.06948430406905402,0.0
86.7386981572185,9,10.124794152334815,3,0.19247354649139287,0.0992742653622092,0.0
7.33789124579021,8,18.53720181881204,0,0.2646463429339579,0.1490752304441057,0.0
80.9363748053697,14,18.532322169081386,4,0.20410985059042586,0.28451505692649814,0.0
9.234090634483067,10,90.52576291164236,2,0.16128517625432998,0.152535129619232,0.0
67.20354444698059,19,11.32018521940677,5,0.3332778535944902,0.04579995249674559,0.0
65.91099959086631,16,6.952389708869086,2,0.30140173681207627,0.43706192433202345,0.0
5.179264372706143,18,32.80641485195542,3,0.14030546360789364,0.2714313239603503,0.0
2.5315633169043044,9,11.729500198283617,2,0.33994437685649603,0.21586546691976746,0.0
53.81175252340576,10,37.89915413937577,2,0.21122651058158068,0.16869818417213517,0.0
22.877538958068083,18,0.8450933742277624,1,0.11790775301823948,0.22841275147943693,0.0
11.996472489667482,19,23.636036630324917,0,0.41409202695497216,0.10266998090047849,0.0
67.06139231344966,17,18.930055314017235,2,0.4450312922225598,0.07124877228915522,0.0
50.984787523514086,10,40.70510170721977,2,0.26516695235240534,0.22109283572939706,0.0
3.467872841769,12,19.209611368671595,1,0.09173537685203977,0.10681543613412492,0.0
2.023099512905631,15,0.7577912772933082,6,0.18432635918687598,0.38419130589581524,0.0
10.651676777365072,20,21.879671043150907,3,0.3356143999362531,0.29806540761072675,0.0
5.309044063476773,9,6.5159532167202805,7,0.26482678002061305,0.21599457079259266,0.0
22.289561312915783,18,3.454646099261573,3,0.37757821331308666,0.03502204038320247,0.0
76.95478844407532,17,0.6372774549037041,1,0.15405368364867703,0.09495988934506218,0.0
52.930232752801956,15,22.53356284042568,3,0.22559207462587116,0.11991051563092872,0.0
55.55171974171149,17,7.785299539878153,3,0.1181119257275304,0.19088954472084124,0.0
176.23316270990244,16,4.665129000300065,2,0.2368900084079764,0.278871145424834,0.0
24.913477378057966,18,16.190548009297544,3,0.06641925455915178,0.3338232233532955,0.0
101.11622472291867,11,58.14211399805012,2,0.02373403750290457,0.24384958786056754,0.0
153.90060124585625,20,22.027362959161167,3,0.3713042445856473,0.31043405811346364,0.0
79.83824511884146,20,37.87291383983901,2,0.2891462408230822,0.10153288234776228,0.0
155.3343741097954,20,3.988991646545712,3,0.0656043522783133,0.12297861633927513,0.0
99.91953366662004,17,9.660327583109234,0,0.08174061323683801,0.07523290634843394,0.0
19.158519479475476,21,4.569118253287872,6,0.0975902390575882,0.15105512774562094,0.0
47.181085393782084,11,11.455495175424469,4,0.2510016955989958,0.11259251108403887,0.0
36.87155809498054,14,3.6761298938243687,0,0.23971192467365637,0.2431862252217812,0.0
0.9741564710160266,17,1.3912371827168304,1,0.08723193743890778,0.1872588257514447,0.0
98.40381214749857,10,0.020456449981711512,2,0.2201874265907667,0.0939729776370182,0.0
256.66780401529866,19,2.8939438241233875,3,0.2146318139316999,0.09827482939058209,0.0
68.35417153589358,17,43.73597394475549,4,0.17011821013608464,0.1270732581254566,0.0
151.3564861970721,21,22.12383796133615,4,0.2369346233911172,0.07587943392210841,0.0
65.05874662281502,17,30.92557499836975,5,0.20587641674935203,0.21715336869914595,0.0
43.52679506268635,12,6.742664007348383,4,0.11527674414153273,0.15412980660107184,0.0
44.71722605213726,17,44.748429645390715,2,0.11008972848376777,0.05553550025273497,0.0
18.077220338543412,8,1.4296473884556233,5,0.22985669371180906,0.2817259389481402,0.0
291.36093162639867,13,44.476381429847635,7,0.534136012003615,0.19034451550906806,0.0
17.42389286788262,13,6.038267478231471,4,0.2415509931065998,0.14346192277885528,0.0
192.0338309914419,16,41.52585720020329,0,0.2311878755254312,0.19110588187548702,0.0
127.43848466485126,8,5.088525265742198,6,0.2787261014182753,0.10922811792222263,0.0
63.65582769111454,13,30.436518278993326,3,0.09148574873039007,0.08855860469682475,0.0
40.58063949939444,20,11.914301188986089,3,0.30633020656247917,0.09525662839841176,0.0
5.854594900499267,8,32.7765997652035,1,0.04494665065465059,0.3099094356865248,0.0
87.93641896524667,14,44.6987835455767,3,0.0273848025480895,0.10622967695220617,0.0
72.7875448157194,13,9.516969813285419,4,0.09707204504476402,0.44719994062874235,0.0
241.1583029269765,9,31.763969992923013,3,0.19488595157212696,0.20642842519187432,0.0
208.9330210433663,8,33.82006916900365,2,0.4072662316132765,0.10055075108498404,0.0
93.19184944778405,14,6.944567783459843,2,0.21390754042253832,0.041385439548535415,0.0
77.01363477944574,14,5.840571883879173,4,0.15685880198547394,0.17953944284337786,0.0
188.60609470159352,9,7.9431305781341575,3,0.15495509762347864,0.21395183340949123,0.0
60.90685060597853,19,1.3246035592029817,5,0.19550238119201627,0.1604898577080406,0.0
130.2916526538503,18,17.74958443691164,4,0.2036910450574963,0.09914223351911544,0.0
33.23782514032273,12,44.13890028629183,2,0.12513737712237857,0.07048165473947605,0.0
182.92628398363465,10,35.434138540462065,2,0.04879314884067175,0.2584875003787784,0.0
31.23070423051795,9,4.072208895345944,3,0.2603697493657225,0.15619973642534396,0.0
14.087232931347538,17,8.540670685934478,8,0.163326007391472,0.3221595798612092,0.0
97.57586780326716,12,55.97347046982644,1,0.10138935046238877,0.08843814722285549,0.0
58.72887167273829,12,17.342119496148655,3,0.06535053638890682,0.05657895687214165,0.0
194.7644751618879,14,2.366526971732555,0,0.10064654871965968,0.06862939927229124,0.0
35.55691213424545,21,6.248781370468456,5,0.0691670323793648,0.23552872429403224,0.0
42.69330671672817,16,13.920924367912594,5,0.13750779801302926,0.07397249480736777,0.0
25.390814052335582,12,46.09872859083044,1,0.5534888315072813,0.01478880976409691,0.0
86.00360843280245,13,5.745120277366245,5,0.20267924254920944,0.24709672036670569,0.0
102.61443340360836,18,38.10403582360273,4,0.0752342650556515,0.007482951959512654,0.0
25.514096514402805,15,18.338470287450807,3,0.08032061906319866,0.38963574708393905,0.0
199.41598748301132,15,7.404830272441355,2,0.013748308166978696,0.03561527419916446,0.0
25.324835456706055,10,44.02201840018158,3,0.4781275274257354,0.05718424346758982,0.0
95.263632193707,20,28.905945989091222,5,0.3268307948121186,0.02803714742118792,0.0
74.46753968046684,9,6.171284352692878,0,0.14101248518090126,0.13590528726164297,0.0
54.465178520822235,13,38.26910938289966,2,0.20634303517678904,0.16768379888071938,0.0
278.6860177004804,14,19.31740722212174,3,0.29933844199587106,0.17941702295447948,0.0
16.349512053561273,15,20.484021837145395,3,0.27182611599629525,0.05729777724918803,0.0
5.753550755924901,17,45.239279718644326,2,0.17898189961952804,0.25678009047975625,0.0
25.999117919728448,16,11.906376311111037,5,0.18152953287595777,0.06399579985757534,0.0
278.16673732214196,13,19.75337304252854,5,0.271037554557975,0.11967518906371984,0.0
69.07658581566614,10,11.346774811181648,6,0.1648779619872885,0.14293870072300396,0.0
92.75238912199092,9,16.400295006488236,2,0.3787054946423498,0.23664060624403005,0.0
86.35122797574388,21,14.76818424245577,4,0.1379706398489533,0.3993357818798788,0.0
14.131624415467538,8,3.808428184372002,3,0.13626130511626522,0.2108024810981843,0.0
70.25197690984653,15,15.923618831255165,6,0.08055134783262043,0.15815888906310846,0.0
35.12006553369319,19,20.23790807099443,7,0.2638941879742436,0.10623092618606302,0.0
322.68211007744713,3,1226.3784160436905,13,0.6453511607836951,0.8856225666327876,1.0
37.08241919734243,8,10.123638592013046,1,0.11058407602745354,0.23202862019456943,0.0
161.5696510576424,15,7.103456541620853,4,0.161835530898558,0.234049908817679,0.0
149.20881225985065,15,12.8276062893839,0,0.1255259473726889,0.14546935358359248,0.0
3.0450799426231505,14,11.855677271114907,2,0.21952488441526316,0.019167722443893264,0.0
172.73898489347476,8,2.4910305147187186,6,0.2342405628970589,0.23516920864405416,0.0
48.40942606013704,10,5.610492830146083,3,0.16335503721027958,0.038871966628998736,0.0
64.85212741131151,10,3.684718424528363,5,0.21091205133907434,0.2415661833425354,0.0
26.9170265112551,8,10.558207111612308,3,0.19643712314328024,0.08914714035947995,0.0
45.35347000580393,18,10.298183617741692,3,0.19670763089681678,0.16971351983262226,0.0
14.791750162216932,16,7.307350962789489,2,0.147479243478638,0.13559983853115634,0.0
52.7721758043034,19,11.067539213767452,1,0.44698223526301945,0.09150156213988744,0.0
6.5363644363864895,8,0.4812786022410848,3,0.09965564064843457,0.2544289444032276,0.0
15.988285417771097,16,11.897443836841093,6,0.39167210591375173,0.4826411627539212,0.0
64.79853491261352,9,12.532912804541672,4,0.20138087549441924,0.15563020564971122,0.0
46.97386044064391,9,17.570669837045823,1,0.3371170168504755,0.27297944329315105,0.0
127.26556537666583,21,15.502256928432235,5,0.3422670898791603,0.051063604309896864,0.0
46.12570374167185,13,30.468348597148726,4,0.35816589880430516,0.17005972126677188,0.0
24.977040055878824,11,2.4992938991070583,5,0.07253640400209843,0.2964122173797089,0.0
0.05228834512562953,8,2.8001625825555236,1,0.28088951002661,0.1800359318484887,0.0
6.311624398098803,17,3.0422802326551217,8,0.18945135600301635,0.18607595158508977,0.0
94.23157106530309,17,47.262934031359755,8,0.23174363130372097,0.11918635913776258,0.0
9.145441533021298,9,1.659842528314413,2,0.13296568691251265,0.15475140056328532,0.0
32.93325684950853,20,1.6745126653301923,0,0.14691342003496416,0.19123283758134837,0.0
80.27890191661277,13,3.5716675338503023,8,0.12655861396469226,0.16382282540728058,0.0
49.076376356305225,17,5.822253916671787,3,0.09512391939611715,0.17577641130767455,0.0
6.107017804474966,17,27.54617116708136,3,0.1774208942141131,0.04688774490587028,0.0
44.923682842941886,17,0.09969778527034409,4,0.4627178612049448,0.15101708756210355,0.0
864.4052515490007,0,866.1960564807562,19,0.7698709458613793,0.38005950194196964,1.0
10.5770747912457,14,24.05988937770443,1,0.1298635696401379,0.07593642846885014,0.0
42.99754188623801,16,7.03993099647334,3,0.14016312226620448,0.03740468894774615,0.0
106.05077117238929,11,9.332039012196804,4,0.11902365189242868,0.24696680288072015,0.0
72.73633327816923,19,13.439073459091093,0,0.20020618630872278,0.23689452960132878,0.0
57.87751797016409,12,32.89087425297201,7,0.052595074020142275,0.18312562708536456,0.0
18.053305305174064,13,12.561936459674175,2,0.2280799658645028,0.18217511823565147,0.0
80.41100223532403,10,35.75732797581101,4,0.21333352848952084,0.16281827812521674,0.0
5.722854155234392,20,95.86431094065752,2,0.2041128239290033,0.14314576301380133,0.0
48.988662363505526,14,14.434508519116577,3,0.3920839285323755,0.0240044124932392,0.0
14.408144092060393,16,30.862977168373934,5,0.39558513435695825,0.17127412274582582,0.0
30.415391609579977,18,0.07167918633147034,2,0.07150766504852202,0.1404986363829874,0.0
42.64195190285598,8,13.48063857554038,5,0.28811166928798987,0.08461525781179326,0.0
172.11555007109152,20,2.077918828605913,6,0.22839565991031877,0.31479253178372135,0.0
85.60910015231157,16,10.270926708712807,3,0.18421683495581234,0.06988676283776261,0.0
283.654139021043,18,15.827866815240414,8,0.07530836468465307,0.09083433902481163,0.0
38.787515583579356,18,22.49026167030129,2,0.30984968656829404,0.08052013066117215,0.0
118.35870209932091,8,17.215778379380396,3,0.29049573690089847,0.04813076302869203,0.0
18.261298102582963,14,13.649523987389596,2,0.20448161375744242,0.21187900013956537,0.0
7.2803917401880645,17,7.5388359530835425,0,0.4009301263421776,0.20374573139994087,0.0
89.44615149508643,17,21.114497429341263,5,0.44883140720458814,0.04683101126932995,0.0
60.82917028057832,9,7.824410187052236,0,0.009611474658692937,0.17324775457872635,0.0
38.119151442191075,19,13.060888096389613,1,0.1345142574936649,0.08941130805831506,0.0
15.538061601869382,13,2.4896224929708497,3,0.08078355052279633,0.06323828013020133,0.0
133.6481170601462,12,19.306843245995342,2,0.10651572389137406,0.03829022326460451,0.0
14.294143396364456,9,9.037244651121984,4,0.1046395918485083,0.1242050289483564,0.0
40.89435835586522,14,32.08551543812769,2,0.1343250780377422,0.199450048719249,0.0
268.46434462559273,19,10.28767743754058,5,0.3662660414165278,0.0346300552273612,0.0
1.218081110791289,16,13.80835842518583,1,0.18054032807286635,0.07873026472741301,0.0
1.8258388744000662,13,6.151361190303107,4,0.22094942084993513,0.1464767827901037,0.0
197.29313700903725,12,17.569134631387247,1,0.21256824455247078,0.1216241134041097,0.0
207.8300970443294,14,0.4504846334468662,3,0.1995881207660873,0.30826376429996855,0.0
413.80956371131214,10,7.663235316898961,3,0.18669349963032839,0.20099766930948432,0.0
180.73358448247163,15,7.11484405253458,2,0.3469657640958044,0.0764973788998954,0.0
78.03371661596604,19,117.35134828571886,4,0.04678566496130895,0.1026109996526325,0.0
40.146109186918,12,1.10961491553254,3,0.18451559779029034,0.34347406903809763,0.0
28.921853480646618,14,64.75103762865864,4,0.30462842044626354,0.08080471264073685,0.0
9.376979785548032,14,11.045587907743196,1,0.06935118065955266,0.22176104633775595,0.0
51.42891241587666,16,0.6426149248079502,3,0.1373124213676101,0.16528166084976315,0.0
76.00676622817166,18,10.580106295447766,4,0.29868045528967346,0.23497562564400976,0.0
12.132047230440442,12,71.14594973731633,5,0.3847908410501244,0.369491838748509,0.0
125.127786667039,19,14.27708600769217,4,0.38602040188636133,0.12021354880066444,0.0
71.39572036560259,18,37.063598612591356,1,0.11099433566806308,0.2703655495620829,0.0
89.15317782622814,9,4.4291657603975665,5,0.44912663108027534,0.29297121521477143,0.0
72.44385603544667,18,23.091192916638413,1,0.04537169834019532,0.06075943940604276,0.0
33.9575305209089,21,15.811717023735268,3,0.17664040841854126,0.1997284438224336,0.0
11.206953384160926,11,57.9957945969094,4,0.6497736585514955,0.05312539208000557,0.0
15.332488721347389,19,3.8625898050737457,1,0.35375039464607,0.1154789689734797,0.0
21.68997188830986,21,0.3524499677948017,1,0.1396359195728171,0.021581710687142357,0.0
77.04014672468416,8,9.60642446171206,2,0.07041493931489466,0.26430495691032563,0.0
6.07117617710751,11,33.699807919228306,1,0.17646307031558237,0.07714668586126856,0.0
6.6079692369395095,20,17.012810559816796,0,0.29084457624685756,0.2653557726838962,0.0
166.18647030418484,1,199.2319792885243,19,0.8345982455546621,0.8466601909210097,1.0
54.26347466733547,21,7.540755004150279,1,0.18328627345734166,0.20737131412141205,0.0
23.677735133281868,20,62.80481811380219,2,0.21611923450615356,0.38158784350588065,0.0
201.45256372141174,9,7.008242712389203,5,0.12495992577536962,0.0862583190075234,0.0
47.601173089828606,20,11.169343113894152,4,0.2848582148555123,0.08072656710045281,0.0
23.10839144998038,21,24.374019906767145,6,0.06823061257076751,0.05744231610454624,0.0
154.88952408145042,19,26.06748046801497,0,0.0949236520023598,0.10075809014127295,0.0
93.57260288089202,13,1.3008296716918673,1,0.4400668741159771,0.10908326857584431,0.0
38.7465393886969,13,26.017485462322966,2,0.19556638699775616,0.18801454103365095,0.0
59.51422646886836,9,0.31961114004779945,0,0.10178846973334084,0.13597040552989403,0.0
113.5924584928288,10,3.838956389895705,1,0.3613046982808278,0.259784052081051,0.0
63.79702132464983,10,17.35184419526135,3,0.42439573474820336,0.24679014060101068,0.0
9.97288230442782,15,59.58556969535735,2,0.05632387171517711,0.30552724211954385,0.0
88.10312669219044,11,22.311842439785647,4,0.21120168071981096,0.315786508982086,0.0
22.116884252946836,8,1.700049247322151,4,0.15833013180929942,0.28814737828601195,0.0
92.2406415057423,16,8.307152193873087,1,0.021375274351137112,0.1654775413859269,0.0
202.75269736887734,18,16.66210665083972,2,0.16072522104468107,0.06698085099260673,0.0
40.70924113583993,16,15.433961319688208,6,0.2983350590512116,0.20500016212139696,0.0
25.14942445824863,17,4.174170588889226,4,0.11428150736066611,0.32384494929719576,0.0
70.89378260253912,16,46.480718158169516,5,0.2741683781408511,0.13061974657868733,0.0
1.4711910277786964,15,10.107728874844149,3,0.11940284933469379,0.1755005999480673,0.0
23.838300251111725,12,5.600461561161208,2,0.2652610594796224,0.16182747941279516,0.0
17.084078479607605,14,11.853751257255787,2,0.18684063994548814,0.19474323225055393,0.0
82.95750290362191,11,1.9953823654307647,4,0.6080217757444759,0.21966487211458,0.0
5.569952580584088,13,26.520427429459158,3,0.2575607266395365,0.21382385733129433,0.0
23.93944725986962,17,20.434713263657663,3,0.028183573933943384,0.5262999889090044,0.0
335.13391912965653,11,18.766787642941274,4,0.2624226813005809,0.2614738481924271,0.0
20.97880224415701,18,0.3247873235695014,1,0.15698286202699302,0.15022391345146785,0.0
132.7217865869636,18,4.59681553844487,2,0.2405775094013077,0.20830863141452285,0.0
52.812911580990026,13,12.619064312909744,4,0.28754639901737694,0.3376151731721047,0.0
15.244046637813797,14,5.857399356770404,1,0.10500984610212036,0.18918445327438446,0.0
15.813271491725898,13,3.9320791125418286,7,0.18550319399285195,0.11834714567993697,0.0
45.535860457699016,17,4.367613410650018,6,0.21010171867410898,0.0919707919900687,0.0
80.83815905739175,11,53.49009321310816,1,0.012442256457209061,0.1345493207387711,0.0
0.6154841816320241,14,13.048408096904161,1,0.2127970505443333,0.21147259176669483,0.0
55.44521342821249,8,2.531027181831801,3,0.13911299926043952,0.08505202269714468,0.0
26.460087405494708,15,42.93438552467221,5,0.03620180016475334,0.1332001324058661,0.0
5.664120513087103,15,21.539473275742886,2,0.0434528986509085,0.20436559687635214,0.0
33.15706978357286,13,27.835931051864534,3,0.10157805596759678,0.08294600195882101,0.0
74.6576685627212,9,6.780912001563591,3,0.03329260784568949,0.029018041323236286,0.0
112.02241204472101,21,0.1220377927176278,1,0.128433413960975,0.15840829890842356,0.0
172.92512779499137,14,26.411946341358817,6,0.10943637542645523,0.14984513309951894,0.0
224.84933471457674,8,15.658216537581648,8,0.1703727565737347,0.13172615939208196,0.0
97.67348782901442,17,35.537880331279716,3,0.2964296361498923,0.3332580635533405,0.0
141.0394413150696,12,41.608369550758255,4,0.2392363134647642,0.2603220170207298,0.0
18.79192249452266,11,39.35847367000789,2,0.5837030917775616,0.08190730247227922,0.0
2.993005267055666,12,7.820274422108798,4,0.2433594467719055,0.03757392778528964,0.0
147.06216744901224,20,10.324452316616025,2,0.32354286769699137,0.06520952744328026,0.0
39.838549404892056,9,2.785844933941969,2,0.10865304299524674,0.11487630465123233,0.0
6.334787215592986,9,9.736359214158679,2,0.3130130285176873,0.06422409243120487,0.0
53.655013993734414,8,13.976990642099592,1,0.26229042052260587,0.11599152008409688,0.0
1.9762730995324178,20,11.106534740648469,2,0.1674674090599421,0.14527259593978417,0.0
119.37963017105126,11,32.783278222452225,1,0.2997108412365762,0.05081290963342362,0.0
40.58198190914767,15,25.389233191941575,1,0.20360541276105756,0.1970217253792424,0.0
173.70893269794158,11,13.104319519506875,3,0.09346518138786807,0.05800110689014652,0.0
19.126020813174865,14,17.339530413656384,5,0.17509898920350114,0.09313705214622635,0.0
54.31817753871936,21,1.0179648747861738,2,0.18638000465562027,0.10630390241981916,0.0
117.22264721650086,13,17.428801235824302,3,0.10837196393447819,0.23220286101848644,0.0
57.889444609386146,15,5.690245689477606,1,0.24715411657926067,0.22917722932255136,0.0
63.99863683362397,8,40.07789831921362,5,0.13277753363615818,0.2837293373522655,0.0
37.044420838025,16,2.866857985726732,3,0.32405060686233295,0.06770466757703027,0.0
19.744689893560444,20,7.32293827849767,1,0.46701531301583105,0.17075009253972045,0.0
34.365409264931515,12,9.683390051421823,2,0.2920757513013371,0.12162281326420621,0.0
69.41646764235739,9,4.938336991224183,2,0.05289589961496497,0.1140662233469379,0.0
67.49708451089144,11,4.408555568353453,4,0.283161152335258,0.061160241073781374,0.0
58.26366665721505,16,50.083787757031985,3,0.0164664739463931,0.15399855507347318,0.0
42.476565333925784,20,13.107046300030849,2,0.13497147720899835,0.20139943113391412,0.0
23.0644905754581,15,33.331389612704804,5,0.18660072317585025,0.094306509125032,0.0
53.686839960708795,16,64.83478122684966,1,0.04564015535917075,0.10413578327889382,0.0
151.74791133250727,13,11.742059664453295,4,0.10234853473125201,0.12880342937495565,0.0
89.2917291570378,11,5.286232056749549,0,0.20074528595312474,0.21580232869759117,0.0
135.76518005040424,21,18.034026854253398,5,0.37717180470764416,0.02464804213589965,0.0
10.205048262782501,19,6.698151473904227,1,0.054581960573603254,0.1368458332022667,0.0
1.719909132820905,16,3.494699469432909,2,0.2593957578803509,0.14659535207974522,0.0
19.105996874425816,18,11.110584027593816,5,0.10485790862640158,0.19693163315334516,0.0
211.44793478046026,8,1.9894548692981437,4,0.07535451504770087,0.14887783363196866,0.0
35.470770077504234,15,39.654027481569834,7,0.2736791101386601,0.02456891202985974,0.0
131.78786330428528,17,19.094981657226064,2,0.09642332068219926,0.08019892885874863,0.0
14.500126209745316,16,35.65489865684795,7,0.16278769717077146,0.15828716847691973,0.0
35.04673667495194,20,3.4009110254259545,5,0.20488605150628816,0.1569999764797191,0.0
2.0540331802222194,9,3.4952752340038185,3,0.19474246026148434,0.3003744020482021,0.0
38.365777162476114,18,22.03277433419665,2,0.14273901019657984,0.016463944894949133,0.0
35.35277753840799,11,6.015371531549903,4,0.17408840675329484,0.2601428794845925,0.0
229.04968981529197,21,53.066438221766575,4,0.21484177786768324,0.1184557542124602,0.0
407.28330111539685,9,12.982148509526315,2,0.23604307912953038,0.1286584769565687,0.0
512.4378304507314,16,10.76905864287779,0,0.21435547033552454,0.052853596028445554,0.0
67.40184963049094,19,15.477281040271514,1,0.3561537813742412,0.1773733780567754,0.0
23.866189604919114,11,0.3113596472456599,5,0.2831110193559228,0.17329075923070664,0.0
14.883035208367515,10,11.636272687913241,5,0.6158538632846423,0.14364685617450626,0.0
108.87942610852735,12,3.9098868273604026,3,0.24628350538657104,0.06124955992263648,0.0
43.336200527449066,17,2.3513663688786277,2,0.2521480323870568,0.24222141728896596,0.0
14.696001697189425,8,24.14420442071799,5,0.27209894842958876,0.08410861235603839,0.0
120.95466643069625,12,3.5412499398799775,2,0.05181285639020323,0.1738116660043387,0.0
107.12764258987205,19,2.251005756600418,1,0.029796817822233132,0.21441228394486242,0.0
30.34021525281414,8,18.29725464454392,1,0.23687980257494554,0.10612244851391385,0.0
136.68289968835023,19,11.31562505809115,5,0.3756514900462033,0.04380492976215048,0.0
132.13262535948647,20,2.436332845156614,5,0.2797214897051009,0.32264885629120943,0.0
76.42290684383694,21,0.31722210581535376,4,0.07598763283836524,0.10540480682135407,0.0
38.90335456789549,19,4.702668467105424,4,0.03472311042694615,0.27723624496888144,0.0
289.1813466399394,17,11.15215419242854,2,0.14474161303623156,0.11670542871729205,0.0
49.233293720479324,18,70.792182323009,3,0.10182580752154952,0.04003421938548043,0.0
39.79466459303791,20,16.2817296836075,5,0.1383928666229613,0.20405429745569703,0.0
61.01736834822951,18,14.087634292833922,3,0.27448309987558067,0.2883760438639589,0.0
30.618457313465477,9,12.305296707625285,4,0.2968689023939443,0.08692484592540926,0.0
40.9599939502337,21,23.03291920296434,2,0.2520986772531167,0.3243182994985093,0.0
17.35057555686695,11,0.6912351429834674,3,0.16661337847546961,0.20781578605508974,0.0
19.21416066800423,16,5.722101407155751,3,0.1508937140900388,0.050739106849727926,0.0
119.419211222814,16,25.79818792016247,3,0.07017139932161712,0.09693262334146308,0.0
46.0255650262745,19,7.939672466567258,4,0.12307687813889384,0.3870753983417933,0.0
15.971444380412631,8,27.082950155562003,6,0.4941852129161721,0.6524943715957112,0.0
61.35276663518752,14,35.85996050369125,3,0.20259954758205598,0.036030652152381236,0.0
162.2448506501774,8,14.947793058027404,3,0.3172682440335731,0.07182213694338933,0.0
116.60202072891663,8,13.106373971023428,5,0.18558026890587503,0.15201647896266343,0.0
2.978747348613773,12,37.378242764960504,4,0.10562671724914761,0.06411976857047996,0.0
217.1448883793567,20,4.464539536319553,6,0.22124191249227132,0.1240721468666775,0.0
161.25447854965782,14,12.621685653907894,2,0.09584899126218209,0.2500570342127376,0.0
33.920423919597724,20,52.23659437994864,4,0.19045341868045687,0.08402098036740602,0.0
20.831441795580076,12,18.90188256469828,2,0.38801135346209514,0.22537667427661476,0.0
222.89018122089925,8,117.08206905180576,2,0.2731320557316898,0.22573654347076777,0.0
118.67443617024897,17,18.764808500127515,1,0.13321829488181014,0.15334372195554385,0.0
116.73247772904398,10,41.34601813575855,2,0.2095187950373608,0.15584997140286727,0.0
95.27922516891381,15,2.805102376030969,3,0.06683297393798762,0.1753485857002115,0.0
15.584945398648635,15,14.715834892149797,6,0.4628009426495539,0.10961777176819691,0.0
131.07413474920952,19,10.114501818689604,3,0.2911115302370129,0.24106306445308726,0.0
114.51136900829816,17,31.885839427075823,3,0.2542548014332814,0.08447298142260354,0.0
39.835093925891435,14,15.404000680669833,3,0.17464881573357194,0.14597297891888544,0.0
245.69270573985136,20,16.657926178377032,3,0.12770422761168507,0.08218819549530196,0.0
13.609659325828332,15,1.162826914081964,2,0.3370037439934673,0.061931981990974494,0.0
107.00071613324525,9,3.553274850061464,2,0.02747416451931583,0.34956900945329256,0.0
1.463223465325212,20,58.312992976325674,0,0.16927137000963638,0.3542288588644113,0.0
57.2874589546323,11,0.5301311535189606,3,0.23273538842641575,0.1653704675341501,0.0
74.86890382744721,17,19.490372266976436,6,0.5197981751204664,0.24292543499013897,0.0
118.3845664768412,10,7.952012819743705,2,0.12633926551876706,0.26838401377821214,0.0
191.25610259077266,21,51.458853043538674,1,0.12635869142949865,0.08343924362373013,0.0
64.98882373693525,21,0.781209830054066,4,0.2315010278563709,0.15391676424136255,0.0
75.2902845179464,19,47.48084674978304,2,0.20551824583705847,0.06570148836621098,0.0
98.84280986854621,20,7.230015550500415,1,0.18730136746925716,0.06522663209156099,0.0
49.41034746923033,15,62.531793503278905,6,0.10865250199725884,0.16910356063884158,0.0
27.754687089001347,12,31.944503744291147,2,0.1498005103154295,0.17398455286350745,0.0
25.551111372004897,17,25.936711700128036,4,0.05431754020014542,0.22957477539540455,0.0
16.1510239682529,17,61.74143777253673,5,0.08038045197113321,0.056542162481323543,0.0
35.94332778318445,19,40.31266608639284,2,0.4598737579197842,0.06719150583001635,0.0
211.76339246924493,17,40.217535578686345,2,0.141666642954001,0.048464695414088925,0.0
988.2680675535418,0,334.1503503015448,11,0.8165073849090267,0.7998030254120273,1.0
94.01700684375024,15,41.17916354811814,2,0.24315888064617425,0.13789672027490218,0.0
122.33856499852136,9,8.995499938401824,0,0.14328450364595768,0.09071351803172477,0.0
78.01756949251943,13,2.946399764755976,4,0.21424845026474607,0.17739904109080787,0.0
171.24843522738186,13,21.65765761030963,4,0.38445924331427805,0.13513179249278964,0.0
107.91252828384754,15,18.69059361228033,5,0.37497079758945384,0.023437493398065445,0.0
264.7915027987982,16,5.509893156456062,3,0.1803884945854595,0.15088657119563784,0.0
32.903353149498436,9,34.946255355522155,3,0.04889718955789749,0.08735333472850358,0.0
211.190843368326,14,17.374754113668217,1,0.22328746114543446,0.11618615950275606,0.0
25.06662372899659,18,3.729732229293595,4,0.11603214766439264,0.1494890737106588,0.0
146.5371985735139,9,35.74845927409453,3,0.1083977254924431,0.07546919457647468,0.0
93.34228768457515,19,10.043513162099384,3,0.09904170326064053,0.11448060379179825,0.0
32.07220270013274,14,35.84214828763149,4,0.10809452032082945,0.028848115638918537,0.0
77.42204060502819,10,7.413396446734554,2,0.06507922055238374,0.11393840250022,0.0
20.001050328489786,20,19.750695252920508,1,0.10227022154193328,0.11666410947621687,0.0
45.95746743942477,15,2.190275114018552,2,0.07530154095531409,0.21475074075595074,0.0
4.494685532519753,8,4.063711876574026,1,0.08995802680438016,0.09275824229349522,0.0
136.2055824556677,12,17.45412646166129,0,0.0840036079772076,0.17772246500781377,0.0
28.52475164997393,11,15.671072220562582,2,0.1578270754327572,0.07208854785523476,0.0
24.067175760809363,17,25.718806659216913,3,0.06710667672161255,0.3365965565826409,0.0
69.86284016358803,13,6.698556005230381,1,0.10877873792699728,0.2943885162998883,0.0
149.08208320778218,17,34.32675444046097,2,0.4406018970632506,0.010122306993085344,0.0
223.0742428723666,16,7.179168337192262,1,0.3027250462654122,0.03345276697952658,0.0
65.09600787111663,18,87.9162277600792,7,0.15466415391282975,0.3145198680199417,0.0
95.42965924207665,11,1.8077880480901576,6,0.4990020407830587,0.058049740938118724,0.0
134.76244049487667,11,5.511857212209804,2,0.11345154404251191,0.48143675939335695,0.0
164.36026577143483,17,1.2651611072612385,3,0.2625485833628777,0.023624395692963904,0.0
51.90752133934233,14,0.0708578468214664,3,0.2309370091342167,0.2262475863189074,0.0
67.43202900475251,10,1.7186136905276928,1,0.2693911922220601,0.32018007980465424,0.0
126.61521886901872,9,79.88531153220497,5,0.22634513864900452,0.3549036352162818,0.0
356.6849316015023,14,34.535082165304665,1,0.21699165349424712,0.18066319241608647,0.0
19.44124375730378,16,12.71067384591537,2,0.1800716774023177,0.022715228119040715,0.0
95.56502860264649,20,21.642062007955495,3,0.1426830767052361,0.030221165347286173,0.0
158.26114166972576,11,82.26141336766443,4,0.18767752643704705,0.07615087464563197,0.0
86.18861766438494,14,24.050074975108853,1,0.11874289326159664,0.045725915104311184,0.0
5.407194839157946,10,11.056543093402382,4,0.420637892567893,0.022761673776645792,0.0
180.8193696709704,19,6.037133610846947,2,0.1637507513791596,0.24004843107949717,0.0
108.60303237994574,17,9.944100862953697,1,0.21002241938202237,0.1325111769032038,0.0
9.25659422558116,15,85.09987564974467,4,0.08877770701365746,0.0344589768674167,0.0
10.352672481920749,8,1.2228091112390753,1,0.20108081988879362,0.18604532237775837,0.0
141.15130559728703,12,13.73162088572066,3,0.27421419212256287,0.41613576433619537,0.0
15.328337803130701,18,11.244320393890806,6,0.43246224548874884,0.04236532129401131,0.0
22.039604651116246,13,1.4920886218432141,0,0.15726554801818152,0.21193538680313723,0.0
12.896928666809513,14,14.679305336628495,4,0.40926915988715457,0.08981792186387721,0.0
86.90046388519843,18,14.531777114500324,5,0.251338839838818,0.21351140912356875,0.0
3.295000476555435,12,1.4933149064546527,3,0.42686730685520285,0.10084290403910273,0.0
41.90990179918333,10,3.20597908320904,3,0.16870809765861158,0.17307036568972273,0.0
44.65757975136816,10,0.5329939256345186,1,0.26715593189822606,0.1677873120672142,0.0
2.368292784180171,10,18.281797352078613,2,0.3147112763976573,0.037268924306486595,0.0
38.268109191904415,10,35.25697348604189,3,0.45722829293976247,0.04346586500343616,0.0
33.87686219386125,21,27.1471980772629,2,0.3211744097696845,0.2251751988584728,0.0
29.44544704110247,9,23.376079849303068,2,0.09170084070281305,0.23427145081154616,0.0
2.515603578066923,9,12.416166118945629,2,0.37334541950797673,0.09858614424229806,0.0
8.017537829100274,15,17.28905721894288,1,0.21548712907099388,0.0809277520046232,0.0
0.6683796900195886,9,14.229616659514674,7,0.06029517187898903,0.2049751665699337,0.0
89.10835520380263,12,20.793508563593225,3,0.1639484003570273,0.01733310286236412,0.0
7.895683134988845,13,49.26865097324706,2,0.27581712657671575,0.39089388139038483,0.0
84.86856966825074,2,1.0744247010832517,14,0.8150319513073799,0.8125132474602683,1.0
15.684691215939857,19,17.206116454104084,5,0.31773654568599,0.24934109080935946,0.0
1.4720675666160021,14,10.36252517268843,1,0.08878950398992029,0.13050846625108817,0.0
0.5125078893932133,10,12.111073000676654,1,0.3991283744843008,0.16253963129891594,0.0
10.993449930926648,21,54.60560015241401,2,0.1578047389237076,0.1910001020949445,0.0
25.758499116914688,18,26.90492439517804,4,0.2799304820240944,0.06737327574382213,0.0
54.03962828511797,11,28.836317719485407,4,0.37958746698797824,0.09618579624740337,0.0
12.068072843039776,13,12.701186850205437,2,0.19440831183319715,0.2118290646504829,0.0
37.149373136062295,11,7.82683290495083,4,0.1410349145843472,0.21120890606160084,0.0
38.51733365729787,17,10.592048386925674,1,0.15219813558001621,0.06725116922818766,0.0
40.469042125973466,17,24.631671403836343,1,0.17763847744037184,0.11666229880840844,0.0
15.425762291084173,20,16.125881752699563,3,0.31586186629729224,0.1762234625514262,0.0
519.068063916059,0,1542.1767118107969,12,0.6828033465665669,0.7580581353612126,1.0
27.113725170697105,13,21.369705047178357,3,0.07335447448480227,0.37123095871104284,0.0
463.3938155228853,15,21.029898264949182,1,0.048099479460595014,0.16150574269246362,0.0
1.561348133590169,15,1.0896679900600352,4,0.04107747998341399,0.21823837022328235,0.0
47.63716684511428,8,4.251328980317691,4,0.26402243449288376,0.09269041028039815,0.0
62.4070204543837,13,20.657976248760733,6,0.21813243021736176,0.08101092576722366,0.0
468.12230093255835,10,3.442511925366511,1,0.09427529164258648,0.0827875229528827,0.0
98.87530208536957,19,0.8914746740253504,5,0.2614312406203499,0.11895147145452062,0.0
13.466421308135901,21,12.42620493846699,3,0.18948082162837676,0.2423542367575276,0.0
74.17990821254736,9,45.881485944602375,2,0.28503110266169146,0.10812325726809797,0.0
0.25787626817877,16,11.937940202835309,3,0.09491119162936483,0.25689607714913254,0.0
155.3079562540351,20,43.76002779238426,1,0.19539728700072542,0.3340438274763195,0.0
7.523714343173415,19,5.323388499858256,4,0.23707194981283589,0.19892551716116638,0.0
31.477858123370876,14,11.59543303565872,6,0.05733394559473138,0.3565435828421194,0.0
122.30181525681219,14,1.50357456578516,4,0.2716740698590273,0.15679831801135688,0.0
1228.449959631041,3,218.6725391426647,18,0.977288410023173,0.4603415923654241,1.0
10.618283346888443,20,14.817042117620517,1,0.2582411365584993,0.09636636575368851,0.0
10.732832582749992,12,59.50971023901915,4,0.21526586823442292,0.20420829862774031,0.0
121.26710786791996,12,6.998544651731175,3,0.10915060533376675,0.32146619465751586,0.0
27.086732643629382,14,9.392103490422276,2,0.39911251004772696,0.3329202244808829,0.0
126.85231837861491,8,26.593486715554533,3,0.10977860166817344,0.16468692515144348,0.0
29.07054956734294,9,33.11306134402487,7,0.18753527006199855,0.17911569277489534,0.0
15.52436025664774,9,13.372276135746704,1,0.4677305545467681,0.27858842049520094,0.0
259.92734892054034,13,20.58771394054121,3,0.324253462515245,0.11834288163874469,0.0
106.12387470397792,8,13.06048182884113,2,0.14197533710325805,0.03552435066625611,0.0
335.92125799439606,14,12.957273621958919,3,0.33016265230344594,0.10655456345653126,0.0
86.1691143672821,12,2.7845617402585745,3,0.17006811514364395,0.23569085087982236,0.0
236.18271455310563,14,37.86312434899576,7,0.6118821786908365,0.025993443481384607,0.0
68.56507107833977,12,1.5626595630251754,2,0.10368291301367531,0.2921323772925106,0.0
1.5503071573157041,13,3.5975448488851463,2,0.09338658318664274,0.08633275089987437,0.0
27.53783940431532,20,7.910959591720238,4,0.2213636209129402,0.37172860626035437,0.0
164.32284456019187,18,49.1748742866314,4,0.08228057754899004,0.09472384844177878,0.0
88.02005132945624,11,10.210928566566789,1,0.13760351015093508,0.24344868526508617,0.0
11.549836447624745,17,45.50782932154371,2,0.22268191310931731,0.2607868304393141,0.0
83.90190514422144,14,32.764504288568716,4,0.17482488582107228,0.2048335203946087,0.0
95.11812016249154,16,0.17212275209381397,7,0.24823209201693333,0.04982683766674982,0.0
97.9999802504004,19,14.68700727665112,0,0.119303058021912,0.11058644666544387,0.0
165.47603169002784,21,18.425452149047217,3,0.3075489097378919,0.14751505922749408,0.0
39.30350358222247,9,19.533458514072287,4,0.12558047199308617,0.18030158905505808,0.0
185.63876987998134,16,5.828686367887962,3,0.07116768016352717,0.18775724409082525,0.0
46.713839066767136,9,43.943660899063886,2,0.1404733833500992,0.14715372019272424,0.0
26.14265193413056,16,13.955224886451669,3,0.3047590709206252,0.2517843718942117,0.0
4.410138316455297,13,37.398776087808,4,0.24426295914018836,0.19769984024413037,0.0
5.476457448182414,13,9.672733472012169,4,0.08785019542190944,0.23074694458151965,0.0
47.4892629608187,18,6.842416010071117,4,0.3225864486348962,0.055903073821996434,0.0
68.69617198820481,14,40.41998482023301,5,0.09926309209166218,0.32209839313320776,0.0
29.660502257794597,19,7.37976593531851,4,0.09638133715315333,0.17240934114755646,0.0
28.218937595618936,12,7.266391766734806,4,0.18524655114676408,0.08581673566927137,0.0
37.839608625185946,9,11.271079325349941,2,0.06576582607721318,0.06950950234917372,0.0
48.00743171458344,8,6.2141545672770455,3,0.4256163628743133,0.14548083531560108,0.0
54.27930341338878,21,43.37890899416034,1,0.2581962584381457,0.0795542114097439,0.0
183.05844001420044,8,13.194706723296715,2,0.22751784559169996,0.03374647306166839,0.0
128.6684256701425,8,27.922208140796375,3,0.421355237053691,0.19511835222216434,0.0
53.63193242620814,20,10.786190634209232,2,0.2741907206385158,0.15637887804612374,0.0
39.96384983069315,12,0.1303240078829721,2,0.14456348802219518,0.18776989105003034,0.0
91.18271890793422,11,32.8346028635356,1,0.4417192358064035,0.14040107420250594,0.0
197.66922113004242,11,20.305811007939898,6,0.08226771056543544,0.21971815646313314,0.0
54.93613719935327,12,33.26906517400408,3,0.2181502478749238,0.1082054792233651,0.0
20.910099295782857,18,57.1551604707189,2,0.01298943699400605,0.053609894735017094,0.0
329.2238462125562,19,1.8173850822606927,2,0.11976640166840247,0.08505580421387185,0.0
96.97786518861905,15,10.016774152738586,6,0.2825937775288228,0.1313654767266188,0.0
315.97526330685463,20,4.155519507914531,1,0.31717437144224647,0.04735903442375333,0.0
19.356822159403997,12,6.00118002271203,4,0.11449301493720156,0.2343608672665357,0.0
133.09181783968688,13,41.57913807914084,0,0.09745066330278854,0.022097234903168873,0.0
24.068216321746103,21,3.2191691579588295,1,0.43361900197497466,0.11089508767963242,0.0
51.621084113766656,21,40.00727897009633,4,0.22365787029225034,0.1981300860881714,0.0
47.35049480688709,10,23.735038673812923,5,0.2689015257604573,0.08456010917340204,0.0
16.519339636366432,11,162.75034376164723,4,0.2681895629223966,0.13992412806377347,0.0
385.89343604251445,17,0.7474757077040551,1,0.13624291733642524,0.15448052188558395,0.0
231.2356999334426,20,17.277873024872466,5,0.07659195919986979,0.18309057736749934,0.0
503.1576588265141,1,549.6133699090292,12,0.9324391026949682,0.8868980991489368,1.0
39.25910960281196,14,7.6241441031629185,2,0.19204744524639658,0.06971280632802436,0.0
18.744724740207662,20,69.163964060676,3,0.12268880945314466,0.30756781637996766,0.0
130.43885568268382,12,12.07186140568452,7,0.15427260284822455,0.10394778729146903,0.0
244.29436750768042,21,4.729115098934532,4,0.4077886838825764,0.2619097276896914,0.0
331.3668301160939,18,28.953709146105588,1,0.11824988967072422,0.2496793580889961,0.0
120.41532891471076,12,1.708140694513963,2,0.1993481322921213,0.2111877065062151,0.0
175.2249778562993,13,9.58928874525061,1,0.1404450234506873,0.38253013709712175,0.0
71.8839594986146,15,6.571559327843853,4,0.3494489821425588,0.11936293859523771,0.0
124.31920109568577,10,45.35842903910867,5,0.2948172873164668,0.1742170383386296,0.0
96.03800189257448,18,8.843922250775385,1,0.2554543209509198,0.26450084722499906,0.0
165.91324091561563,17,7.6474903953742315,2,0.17247070558073443,0.1392845443753005,0.0
18.929207298899883,18,3.637913754799067,4,0.27578029971151863,0.10307110892120998,0.0
199.73950141653296,17,26.452000394198617,2,0.06873688987036422,0.3718274327559249,0.0
33.461824413522564,18,10.307105665751745,2,0.11804373956765048,0.17067308073106827,0.0
38.12605245237657,9,17.905733988681884,2,0.17372293501787292,0.2672941395158982,0.0
99.6333831118831,20,7.408503836187598,2,0.09813957274911371,0.06176585355607078,0.0
108.4622017302717,19,1.4875621965287928,2,0.24037463950194624,0.15014946621403852,0.0
43.00349385606911,11,23.436997303557323,6,0.11300175051301782,0.06771388437410412,0.0
22.20900668556847,21,16.528012482461843,3,0.04834414744161573,0.2468125765755729,0.0
33.39263051286381,9,4.614033934964628,2,0.2916588919241826,0.06239071985663384,0.0
56.329389557656164,19,8.343752395144561,2,0.2842226512947879,0.15184182873361213,0.0
6.972322026692588,17,6.010004127858986,1,0.1789514659941227,0.13969111984744836,0.0
41.2948981103094,19,16.708580494327222,3,0.37598236544026814,0.2199739850968347,0.0
78.12699870454463,10,13.464214900990886,0,0.08169736184717113,0.19631737275044875,0.0
53.26287264330409,19,3.2115425067360226,2,0.13494115050059807,0.21495320752922575,0.0
87.20974873189697,19,1.4068573828981743,6,0.18066529324592756,0.15390175114094276,0.0
72.06895599104006,18,2.204035721610906,0,0.39679510686394637,0.1973692726435835,0.0
103.55723437816945,14,57.99646860153642,6,0.34151298047134837,0.025000597646032335,0.0
146.03549085298587,18,12.974096040195306,1,0.10431761542306292,0.0871880161653485,0.0
23.717676807398732,15,31.942027102445177,3,0.07612204467251506,0.14485131568948675,0.0
64.83986392924965,14,2.3950081044207456,5,0.31465289957343284,0.1291075521656406,0.0
20.0794379093364,13,11.739315754592969,3,0.522180250455767,0.04700633387599398,0.0
27.194925346630757,16,67.27809955354648,4,0.4117968327343053,0.088813755566201,0.0
129.81819115343933,10,1.2987887149709674,0,0.21771035959359455,0.07152348744473097,0.0
105.1912956656509,15,5.60036673433442,1,0.2873725774354603,0.08812981852015739,0.0
859.6000908629209,2,742.9695037676164,16,0.7512372242425989,0.6814648180981918,1.0
21.76388977671962,18,6.961706707023292,4,0.0555070015202318,0.16284848766834012,0.0
44.33948635259311,17,17.213443917826524,1,0.16525529070160216,0.08686803714968913,0.0
6.198069504904721,8,0.29281580998277107,5,0.28479337045725217,0.13160533845708797,0.0
8.917747924104921,19,14.96243942714619,3,0.20478755490247197,0.1406034358009583,0.0
275.01240022698744,16,0.514987461482164,4,0.32057370321485607,0.31638573738035336,0.0
187.60492183851534,17,4.718898690806222,3,0.06791832860141393,0.3665809891550801,0.0
10.798228574482021,12,3.3563822183837577,7,0.21720053693888386,0.28834114737340555,0.0
59.17430710218136,17,13.874862137535008,5,0.12249383550790369,0.27898692754292914,0.0
89.30315202043755,13,12.617076208805116,0,0.24427047973312918,0.10719391314594212,0.0
56.58936796469057,14,12.366055628271997,5,0.0693698914800767,0.2946410764438997,0.0
285.423851063336,19,2.682612727912843,5,0.057137351678535536,0.1357382141281115,0.0
475.4611346661862,1,465.2074925013492,18,0.8912734207567764,0.6762773207517959,1.0
110.47119423344643,16,8.739723501839302,2,0.13024419851032096,0.22076017053095884,0.0
139.92574393291002,13,6.259381398447987,3,0.26887806776510154,0.05492738681347302,0.0
21.404678345413476,12,30.415737642694207,3,0.08536773241680794,0.031737468871513796,0.0
5.600547710195309,21,15.581142229855264,0,0.28718303439216397,0.14614487289538916,0.0
47.880932627670454,17,19.153580457853256,3,0.22776340094077416,0.12992933365430576,0.0
59.582759978568006,9,2.0747315251792258,0,0.16775378427085536,0.17456903602185084,0.0
36.650358596538524,18,42.25752179617408,2,0.5799706615854195,0.0821933670474445,0.0
63.072597944303396,13,20.851081942920633,1,0.5084458516865136,0.2318634109334698,0.0
70.04430217622948,13,24.520946764203583,3,0.2360697914502984,0.2398750059678463,0.0
23.83014585779805,16,55.086159941876886,3,0.3420556517865046,0.05975931496738493,0.0
41.3476301423791,13,38.837911872133944,3,0.14489771678817176,0.08114954843700001,0.0
45.04475175637262,20,11.679557074011107,3,0.08817866907117017,0.18068341071960417,0.0
181.67793001026862,18,2.7294147680501126,5,0.023378082033535495,0.31737836022535576,0.0
23.320014118129176,9,2.3140889716151145,5,0.3277277671064711,0.1576258646886686,0.0
36.825005040028095,13,1.6385676189103897,2,0.07500189047333711,0.3143263466994021,0.0
120.09940323637005,20,10.309265030748831,3,0.08920870238118715,0.16508648567581255,0.0
159.21701775158039,14,12.689990305301894,4,0.1318306778806236,0.21746333550000968,0.0
46.96525387543224,14,38.58544507735697,4,0.22506342860313688,0.12977484695244848,0.0
18.276823450485015,19,10.241476303576931,6,0.2226989011005139,0.13165996322572468,0.0
63.248509055112045,17,11.49392820185092,4,0.3021759320903226,0.16406032772579218,0.0
48.0844910370228,16,29.59093967243703,1,0.08170691695485316,0.11370174212391448,0.0
6.40602746435062,13,19.53092274799818,1,0.05577921080424818,0.06884447216140709,0.0
5.894727708547283,11,123.91637552698923,2,0.1257232193746053,0.08844090400787029,0.0
42.35019458668618,10,15.287947567923887,1,0.17412026527236035,0.17621676981997328,0.0
22.979261879370565,18,26.276781706630242,1,0.14867623519848178,0.18056255598544568,0.0
141.5510307075389,20,10.00357738092173,4,0.22690474133775673,0.13034637612373892,0.0
191.10887608714722,19,26.18616452782134,2,0.484969189287597,0.19207623745095373,0.0
30.40204888454296,14,32.46725544313249,2,0.0864495062241447,0.26404716011240575,0.0
5.176156120850553,9,22.288250083167902,4,0.11549474275198227,0.08877066384338476,0.0
10.624785864367096,13,5.567891082391938,3,0.2783782953866522,0.11582309465927815,0.0
80.9954313603417,18,1.6207123262787695,1,0.2275871978475149,0.08405867386603232,0.0
174.58015299212119,20,53.95439366859944,3,0.07953242926909967,0.4884850454696936,0.0
50.5883495666341,14,9.111585182757938,3,0.19046615991626134,0.13345267574826533,0.0
163.81628419638088,20,31.286715932578943,3,0.26465913897482946,0.16471021983056064,0.0
185.77421993416263,14,4.769722544309561,3,0.24722519209662755,0.2450424299282643,0.0
23.364383753759558,10,27.26492030862252,5,0.20897339152174055,0.023247876558957836,0.0
34.990069968087504,17,20.601117138489485,2,0.44674030396779785,0.03588663928890487,0.0
45.936840331290504,16,7.881820827545797,6,0.3029406800925616,0.17159504371082895,0.0
25.356038864831426,17,24.43977145228788,4,0.24181818772249053,0.11734248935550254,0.0
53.43974616723833,11,17.847188203783247,3,0.10681074758911023,0.1469651412347291,0.0
48.182588046092405,10,21.65637690494847,1,0.4796719626153826,0.09926337847016584,0.0
15.594685617985816,17,26.052550946184606,3,0.20233219156585863,0.07068412941294862,0.0
22.885793623154782,18,16.783655459819823,6,0.19421660399476742,0.17778316893457052,0.0
92.52742296254607,14,45.63279527161016,5,0.13828144475805837,0.15630083253389387,0.0
123.86254344599683,8,0.7836677062918934,4,0.10954306209682678,0.16440823505962374,0.0
46.41391295183226,10,18.476573439374352,1,0.311218717694751,0.20012884294860614,0.0
45.365721344184905,16,3.9475494277018415,1,0.283441140145631,0.1208186216216491,0.0
184.54195421187416,18,16.61119811290488,3,0.4205701681782769,0.09882230438001902,0.0
9.204369437754341,12,21.900751619352867,4,0.33740403542802416,0.18877293492774444,0.0
575.0548286144688,3,31.19302131183976,15,0.8004033451817577,0.8453649266401886,1.0
18.496202200362866,18,16.22532417074612,4,0.16684259778618932,0.3496187853646905,0.0
73.30736827935307,16,30.73821663265031,3,0.24642365397519445,0.3236462367705577,0.0
65.03821960066557,9,3.891162376752045,2,0.1658923298604496,0.1722409092294288,0.0
76.79151809679632,18,5.760211201637025,5,0.1633647939203263,0.30032619791363446,0.0
30.309407505925982,19,8.47523552401705,1,0.17204276451253953,0.14847434005260818,0.0
49.00336616492638,18,7.243905369141954,2,0.0718844560913,0.33109268851856455,0.0
96.92244096740082,15,54.1736577667221,1,0.16527828081221277,0.17070317867815937,0.0
20.86744248880517,10,3.495980089459898,4,0.11833140158844956,0.15593292433971945,0.0
4.766791204998727,9,4.595099034500054,2,0.3818316105988297,0.11970453544305718,0.0
70.97783915022694,12,3.610615212982054,4,0.2880577146817769,0.21406224286497633,0.0
81.94694984757157,9,5.564835099327557,0,0.1669601725856981,0.1777006323584691,0.0
3.867743940194554,14,10.914918509926503,1,0.29355522253731986,0.09964774080679334,0.0
98.27179627140146,8,45.77690653613497,3,0.17100768549014148,0.15796735699944972,0.0
4.070996316055902,16,4.273101498979969,1,0.14193009691829758,0.05209331569476267,0.0
104.82053362592886,15,37.89756700266983,4,0.19936542832528806,0.27143707866969446,0.0
235.13404244073612,10,35.73882377125018,3,0.31740128883032637,0.17150530972605713,0.0
28.265905512373635,15,0.5132835735911471,2,0.3817380141919203,0.11375985841551883,0.0
14.269558927955758,8,17.109115029909443,2,0.22876238862693316,0.0014539110564609566,0.0
3.5914167120125624,21,2.1797597270983564,4,0.25064856240623945,0.10414825238888238,0.0
38.309693254573666,10,26.20476097293627,3,0.14653166881355803,0.2536599364084591,0.0
90.11723080199863,13,7.621857341667731,3,0.16334657362414445,0.13955562223326484,0.0
0.887404801722709,13,6.105239652570047,0,0.1320120827853124,0.20219570400048884,0.0
14.23632358819497,13,2.618363490934028,2,0.2763742161984578,0.1058028486784211,0.0
136.62592643242823,8,2.938089282509229,6,0.2576648866506387,0.28943301307643304,0.0
43.41190818378369,21,0.3516849227256631,2,0.327864804142424,0.390150657260345,0.0
240.51281049855544,9,26.75794041786961,0,0.09515447764031768,0.09854298617488853,0.0
9.133394815349266,14,6.119784333555365,2,0.2836889037473925,0.19642128833529446,0.0
752.3476597759919,0,104.79804641681525,10,0.8633743985030448,0.6073258129351649,1.0
483.5317748834587,19,1.2313580599488148,10,0.3617116727738182,0.13508754910242535,0.0
218.33771772274164,13,14.592371413990142,2,0.08301875411450975,0.060672527428513784,0.0
156.54853545306432,20,34.31304904062578,2,0.12173022883269148,0.32983446507232866,0.0
0.8799952415304994,3,127.94092540253827,13,0.6802092215773741,0.8362485144309888,1.0
182.00985801556183,12,14.37274224692904,1,0.11732784378775349,0.10967400073629259,0.0
56.34001398046269,21,42.206422207551206,5,0.22913491570293187,0.06716767844000308,0.0
86.15289885730098,12,20.74158665256936,2,0.06799354007216797,0.21932096497046932,0.0
100.74493797184812,11,34.6023574825205,0,0.14377258456662703,0.16168353093287555,0.0
40.57811874262803,20,40.01347905244533,2,0.09668340150757854,0.486791731291123,0.0
42.16627495293069,8,5.221080011009452,6,0.03858862435964137,0.12275804499493209,0.0
179.7369812427403,1,955.2304431172381,20,0.8600358308799351,0.6497082628618905,1.0
7.164069685112635,16,31.716047560288967,4,0.14179648744669796,0.3279967344370109,0.0
147.04349809524626,16,25.826457426857875,5,0.1470788980082904,0.22528501139046153,0.0
1011.6811125740624,23,566.2515594259025,12,0.8902568173230103,0.8204030780650126,1.0
20.49766967782309,9,61.74351814226037,2,0.22285487619054578,0.14000431005384395,0.0
22.908900793674785,17,23.335293987787722,3,0.07085696988125043,0.14131322392936607,0.0
187.67556717977283,14,23.801550174762006,2,0.1074544791592819,0.08687402332471918,0.0
63.29532764315235,19,7.691399945434101,3,0.28419654499894936,0.14899222543421436,0.0
30.94482349339173,20,21.661540756820713,5,0.42084535792557726,0.30493846621802917,0.0
19.3863004861515,15,1.4408525908269159,1,0.16480035498595605,0.06749273494629868,0.0
45.75699973935092,14,11.540727555862006,5,0.3581419469298053,0.26693601036764486,0.0
230.97389449927795,9,1.3199409833948001,1,0.049889138600551254,0.2595091363099143,0.0
5.518176062552432,11,23.344302179215276,2,0.0466871007807717,0.19357377774878157,0.0
74.73389030122311,21,7.668283309313648,2,0.06284194435338934,0.02794827947590969,0.0
102.45196268190361,14,0.6845907050260114,2,0.152723118812373,0.10555889738444584,0.0
76.36365027835845,20,34.57769936089565,3,0.1458200003915645,0.2895134268743921,0.0
241.05235251080873,9,0.5648987330262025,1,0.22220428887636362,0.10075909950622326,0.0
18.70709470715455,11,3.9594780950211317,6,0.11516510929713691,0.2640854223372514,0.0
17.376954551922662,21,7.672243778500652,1,0.4008852392161547,0.06867322932434064,0.0
12.52246887883758,11,22.803550801943654,2,0.07098435613360479,0.017690084519407755,0.0
107.11303027477604,14,12.810372852227424,4,0.2628748622851566,0.024503390138942385,0.0
62.86615714598062,9,0.29666728518427876,1,0.2764147711405716,0.22399834846390684,0.0
164.91571464924743,9,17.24248047657062,3,0.10007177292320689,0.05749442101537646,0.0
122.0024045547434,9,2.290865339804279,2,0.09717012020631104,0.09954260571550744,0.0
14.107613958468502,8,18.395145807459063,1,0.1152349641788348,0.10126763504530414,0.0
47.58283189347398,21,11.151512362922563,3,0.16233060677143707,0.20815065210463687,0.0
100.25981281510072,11,37.62087119821119,2,0.036504764503006215,0.17824705410390732,0.0
46.05207933095671,18,26.0177167100736,6,0.48288700422014946,0.07935247579140711,0.0
37.86362644461428,8,8.938615143068581,1,0.05468905696551263,0.1569336649277453,0.0
41.47199030190634,11,1.972332026209792,1,0.0233490012455994,0.27403841444430566,0.0
88.10124025642962,11,91.16565471351265,2,0.06777497676620341,0.11184693135520082,0.0
14.956900158193314,16,2.3225045686109493,4,0.21566064545308888,0.19824827018582233,0.0
196.55108221548457,8,11.259704582746382,5,0.35341963759017886,0.21090063017854963,0.0
19.95588235625408,20,23.254980543281793,3,0.09372015571217812,0.16540226257273294,0.0
139.46013510489848,11,104.15399407175286,3,0.2544401771880449,0.23167643477599176,0.0
24.06179387810276,9,19.740545937691113,0,0.069358173790758,0.15795804607405634,0.0
25.268117234890983,10,7.233641511346281,4,0.16420909854678842,0.30626646754421794,0.0
175.97421047443257,3,110.54416268427546,17,0.7415024964300337,0.6115169470723378,1.0
90.20479556086043,12,10.22723143011586,6,0.29607199769766845,0.19351751485232918,0.0
7.66727644846688,8,21.452104582632167,1,0.2616439875540244,0.10538028809084082,0.0
34.87628276933867,19,4.581068293993572,1,0.08699859804399845,0.16650295013048327,0.0
0.7391684488795527,12,81.11792377850732,3,0.07628237835972733,0.14302108694709711,0.0
17.77305005648568,19,8.020925739777303,3,0.040233241308412514,0.14723708355377008,0.0
38.604812528786155,8,3.6877208869258338,2,0.3146486818741515,0.06321571783280881,0.0
38.37087271445386,11,14.154561549486646,4,0.04890962695242189,0.18415600242191818,0.0
297.8845606959994,21,6.009955092942563,2,0.08254491615550366,0.23046481832743063,0.0
107.41793491992483,14,43.997989003777285,2,0.24649083927222384,0.158289262685788,0.0
9.387503970140681,10,32.364267775405594,1,0.24703597594200827,0.15916593504769821,0.0
331.2317629473047,10,30.038196778077975,5,0.06336365882966151,0.04291227441403897,0.0
259.6798617817941,16,3.301611256717738,3,0.6159014332799235,0.06777020026388417,0.0
13.645293542712086,19,0.9522340101290976,4,0.198503403514464,0.25813850921342774,0.0
192.3046184627471,10,36.2828171648345,2,0.30473657809679433,0.09624300209037671,0.0
94.18522293238502,15,28.458815252400704,4,0.4587202757941253,0.17234020207053877,0.0
40.145612309686214,15,11.84490013394484,1,0.06787994502354208,0.1605755887800355,0.0
160.49952495745237,12,12.927515129783192,1,0.40791420457296723,0.162842742802984,0.0
71.31179005319557,20,3.9851886972391966,2,0.15159551104405425,0.0560544761881723,0.0
5.545743648290778,20,16.470573268987543,7,0.12096637470857129,0.17929656479094883,0.0
62.31624673282634,14,26.236507135027914,6,0.1762921636446977,0.13723027406553295,0.0
135.89304272289436,17,23.37494609778366,3,0.2556369648017331,0.21258613799397572,0.0
33.37059471961374,15,27.658626304192666,1,0.15243013052671045,0.19333038939129704,0.0
39.77255085285449,11,22.738589416551903,4,0.5445622446234422,0.1947510286789557,0.0
54.23317963271273,19,2.0307008113804477,2,0.08049362190048508,0.030486648346353003,0.0
25.697070643752134,20,9.193705986436969,4,0.14812036000686463,0.11793612374379722,0.0
51.917592407834235,12,31.507690666963228,4,0.10655726101674753,0.17033995805855165,0.0
96.84405188092136,20,5.331600231269993,3,0.052763694250380196,0.09410040411225,0.0
21.632789285769345,20,6.367693610899847,3,0.20289981930927703,0.2352888562874686,0.0
112.37927216291078,11,31.32797589543072,4,0.22385803149146183,0.2589872725140045,0.0
77.0324543798428,9,0.585205270760291,5,0.13113598074370905,0.11080355513023726,0.0
71.49060241169403,11,19.115759567854663,4,0.033552090662838645,0.13523531653158763,0.0
148.9141818639263,11,46.18536432967603,4,0.11633434412481632,0.20722932908343625,0.0
231.69373462995486,10,74.14129549324062,2,0.2261640373158267,0.14545203868678264,0.0
13.194553418930386,13,23.07035367446182,5,0.43528447010210886,0.06482902978201113,0.0
60.34235281551568,12,10.756730034985779,5,0.22492781886022936,0.06773387473139032,0.0
20.616683464542792,9,20.642368558986014,3,0.10545981942073651,0.09467730438018603,0.0
40.22268351509518,8,55.53290373524426,0,0.5944158143278512,0.4389159921868181,0.0
15.625615809915669,12,53.92533580535786,3,0.2675727497779386,0.11257984748126743,0.0
132.589960580777,17,6.055782427764317,5,0.23429463610325685,0.36166522196718864,0.0
134.54790213413725,18,0.16359220361879484,1,0.04320242770740965,0.06930847965758319,0.0
68.52092644897455,8,24.530074308067213,5,0.19958035917326492,0.1089458287845858,0.0
34.20966892448449,18,0.13617359036765125,1,0.02434295476952226,0.5219979897200374,0.0
15.991600329309259,18,31.32590831658895,3,0.1619131867006284,0.3020312665111955,0.0
14.064668680005028,8,22.206037316942833,3,0.15675744297964164,0.11386368152685131,0.0
30.719793931451775,10,14.810231973830684,1,0.17275340899396233,0.2243776252160856,0.0
85.74506305358099,17,26.368337844337194,2,0.1791322059324129,0.19882089981727405,0.0
110.0983152311874,16,1.2209894807451096,2,0.1856130957413831,0.2354293016139634,0.0
33.468487199128894,11,2.0724562832748625,4,0.4121022585697524,0.07497799240948132,0.0
45.299487971302845,16,66.23605659878098,4,0.17373590381871254,0.013945606030463596,0.0
112.91703233143284,8,19.617622642780717,3,0.06175936960500304,0.18408610721361485,0.0
13.317564010280055,17,2.339880637761051,3,0.06348150378222506,0.04875449846085738,0.0
69.73152118001306,21,10.96899795561843,6,0.04581478722376103,0.2254999791468049,0.0
83.80547091255772,11,45.20065249212454,4,0.15906148297310732,0.08051487308706728,0.0
22.572848042376755,17,26.981431281593657,2,0.24338353528993298,0.16829354971367297,0.0
152.94160890467873,20,26.217338268359434,2,0.4168640302470274,0.2873508651460775,0.0
145.85596585266313,21,2.8940527879390494,3,0.09184886935537909,0.09553284644040363,0.0
162.0825297754813,10,31.784192066061536,3,0.15244576421974662,0.1572475478457474,0.0
174.49060555172906,12,16.935942164380567,4,0.1404520731616219,0.30614598378242797,0.0
100.12782890156268,19,116.32875439010726,2,0.44147448700515607,0.041680295917894246,0.0
56.29659918054035,15,2.8887294692249847,3,0.274173016186845,0.1656935053164548,0.0
3.2150950824683333,9,9.601587400205965,3,0.13388658391990052,0.1359135636533317,0.0
96.4810564675917,16,24.078778401477518,3,0.08651601395107913,0.024399585124308364,0.0
22.865891723722505,20,16.408636458860823,1,0.18653767709511,0.1861061884142582,0.0
125.94667545739793,11,20.832049172522428,5,0.4939602605005814,0.22557234438342152,0.0
10.94504926773312,21,18.012660094499463,2,0.11341050047310976,0.24557996712519187,0.0
453.00300028843566,17,32.517350007831766,3,0.27687017343274506,0.09359476712230774,0.0
7.274567561396468,20,2.6687950391161888,2,0.16598056943574432,0.12465455423583868,0.0
23.511106743472112,18,9.14548440746236,6,0.03147555940467503,0.3444571785199642,0.0
136.22704851086905,20,0.6152309704995054,1,0.1476764247452935,0.08610003937460113,0.0
42.31764821759883,12,6.829602990591788,1,0.09862163592508948,0.10150722063054914,0.0
24.892655733565277,9,6.662275043448532,6,0.24463075849891314,0.24557773705731123,0.0
33.9568460939152,18,19.248980403382145,0,0.3576096232900922,0.1735785346250859,0.0
40.13292321268626,14,21.68180770440442,5,0.0361498986267489,0.280540297727416,0.0
144.62141136920502,17,1.289651119619821,1,0.1939302380137042,0.08866501563154125,0.0
106.21965367897671,18,14.778935247560192,3,0.3046855084953132,0.14603939889358072,0.0
864.2373573955994,23,107.06369271993464,13,0.6046359837106744,0.35815365581085556,1.0
132.07096643876557,16,9.60043132136673,5,0.16591359221936547,0.1497701932047657,0.0
6.914262053747487,9,64.74491457645998,2,0.14266557145382594,0.07746177983545505,0.0
20.952482418031572,19,59.45822861002508,4,0.19663610419751967,0.11773948518861921,0.0
131.46648941852757,9,17.760173400618594,6,0.5781621250882423,0.24815374080053193,0.0
252.89627418362682,9,18.43454814640622,3,0.15614034787883868,0.2278355241672576,0.0
116.37101247279833,17,12.558539960447273,4,0.1358687221428978,0.0901326939380258,0.0
908.0897461142533,23,205.29658943429615,12,0.9143905048675963,0.9454125908609469,1.0
78.39460043904305,12,1.2724723091476924,2,0.14666968033614608,0.219458516262999,0.0
35.00910456993492,8,28.20501389586368,1,0.17244025651699424,0.10841484276058548,0.0
0.9785015527176999,11,2.862447802539332,2,0.199084340757367,0.1646867073818369,0.0
122.50126434864487,19,10.548727460340801,2,0.11647509475020501,0.16574887609262656,0.0
67.91355384758451,16,8.038315420034095,1,0.367048640661168,0.28692082528188334,0.0
16.662832050676005,21,29.14877436595214,7,0.4391665511879299,0.3292408084753977,0.0
39.74404795647452,16,39.20673976598989,6,0.12544756599589163,0.250866425638239,0.0
94.99072915113487,15,20.341111508852386,0,0.05890881936955253,0.06921609188392633,0.0
69.91876142241141,19,25.93673562487546,3,0.1340380453357425,0.25837582559256544,0.0
46.58379573252281,3,1027.6799030250913,18,0.48065352873069267,0.9232771710178789,1.0
15.891554422942484,15,3.5293351458469555,2,0.3311338593360997,0.008943974583833813,0.0
32.27395590193843,21,26.342708348568138,1,0.20792860506018104,0.2020113616101788,0.0
27.668195851690847,14,13.594493177398633,3,0.29719010340150614,0.4851047051753346,0.0
1.6933934761292102,10,59.942326727907,5,0.2529935128206575,0.03532865021621901,0.0
9.876433879829225,14,49.52157368875853,3,0.09147723677291422,0.2840243587815473,0.0
1.9194643719046922,20,14.049508580355795,3,0.0853986514566373,0.04125194604158441,0.0
15.781656441906824,11,42.0155707534817,3,0.22365019514948342,0.25441040444056834,0.0
99.096955464965,12,49.63954429572114,2,0.3148536600164806,0.15535550171943502,0.0
17.944907499380637,21,58.951741864341315,2,0.21126552821217898,0.06479900503579125,0.0
235.42589895977687,17,13.467057762610931,1,0.17397038436955167,0.18759527533053583,0.0
68.80367970551036,18,30.60847004792589,3,0.36551331622367134,0.3689402790017074,0.0
334.2341276013556,13,20.57417941427156,3,0.3946130340414865,0.24906496526039906,0.0
69.41696809552826,19,24.759511200053396,4,0.09703795110778889,0.2515101931423901,0.0
25.25850925541328,9,23.030329005297766,2,0.14571120195767165,0.1984283988707965,0.0
0.8023118691638433,16,45.46972952664472,2,0.10734819799719778,0.1943654339389622,0.0
38.84006514173678,17,9.174245947997143,2,0.17607790548230834,0.10174343876676493,0.0
135.19174219889007,18,81.00148967066968,4,0.19784851004601822,0.14620843740358075,0.0
0.9755864199022096,9,71.63038787087964,1,0.14655415522910298,0.27952470806490615,0.0
56.61780030170761,14,5.45993386616273,0,0.14193158904837685,0.05512790096393471,0.0
76.07842192622391,20,43.064730648045206,2,0.2028139568863721,0.25747897719298846,0.0
58.80822494309378,21,12.019842545133073,2,0.1349980790711612,0.1440143092770459,0.0
16.31229159112896,21,4.775672759655855,5,0.14411977688274022,0.1524249997732385,0.0
29.986883303355647,13,3.692973120986806,1,0.05343713840601687,0.007567565569397836,0.0
4.336666939605238,20,120.21883346663532,8,0.4378224029685803,0.14599853016203349,0.0
154.86669950686152,8,30.922512784437952,3,0.08567911446823863,0.1602333308663314,0.0
34.03597831454563,8,13.548555075046647,5,0.12011529242587539,0.0760907809395899,0.0
28.80109798631573,8,35.13373852705877,1,0.28055417540352023,0.15025475189747947,0.0
49.8446879043279,8,14.827497001180845,1,0.2982136226834966,0.06950725530429447,0.0
130.8175199590558,8,10.484685163410123,3,0.06755387898434086,0.18987554177285434,0.0
219.83137439028383,8,5.091759332108879,2,0.08939307589146937,0.1423978615594235,0.0
6.426339183889515,18,5.82187899003686,2,0.09685654958786355,0.10800811542047645,0.0
14.020674778365054,19,104.2763650888083,1,0.2637232020017127,0.023754765795732404,0.0
22.65894307656375,8,18.05507456960836,3,0.15653702582701554,0.09778896439204296,0.0
29.251906646958822,8,19.147063499225826,5,0.22038116546152797,0.28545705843275776,0.0
1.0653674461099558,16,24.443337950337444,1,0.04634986091821296,0.26286845810396386,0.0
42.160315848939696,10,76.86710560465943,3,0.23141803628096144,0.1388061124208187,0.0
31.637924752767145,9,15.384540866793577,2,0.4949150996617669,0.11443575479587383,0.0
131.2748146581314,21,19.166273018730706,5,0.16590884020267843,0.21118076246184747,0.0
11.617442586285087,18,8.28398728278928,3,0.15506420832790235,0.07054880800271496,0.0
69.26957408785832,19,5.028058599558434,3,0.23533313742205297,0.2259363604495914,0.0
43.75050479588782,10,7.653334500265755,2,0.23207347573617873,0.41205032272113795,0.0
13.101142655572069,19,32.696640632556246,5,0.43147575582666314,0.1026839141364395,0.0
168.18739210123903,17,8.782673948299301,3,0.2316579758661249,0.0842086593596505,0.0
42.37234448731062,15,0.9427789245515548,1,0.0859429558067707,0.06180258309481923,0.0
233.67293674117485,18,10.873445383078463,6,0.2451992609958931,0.06786653531763251,0.0
150.2171998899753,11,40.04871714629124,5,0.12950960046042534,0.15623524986478593,0.0
30.706368563212717,15,75.81828052776565,1,0.09010627244618936,0.2574784951793511,0.0
18.924871916001965,9,36.62224138157774,1,0.03977846366067979,0.13452515397169174,0.0
2.1495258133915542,9,12.75835853283386,6,0.353814369742718,0.10659240215140964,0.0
32.651758600744685,12,50.58278126422919,2,0.07982125900078373,0.23432431249812516,0.0
253.48146746521778,21,3.1296338601671403,2,0.40230532630729665,0.08001244449960786,0.0
74.43885833061886,18,48.55690869687276,3,0.475967231156504,0.25249793175308305,0.0
18.037044354928828,11,5.753607721699571,5,0.10097650763921528,0.14017040363659403,0.0
26.1296964884113,21,5.86154261812465,3,0.23320901131119004,0.05161199897005649,0.0
177.17265510005996,0,4.108300209123014,14,0.4119052448072522,0.7123204206683029,1.0
29.9393807184042,14,4.813316888552587,3,0.23935993166483013,0.03536172809570327,0.0
18.60915432664638,14,6.074311695758187,2,0.12056709862719586,0.05646679628308332,0.0
10.699499929307073,20,6.189241169267613,7,0.15570487121945004,0.3052490165575924,0.0
80.93041490590062,20,10.973738471783811,7,0.3991080689646124,0.16056925749941003,0.0
1.1598463776643422,19,12.118201616802,5,0.3189083116710064,0.07209962083731308,0.0
33.85983258132182,10,7.517848553533936,4,0.1487804211246915,0.621838602526275,0.0
120.06436350720229,11,0.692750370041572,1,0.12715925163403383,0.14110971685165302,0.0
22.653104680074666,8,15.370279266469772,5,0.3196082949490773,0.15067737704081755,0.0
14.013019520364761,8,7.714877772377212,3,0.42621286476814235,0.15507265008301163,0.0
112.90053268339653,19,13.817907202389527,5,0.4309502246624537,0.17768889810386743,0.0
7.675672237681099,12,14.760169946069677,1,0.1139806818002194,0.17255681748748128,0.0
83.03392648609822,15,4.724235255165092,1,0.04764607524939685,0.022267421754735388,0.0
12.4461557449086,21,7.636114232790381,3,0.15857304506225622,0.11700729417923332,0.0
44.63356490578899,18,2.044302285045797,1,0.5455890365329228,0.15546346873877784,0.0
5.72362492234976,8,3.5503547628709784,0,0.11417219614418496,0.20655122442445217,0.0
152.53320906626243,12,17.632840016846664,0,0.18118314361323948,0.0935498304159951,0.0
235.3731630370595,20,19.127991565169445,7,0.1278550343731328,0.22398833622258074,0.0
58.95884576070542,8,19.346310286303606,5,0.039762062374640555,0.10427666865045007,0.0
44.1626500243979,12,16.020944414744328,1,0.1812713910009234,0.09944076822092345,0.0
73.62627382030597,8,14.410283738123752,5,0.022780337659406225,0.13958877967790262,0.0
6.041266364688869,12,5.13513811727825,1,0.20771233226652255,0.11135265255720662,0.0
203.059046056963,8,23.263150136044736,0,0.0817070967161718,0.12805367076227459,0.0
16.054319099973068,18,8.316862633373056,1,0.0392192445820666,0.273007157943133,0.0
125.84647798916666,18,29.581559878071122,4,0.13661994316188752,0.25613768963953704,0.0
0.8845383705357757,14,58.7644723867541,2,0.20192376508918425,0.06021879783991071,0.0
272.0673612897645,9,43.93614540135594,2,0.08387034536293538,0.17849304150186485,0.0
56.702758782096495,11,22.906088544960053,0,0.19039631700791607,0.2069374161753096,0.0
39.30405537791258,9,24.475514870800353,3,0.14887179518646496,0.11262691640363592,0.0
144.84710306064312,10,0.11358192216464684,3,0.10447315257355513,0.05676761717228346,0.0
32.39744809790774,14,29.014935543957122,4,0.21647005801375543,0.20107106225456536,0.0
27.793300562931794,11,36.0390555025947,1,0.08859191361864585,0.264032955245883,0.0
11.562882190018593,21,140.05820095810398,2,0.19156973799257113,0.09314233099785828,0.0
115.6634169391041,17,10.595248908552445,3,0.24572966135673222,0.05452459066159582,0.0
10.666130364161909,13,12.391780474218951,3,0.04484182307052641,0.272252737911645,0.0
81.23898753267105,9,108.28837513639529,4,0.1756681306848321,0.37436187654407627,0.0
41.22736071635937,8,12.855172538226661,6,0.1456694403571396,0.06764618656936112,0.0
9.310401863764623,10,9.219163474934307,0,0.1719247792072791,0.19786202415699242,0.0
55.873884917410344,18,6.768538020643929,2,0.10597963740041265,0.09530532123927167,0.0
48.6540209567696,19,0.036273551771470056,5,0.16855823939500422,0.08848081088135737,0.0
59.45261236740775,18,3.655769382862106,0,0.13622567088185056,0.01324886927207727,0.0
140.60622008724266,17,8.746733152330112,5,0.20327130127444454,0.07149587970560436,0.0
2.2597976366977863,20,37.45198899983799,1,0.20990247130334866,0.08591507019840441,0.0
65.29277088511319,13,21.691204843897687,3,0.12308774733153836,0.2637709027506404,0.0
17.315666168809752,15,1.3484485350388753,1,0.11576209627915691,0.4105983721447772,0.0
96.78271218843038,16,7.657760264427619,5,0.3072843931389224,0.03829010601646686,0.0
193.4640873599302,9,23.359246370692695,0,0.19613806580151646,0.04188794411072256,0.0
4.787809827496487,13,33.013290161368786,3,0.04896507584672644,0.06811736006252554,0.0
160.3738968483404,21,5.1262314149133426,8,0.08429948022400255,0.17780873866282834,0.0
122.93105515176066,17,48.93209752014988,3,0.08981682003546436,0.12223170061837459,0.0
45.29787780027293,13,0.39431306380981807,8,0.1396309546915971,0.04913290597029236,0.0
61.59783874326696,8,27.952528630688782,2,0.20107892185569642,0.06622975278095895,0.0
18.099925492149772,8,1.3314542490384746,2,0.07258932193919922,0.2266239456034777,0.0
3.1773098662131782,18,3.7854994198946272,1,0.41657785653874485,0.23859909147685293,0.0
56.80077200547248,13,13.45072490430399,5,0.23680728356801653,0.2308530837020658,0.0
103.38690949522353,15,1.620372074576463,2,0.2897743791171402,0.04227623272423132,0.0
8.528696979630835,12,8.254024167461049,5,0.13943827564206177,0.3298636869102162,0.0
68.86846056739259,14,8.341153655628627,3,0.3817614648964314,0.09224807817526079,0.0
46.749953592318015,20,2.8388892375439614,2,0.1482909477422239,0.0921304655117415,0.0
201.5906854637688,14,11.792279449596869,2,0.17216118760778282,0.04949706285679923,0.0
18.229019449073046,13,1.0731972964855228,1,0.11369724887629212,0.1978078406845422,0.0
63.67796858959117,16,1.0218216142280059,3,0.03097597497294369,0.21653957701458942,0.0
28.653636685571104,20,11.9311498806082,3,0.3092709983995466,0.21712216198861495,0.0
8.652795683087525,20,53.795081647827104,3,0.09100423091525615,0.1850678120638237,0.0
104.26540624653484,16,2.750879583029659,4,0.3521214386459544,0.09481972193924666,0.0
108.35151530244993,11,0.4893449784702303,3,0.27070653896513897,0.1205211338049463,0.0
172.18567760208003,9,8.813137099063866,2,0.11869076622210471,0.2526893009272282,0.0
231.47459099042183,16,55.8591356935366,5,0.07247783986081865,0.4341645668652648,0.0
12.275348898686795,12,1.081566804326333,0,0.09416154266295211,0.16420205677352284,0.0
17.481769957243706,12,25.336323326001136,4,0.0810831335532537,0.44011321995271274,0.0
51.63946121177591,10,8.618883329069243,4,0.15754231787350917,0.060736910026018075,0.0
89.21240082378347,10,0.6778213678438326,4,0.18417882972081848,0.02049417867859979,0.0
97.31056645281903,21,12.38968907925596,1,0.26134134388966085,0.16486680617245977,0.0
248.684645041784,13,5.986505816333594,3,0.19662561697301292,0.0815614488112316,0.0
202.93548371031423,20,99.68211740951409,3,0.21537735736250269,0.02241149122861291,0.0
31.739938418558612,14,10.16326563921755,2,0.31242931828788006,0.09707089771705707,0.0
130.77594480927942,20,11.142017645959651,1,0.05144223420965704,0.39469817261276396,0.0
33.00937902162775,17,11.733004892728987,1,0.07854625007027817,0.08375509217441054,0.0
35.03354652752932,14,26.685569074684118,7,0.3536279063212244,0.12716219340902982,0.0
161.04628499410794,10,3.3978412223659116,2,0.18496803544422444,0.21937751536155856,0.0
23.494008293334158,13,19.67317338436227,6,0.33967883409376104,0.04626329616157952,0.0
32.1998274321256,18,27.203112671743554,1,0.24695467926872677,0.1871779220812677,0.0
72.59977576903263,11,28.205786632155743,4,0.36610052794490033,0.24306956077080347,0.0
35.201130345848995,16,8.203357855028727,3,0.5361336082903391,0.09891230830180896,0.0
42.450373740547526,10,53.47856347977475,2,0.1093409420906673,0.07196540874615828,0.0
251.35284100352916,20,30.329935811712243,3,0.33098303901377535,0.08351069969867356,0.0
190.18040737560725,20,66.70215814719838,2,0.10087815185535404,0.07349056259758203,0.0
37.02280880194958,10,58.29582261930974,6,0.1977020217871205,0.16599662327157508,0.0
69.09338003743844,20,18.79649591334967,5,0.403239115109369,0.07617050061136674,0.0
87.02499147684698,12,65.86247146658776,4,0.1726761191357444,0.1219174972427766,0.0
27.283086512958008,11,7.047822399417494,3,0.42581000593345736,0.13903371453090324,0.0
62.173890535343624,14,15.030451883280973,5,0.13319760446318474,0.34798385040009255,0.0
42.56691545202698,9,12.605094632639936,5,0.05850713517173592,0.06433852508594644,0.0
60.721041392168054,8,89.6158113731334,0,0.22995668764833344,0.34020937757626424,0.0
35.42984114822082,12,6.479177063100651,0,0.267080561061434,0.20779594932243745,0.0
126.40011165442135,12,83.93813942578761,2,0.16343989195981884,0.08667938348255005,0.0
349.1420374576134,11,33.301984482294586,3,0.083947791126192,0.1632676453916104,0.0
328.6781070296961,17,8.543023821350209,1,0.25618867664227224,0.11074618667467236,0.0
5.38111447034434,21,16.74186532639896,3,0.1515600818089558,0.18272603220618275,0.0
70.12191737175543,14,13.417198691980648,3,0.3005136009887684,0.044001048862664975,0.0
170.20370544417227,14,21.146340064001304,2,0.19587613850297297,0.1337139895398728,0.0
21.13940247976522,12,4.259808251277156,1,0.34622142768910863,0.22352686635957938,0.0
49.814209201355794,10,83.00651355849787,0,0.386474180274588,0.11839453949414998,0.0
83.67527767856575,15,3.535278573921417,1,0.13401599858607108,0.06995159660107167,0.0
16.917935616897086,11,10.80764827887489,8,0.39354283442323357,0.06914533750715275,0.0
130.35431567963835,15,27.63230359997443,4,0.20014467007912407,0.0895896552143743,0.0
33.93465550346107,9,25.549366517591004,3,0.18805984738796785,0.2674788176168488,0.0
171.58828361214515,19,7.885460078545922,3,0.10184516158305507,0.1094634042270417,0.0
216.15534670137404,16,10.878675478692957,0,0.10044975142890365,0.008269747143657994,0.0
79.78675085891865,17,11.462690810458948,1,0.34161196698842894,0.04808530269938326,0.0
51.102863463637114,8,2.45506006260607,2,0.14413660164773426,0.36989087496806067,0.0
71.65969045276103,21,32.34997393003194,7,0.2032732160668595,0.053184255144750274,0.0
73.66542387663876,20,15.81590780931406,3,0.07381150715784482,0.15777712497068355,0.0
188.6325837569963,16,5.688800222781496,8,0.36328181979350244,0.22335142179862577,0.0
90.5481387413879,11,0.29242938250481876,3,0.15489745778564543,0.060878232988135966,0.0
246.4179029153367,9,14.963022288508231,8,0.5002588828114852,0.014844972509242637,0.0
112.18151132897356,21,12.832719144249277,4,0.18086738008013997,0.16414793723548657,0.0
214.77058748689728,20,3.1895953693944885,4,0.03509327962651952,0.018749450705472175,0.0
26.39201427644093,14,4.792079451117378,2,0.24994548807041525,0.0764221755943891,0.0
6.823634430106741,17,17.64784496993822,1,0.1462523596307943,0.08208282031936114,0.0
60.919026996430496,20,0.7772750373514747,3,0.2172845876971655,0.06555481107723699,0.0
15.303430516401752,14,19.12205389558523,2,0.23200773021918772,0.10177357019971375,0.0
210.68972032929875,10,10.570175746588424,3,0.14832298526958387,0.26846295473018034,0.0
11.037112592300451,13,3.113619371528764,1,0.3470685471833377,0.2163474462709881,0.0
104.81238673703133,19,0.9838532584564852,5,0.14658054588123262,0.4760954922470939,0.0
19.305261940677813,14,7.7497793620429745,3,0.3621279186251036,0.11132972714605971,0.0
140.61325113828062,16,32.267253422055184,3,0.22585752350090507,0.18541164614674405,0.0
169.67382531917934,20,5.985644891722081,2,0.24152353459772838,0.1362978557878426,0.0
65.79855144805472,12,9.790003176983697,3,0.364854011903256,0.07307724955084065,0.0
82.11845285368896,12,9.106920185634895,3,0.398371229770959,0.2742765482077369,0.0
34.53498092120554,16,2.1824183690769297,3,0.3158934824419688,0.06043615012474631,0.0
61.779162793392544,18,8.254131433343414,1,0.14803632559252375,0.22610293899984454,0.0
10.267347333129152,9,44.218137119882925,1,0.16900466775004136,0.07511095203469259,0.0
97.82142978955689,15,47.8992782817657,5,0.11279485664548247,0.3006854842602167,0.0
107.29014286821268,16,8.11467349326467,0,0.0933767283574922,0.31271298980958495,0.0
80.12869339242621,15,5.855169178688941,2,0.017974702415119313,0.3098131634426353,0.0
85.48047125984397,14,77.19776596869058,6,0.16423057119678508,0.35334281877983326,0.0
491.1923258066565,0,1595.8883531659087,18,0.7660040516228034,0.9827548401938978,1.0
129.88738310236283,9,5.109652005742856,5,0.09915712282064143,0.2135210422383462,0.0
25.464939376643684,9,12.007993648187078,3,0.1574050331473937,0.1355900307160907,0.0
323.741655594387,8,49.44185847067716,0,0.06984731672519064,0.08413714446000395,0.0
49.69226235672933,15,15.623727572167091,3,0.18192153034618785,0.13543471332855472,0.0
62.36169069090607,10,34.061420154313254,3,0.14564883008577886,0.24129770682756613,0.0
79.93325992712508,20,34.76589064856561,1,0.14797743974673733,0.0701783480147339,0.0
242.61126389430524,8,15.997430204017126,2,0.3556412866654317,0.19492826401212623,0.0
107.12139239001812,8,32.517790078521635,1,0.1667952529684794,0.04781789341059476,0.0
60.221097637564355,20,5.311933635001881,3,0.18011762140909068,0.06350535844800206,0.0
118.5573383187102,12,5.506448697699624,1,0.17940660180789117,0.3751630112040203,0.0
4.5030033334425585,8,9.964740614248491,1,0.12956011282576427,0.20942404448513585,0.0
8.95271440282888,13,5.039832957885141,4,0.25253273346755156,0.22573742787036233,0.0
30.569594604311725,20,34.397295258693696,2,0.37592727171392654,0.1040198853953943,0.0
36.67881467063482,14,6.385625577146563,2,0.23333171706959557,0.02563740583854935,0.0
290.4155500115473,18,11.201683487633272,4,0.15918683778833612,0.18780407779433048,0.0
16.31837056494404,21,20.430602048216425,4,0.0849304955907313,0.12000996456057451,0.0
22.719757599549638,12,34.822989436679414,5,0.22028431311848556,0.30565051848729025,0.0
16.47695019794646,20,8.414233454361627,6,0.09657908800389632,0.1266011654475621,0.0
98.52727960970499,12,54.12854876562459,2,0.18388513333854165,0.08383091351331459,0.0
43.52302924256411,15,4.61840118386464,3,0.18830950461676468,0.17845051741300652,0.0
124.53672259022329,9,17.15030747853067,0,0.1293049975125713,0.16438334802432542,0.0
181.32789029047234,21,15.440324352687618,6,0.3992706106477024,0.05254606154983699,0.0
253.8319481275202,20,0.7494229795210485,3,0.06285646904710437,0.09721956307218008,0.0
132.65499757868898,21,6.97112477105034,2,0.3433960641077977,0.3946964068466982,0.0
41.065540537713545,19,0.2860794388534829,1,0.06297320354456237,0.07703790199804471,0.0
11.296233522813315,16,23.326334966026906,2,0.27729524272901995,0.028679370664037484,0.0
245.2973223259935,20,0.31682796028659455,10,0.3034865519550685,0.2694613870504137,0.0
15.952711848501885,20,3.7018394179022214,2,0.32630796491333575,0.11806858658742449,0.0
1.6925074671754152,9,11.972782644848293,6,0.24153515521951258,0.1695274698708169,0.0
8.794980003252434,9,36.76744442906346,1,0.07147379973820779,0.0674705465199449,0.0
98.69016219253334,21,5.029652199575473,6,0.13029090469291166,0.0704983462872016,0.0
41.87816278602682,11,0.3413229043026287,0,0.19064686300708492,0.18117570705336566,0.0
52.86146970614457,20,19.624378137450865,3,0.19254086609862864,0.062345749172847346,0.0
73.1955590091629,18,9.455789974170985,5,0.07760974063367643,0.08863862876647416,0.0
283.3975938097803,16,37.48906585508222,2,0.005614015196807665,0.13505922858520517,0.0
142.55916897113116,12,8.899566198190671,3,0.1596539811148384,0.10768660433247532,0.0
714.2018894878328,2,1552.6393710384841,15,0.7468235319257965,0.7854704599638616,1.0
4.793912008305268,19,2.0186720561541223,6,0.07375599352125417,0.04621138116171658,0.0
95.0047210800121,17,18.15804687750323,3,0.12227349600134971,0.3936039370409402,0.0
114.93466950564097,19,2.832810764325515,1,0.4581303839162219,0.4466791883173799,0.0
9.614296364142735,14,16.15449939968397,1,0.2649725582679078,0.09956241814116644,0.0
85.5159858390235,14,1.3743671913630555,3,0.1754087152360072,0.1682442873890172,0.0
54.87247648209511,11,1.3144430121114505,3,0.23706297599763676,0.1158432220821629,0.0
0.8618495938873099,13,19.612119542050515,4,0.32086414689870035,0.07058369927233887,0.0
6.721050080537355,8,23.064670158169847,3,0.26480357362412416,0.08096155456011565,0.0
11.373456701324756,10,16.608084668889866,4,0.37991524968584617,0.03566511302722281,0.0
57.2500164850385,11,5.119130838682312,3,0.3745045173963713,0.06742796432488768,0.0
17.430392857001035,21,3.533960396861307,2,0.20131613993688757,0.2266910564758272,0.0
90.43812185269613,16,10.766026255268123,2,0.23354807289786528,0.1913317528607352,0.0
65.70902882246816,20,10.955151811822251,3,0.1919562431582921,0.29275390454017935,0.0
173.84484320246008,20,42.38951581569203,2,0.10662372729379767,0.37682856018731303,0.0
51.70385546332942,13,92.45811802305722,5,0.3085620368397436,0.052656214511718015,0.0
82.88994732381536,11,4.0407404228162145,2,0.22924604472201768,0.08489459976240428,0.0
20.70992526692002,18,11.883245838737235,4,0.4977014700544736,0.3006084658753831,0.0
137.21388078772546,16,26.223600192498047,2,0.16237305367196617,0.26156686036847704,0.0
62.90685026754264,17,19.44794152380719,3,0.46003937804428396,0.11071106460381018,0.0
58.652839472611944,17,1.5142438830282403,4,0.1499813531968177,0.010207881584931855,0.0
109.78860413326325,21,1.8330003427476085,2,0.2129611754259524,0.07387001434898927,0.0
269.91898019801147,13,20.20513531215932,1,0.13500182570344574,0.14101618631127882,0.0
33.65280172581852,16,2.095900926034636,5,0.2392979962642929,0.018578623980687683,0.0
31.28702504953861,19,17.692585824062974,4,0.01965203594872524,0.18516112460538972,0.0
74.00494606480768,14,8.935780124080326,2,0.048532648259661255,0.34865371092666514,0.0
152.9862025291261,16,5.339429811832376,8,0.13934441523777658,0.16240973154695285,0.0
6.580940825928193,12,7.460129984430849,2,0.22323306139155888,0.08838174164524801,0.0
40.36654839151046,19,13.217821231727171,3,0.026527122458345067,0.09351502926880238,0.0
58.452643359137454,9,22.233674647108842,3,0.1050851291787674,0.3205956671590322,0.0
141.079700078167,18,1.6986929966803013,2,0.01465769944897435,0.25465001107070345,0.0
38.957257856796815,10,0.31369827820363605,5,0.031552523438647576,0.09974136594885664,0.0
128.51953950608956,8,5.495648226446579,1,0.10242225478146949,0.11518565214353536,0.0
57.044159404779016,13,66.67326166568279,3,0.0945932880868678,0.23495666534457113,0.0
100.71656147394465,12,36.01229135742621,4,0.3110317446835129,0.32407491009788897,0.0
12.726550345186878,17,13.08338489958005,0,0.1505222192259586,0.21308433684619074,0.0
49.1823596105784,9,84.35736481388096,1,0.004761000749851667,0.08469230316340128,0.0
26.347110252831246,11,17.315176450154574,1,0.1661126555160965,0.2393524942618652,0.0
263.7297022214133,20,5.078715644469104,2,0.11721852222048024,0.06544910081867461,0.0
8.379202678789706,16,4.8619322005147305,0,0.054479358369018786,0.34703647856781633,0.0
242.0799965307211,21,21.960461009283154,3,0.06574514929135139,0.18024706452968126,0.0
59.89980447036274,9,82.94654361458022,4,0.11237385291667697,0.0484848329802943,0.0
90.60990227067558,11,7.635579557032529,2,0.1328470358264325,0.08496272487616059,0.0
40.733187472721085,21,68.97076638248251,2,0.06289818578106865,0.06408910949316417,0.0
53.10177607986155,14,25.580277963247752,1,0.03441538532288771,0.3632726816048213,0.0
104.30070415478055,21,24.34400352610185,2,0.1865248760797687,0.1173660478978666,0.0
0.4059549641437602,16,10.48370948287217,0,0.20089799662659275,0.06794635612843061,0.0
35.72680193661958,16,13.186902952085402,6,0.4672720791580108,0.2272179968114791,0.0
11.096372877552025,13,18.59479673729298,1,0.15038168997211535,0.21351893540705671,0.0
263.33799779491176,18,8.417614759146426,3,0.14462457982667165,0.20050810303069266,0.0
62.124375291887574,10,31.327296630352755,3,0.1511584529689361,0.06409850406426242,0.0
0.9350868840744722,21,0.5392563047590052,2,0.32182626725453717,0.058522289931338484,0.0
128.5217251168152,20,87.18880059721502,3,0.07354936436619501,0.27756833923210056,0.0
26.786521862038455,19,20.68543461693696,1,0.13475937259026924,0.07693043076046538,0.0
411.15973397658433,16,42.516992613314166,4,0.2870252729596713,0.046995849401031874,0.0
14.228229501384586,15,27.261456461219183,4,0.12658986397923394,0.0824302809122624,0.0
90.92173344175178,19,0.18303386340362368,2,0.16032113805365747,0.18350743584625878,0.0
220.94451623352953,14,3.175264097946294,4,0.04320730453360306,0.19923746621912172,0.0
140.29171615027403,11,9.579666765190293,4,0.025475249568544463,0.14458588600104358,0.0
248.29249872549485,20,27.730793755748113,1,0.3266491944710644,0.08385658141242601,0.0
40.54833211473007,19,10.015666493684973,4,0.10678375792010507,0.08498190484118602,0.0
330.7016423305419,13,2.3415473232750035,5,0.2593910269771641,0.08589575329428145,0.0
8.178255787945831,18,3.760314251234138,4,0.054528117351787704,0.08384755340565454,0.0
209.4215332978975,8,16.187639572061126,4,0.1251777472932339,0.04838930917304692,0.0
46.04379946919151,15,36.07337741219148,4,0.21371729080782922,0.10793205514992942,0.0
77.68734511010919,17,4.183789229530142,4,0.2635894011293875,0.06821129250745847,0.0
49.212972873353856,19,11.892407756710185,4,0.09166593035143707,0.02881058237159707,0.0
253.50379531455584,10,18.85330302215583,2,0.21914021968680278,0.17912987667665844,0.0
224.40755354332657,17,91.58341774435652,0,0.03904853769972242,0.19231023624133403,0.0
96.2217672702401,16,8.615872609479519,4,0.04881088626493621,0.11300646286682746,0.0
28.33680493885478,15,54.78956482838786,3,0.11336416095533708,0.09201226321609227,0.0
0.3356988417854668,20,2.3952617904503475,0,0.17247207974503617,0.28033811047483487,0.0
48.4111417972235,13,18.67178015141198,5,0.4753504657160916,0.22869374032952497,0.0
17.544643747310257,10,63.67274842133982,5,0.35627117650337586,0.08807337145470835,0.0
227.40754444222728,11,4.6666556236473165,3,0.24342480406284617,0.1302623797800412,0.0
10.278221397731524,17,35.6985951746431,5,0.14257613981701514,0.3363031655811597,0.0
16.506677084364014,14,2.4114531016010714,2,0.33746637051682743,0.05547007448236583,0.0
89.10636313386001,16,11.695362951285864,5,0.16006474997473524,0.1412551636744302,0.0
21.217251437267958,14,2.5743917005444072,1,0.15492572997105694,0.1668854872078603,0.0
64.78975298780925,21,1.4192417375018813,5,0.14772050932125097,0.058191608859026515,0.0
38.602911837950906,21,16.489031325753118,2,0.3462591617552835,0.10874123449117239,0.0
74.82664165196881,8,3.905934713550811,4,0.16330889841624083,0.04594448247100501,0.0
147.52617130571824,13,7.66001110986562,3,0.541692565907393,0.13636618392816732,0.0
339.6610946179841,2,301.67588563496264,19,0.9046407183417493,0.8201260506829823,1.0
45.711509391748216,20,2.620175015351439,1,0.15781616660135236,0.06260995371184813,0.0
23.139384991296197,20,28.451885985248015,3,0.29162340519612184,0.3487120004427848,0.0
0.39617783790620925,14,20.65053352261977,3,0.11169583158018688,0.01350983388350793,0.0
160.54118543305177,20,10.993272260332713,4,0.23654083069586523,0.17345353917315484,0.0
6.043687162063771,17,36.51309755130689,1,0.1086771026493644,0.3322684893085962,0.0
20.67572843671566,13,35.21214081563737,4,0.31027395962804927,0.29516830285185147,0.0
78.284979643767,20,42.30502127742348,4,0.16192324098801095,0.24707522149517216,0.0
182.57186310623626,8,19.13060764363047,2,0.16797325097550292,0.09752994548427708,0.0
42.774099930310285,20,0.488574911324087,0,0.36046602820488843,0.17950618910309768,0.0
7.669962401504529,10,74.13133093516144,2,0.4302641262565151,0.07742591286536916,0.0
40.77711005219012,9,36.12636818975607,4,0.0861272749928834,0.046826703126530124,0.0
32.19920389152896,9,19.14426131293726,3,0.12468679901986002,0.024955129902598894,0.0
21.14065239344945,17,9.550382659688484,3,0.24373008918333045,0.017436723416918837,0.0
275.84658729606406,20,2.2922717940815986,5,0.1549167160289865,0.22860679961975472,0.0
69.98149829954933,16,0.1741376999215407,2,0.15878129719289238,0.2531131852721188,0.0
89.36604267518467,20,7.057008463928145,2,0.12176795225014857,0.26211357346718267,0.0
74.86901821293918,20,0.20249489351076647,4,0.05703678926722754,0.07355219228608711,0.0
15.411259476666148,20,15.687448912479592,4,0.14654053839870607,0.15584004146516392,0.0
138.31956090938172,21,16.740920331167917,3,0.05993136542358124,0.12122086934153538,0.0
14.078166947260392,14,6.960611968582896,1,0.4784206121138577,0.10553163795099292,0.0
167.8666965728795,13,40.99993612588808,2,0.06009674746423494,0.17302452391551354,0.0
138.3543140415228,9,28.32700688118221,2,0.4349034159461973,0.039677927603785065,0.0
117.62912671678262,13,8.100481168599314,3,0.027383568160523043,0.07084839349383291,0.0
100.30794302214206,16,10.177268566759283,0,0.3849885951014708,0.17202798702422187,0.0
43.386304295605775,21,46.18344496855905,2,0.22158796618836352,0.1567125223463158,0.0
16.01652491869178,20,2.564406205471857,2,0.29361985027688253,0.2021546243248003,0.0
33.03151138524066,21,8.847243289828837,3,0.21160508122077418,0.09270375820811645,0.0
138.26779473774982,11,4.268140440914507,4,0.2592412504017709,0.13390935665172266,0.0
448.6996984567245,12,13.475597848584206,2,0.39978682598713816,0.14323347181979965,0.0
37.23848875301437,13,3.3843607882060582,3,0.2584587022032826,0.2866459981693718,0.0
13.199810100024303,17,5.927394641244213,0,0.260279932315136,0.08375093672360485,0.0
122.01723146703566,19,4.636192238895943,1,0.053884440678771954,0.03945323008148602,0.0
127.73201070021861,14,32.016799273770694,2,0.3315595915364442,0.1708113663362934,0.0
52.840063398990495,19,12.672045776364666,6,0.10812250032158789,0.15682147500322247,0.0
23.956622147254887,20,16.59616218805051,4,0.19397772129726526,0.1943490190436237,0.0
8.485526087847074,12,33.77031262013385,3,0.23621779576636293,0.04084084395110628,0.0
26.823599407332956,20,5.672824265606118,2,0.06402283379955241,0.02794347359306196,0.0
17.05705020125335,10,7.3166502766456984,1,0.14672120951347586,0.14699414496380908,0.0
35.60719673422463,16,38.99079013016604,1,0.17415363418386615,0.08768271683925462,0.0
31.405007601096354,13,34.88144795691534,3,0.32004162509249157,0.08460913555708476,0.0
29.31223716235695,17,1.3442924147656987,6,0.5288133657892775,0.12719412199402358,0.0
68.15978328442111,20,48.30231748116459,3,0.1099602046293379,0.21068560089252417,0.0
64.30237221035074,18,10.261093561901715,2,0.05457529233878012,0.19689525824642667,0.0
131.0558656935481,11,14.66555063915624,4,0.4298037718820469,0.2532129101054241,0.0
40.46459448852793,11,10.438591486500762,2,0.3313338049174093,0.15854423407175475,0.0
13.240840729929737,12,56.65037055908881,5,0.06829055999566387,0.4625962622149498,0.0
2.701347656441924,20,6.087284244671042,2,0.2033385910620854,0.09318871159508034,0.0
2.7002095368448575,18,3.7713855383137407,4,0.3072627038943066,0.3049197264048827,0.0
22.158541271320836,19,17.589137526062334,4,0.17061735757815852,0.0803184305375832,0.0
8.597230619503481,16,0.9531880200632223,3,0.07073979427174305,0.19620114812374245,0.0
43.83073484171712,15,28.791319692446802,2,0.07548767025903985,0.06738167438896346,0.0
220.10347766456334,15,31.1902796086985,3,0.08374350788684515,0.1697975888809678,0.0
58.397756973983086,8,7.78922888734809,2,0.25428819058521557,0.08191988230934989,0.0
76.40656612958989,14,4.791998116320244,6,0.0756049472657127,0.2851004155700173,0.0
145.12694804967458,18,0.16801697010383032,2,0.05749358426885681,0.24256784831629888,0.0
200.47167167329488,15,40.91646936581279,0,0.06174767140152435,0.2601038339302129,0.0
90.93063663144252,8,18.727794954231026,6,0.2648413926565219,0.07523492991663903,0.0
29.015294090733615,9,16.593243989153514,1,0.028134882328548324,0.1615325438575499,0.0
29.895938266456326,20,20.089746753864635,2,0.2647208923026126,0.28134963146932923,0.0
165.2891260085962,19,4.624654422560476,4,0.08279790130142918,0.04055837081760337,0.0
14.368949297465083,11,3.0770157520146615,4,0.1540902080037711,0.2210124381639597,0.0
82.5311201376071,18,10.293645481526193,4,0.18720896270058107,0.11767617889460225,0.0
57.45484775219311,13,30.898014282975836,5,0.005520770949606335,0.21721733471510235,0.0
16.313979036028073,13,49.888529652756326,1,0.2726861876573782,0.07932647963258606,0.0
17.982802606862805,14,9.121736176050808,3,0.2539200562558565,0.3304129368055643,0.0
6.393014810729854,19,0.8790830054848436,7,0.17252171061482308,0.1241554537847855,0.0
161.4114393404591,10,11.233152734353789,1,0.21189448468258537,0.1265797918514097,0.0
83.60223535877998,12,16.94294268616633,2,0.11497165294099645,0.19933049892502577,0.0
212.39600687044998,17,7.66483831771251,3,0.07760967369606125,0.02807148492542494,0.0
62.865565428002824,11,21.294199044174043,4,0.1676359444415781,0.2148310460657056,0.0
58.4396259985203,9,35.02621164889041,2,0.1788998211747893,0.20941878408664721,0.0
58.679867634366516,15,26.45676570889771,2,0.21198254912550812,0.0837747016903511,0.0
28.25430800012964,14,7.461181305708181,1,0.3816957705349797,0.2906378128376988,0.0
93.15087068463752,18,49.285601741404726,1,0.34046435147213017,0.1430967336357947,0.0
75.33020465534558,14,26.922247386743358,2,0.3361657813208973,0.3088644838410762,0.0
7.41243671624925,21,0.2765672132647302,2,0.20347200953518324,0.10817172471523617,0.0
134.91636554783386,21,0.8420357203968287,1,0.3333285637299767,0.17171670153484056,0.0
75.45597259434852,21,24.28678728894492,3,0.12291032982133307,0.30538021977376634,0.0
100.23249630604397,14,15.038414398883816,1,0.2298791156312292,0.23595947982842397,0.0
56.97370019477095,19,3.0525859754232485,3,0.19073904203177094,0.06612980971269766,0.0
267.00521296416787,16,11.30038711540388,0,0.20302390452249813,0.2704570989078061,0.0
5.814958302394491,19,8.231459401027282,3,0.11945966682545711,0.2316275634600414,0.0
23.040479130126688,13,22.347037937340033,3,0.22868055258354208,0.02142422291671776,0.0
69.52304008926606,19,34.42327191240344,2,0.1314179048564059,0.0822481051240181,0.0
14.991962622919004,17,15.449742305530114,1,0.13387508157802172,0.42353658392748583,0.0
2.6563417204502633,19,30.566255162514928,8,0.10995003640648565,0.13693040825725297,0.0
94.7204362961981,13,7.132753411368791,8,0.4031316873738166,0.3689967475126887,0.0
189.37379793730474,11,29.1497354310005,0,0.017108977433096407,0.06001866009025443,0.0
64.87333988397303,19,22.649204071949068,4,0.34255051708495105,0.43859309452209394,0.0
10.064889982303246,18,11.407634406680282,2,0.21168035996559847,0.06739222511307544,0.0
50.128555854568766,9,0.37085018414879656,4,0.1407785652552151,0.2031537794562145,0.0
103.70509484890286,10,61.114025471239195,2,0.09468109168650989,0.11876762914393917,0.0
36.84267584949915,21,4.5198817319125775,6,0.020543686075210676,0.22252426339255602,0.0
94.35085325688863,19,22.846803564511834,2,0.37749324036649795,0.16484852102316036,0.0
56.46067910845418,15,7.240443989467455,3,0.27926501522596403,0.2766442518068639,0.0
14.51742365653078,8,6.423053484474716,2,0.02913186797140339,0.11291359643211475,0.0
106.97781268557124,14,35.960927447841534,4,0.47188929302958127,0.1267316779092819,0.0
70.47150944751066,18,2.0175395228901767,3,0.21496363359698795,0.11297250170967563,0.0
191.94548397229448,19,15.24543942239118,3,0.059751295568899764,0.19407530246344534,0.0
39.8650199757956,11,0.031613393565324194,2,0.13160420933855604,0.1726141476932257,0.0
5.851745052905073,14,1.9735202564376313,3,0.20004383655563074,0.4393740547341636,0.0
154.7362426892527,21,29.972020848974065,4,0.14794425243242973,0.15427490248403694,0.0
25.33146152868852,12,62.253281320172285,2,0.06585740898772768,0.08425430172622624,0.0
25.69401412680743,18,0.3390024993925151,3,0.14506345013869698,0.38483999345047554,0.0
235.2411588145207,12,2.710019097708724,4,0.11938532170288825,0.055045387047348016,0.0
364.5510473782894,14,8.470784132634858,3,0.24636307886984063,0.14213026743727786,0.0
21.28489327675974,17,5.8393577126500995,3,0.3051491105616855,0.14111012958385966,0.0
75.48885801119327,16,21.880428467720876,3,0.17811938120184553,0.13333283303308377,0.0
162.03063353245014,12,1.0266203532393225,4,0.1845323017255359,0.2349135785586102,0.0
109.97401554850805,19,40.64562901738397,1,0.4365570675573587,0.13794621104049712,0.0
37.96453766537073,15,4.1623883756534505,4,0.17893816778344443,0.06600320504540112,0.0
7.534028869180491,16,17.25261749041423,5,0.13385067384433036,0.27599663733048,0.0
38.519402754162314,17,8.621487039756756,1,0.0762687443614076,0.08011940819788733,0.0
31.385567242868756,18,5.822053554999929,3,0.14625999761906638,0.23587864936851405,0.0
39.35482741691252,21,0.9795975460893519,2,0.02542993704852201,0.1602663231318411,0.0
293.1968098018054,12,0.3984579184119958,2,0.6686285119507971,0.18587898925505772,0.0
68.24008603393993,8,12.952463340852532,1,0.08371334192731383,0.2514824191678825,0.0
41.11807310995524,10,19.4829280592765,1,0.06755617753637465,0.008951809457772767,0.0
175.6126748533045,15,25.39038520134913,1,0.2207924092540731,0.09644768720622224,0.0
49.13808442737084,19,59.46527030417141,3,0.11461209804217573,0.27103179502777736,0.0
99.75636287939386,16,53.3221232117578,2,0.2552374568074325,0.28168814059079117,0.0
146.18095503913185,21,20.26471393537911,2,0.13056696369830811,0.14589369122565635,0.0
3.9508523561233595,19,49.79714540596604,3,0.12523637895273404,0.27144903327090847,0.0
164.40368294994698,11,23.767167028687254,0,0.0791964182545549,0.1812424108000782,0.0
160.8538854107934,15,10.463187846555396,3,0.47386240422812737,0.07132032814866925,0.0
75.02715424301867,17,8.214149837443468,4,0.232933883039999,0.17893036681466581,0.0
206.57989370845405,8,27.151922245929416,2,0.07732151662847336,0.07434087810181549,0.0
51.167505325376695,18,27.733281617447446,4,0.2389738431531343,0.1285003593538228,0.0
33.59713664181327,21,16.96547471800538,2,0.04498046690957799,0.051592811082512895,0.0
23.2615522225247,21,38.83842862186746,1,0.16043748276618625,0.13031523370898995,0.0
78.17859770404671,8,27.92471958782967,3,0.2264571628504781,0.012391545101448324,0.0
87.85426503426476,9,10.362870003612628,4,0.25404819651506716,0.03150024684026969,0.0
13.27106340718607,16,44.54081904262527,2,0.09620130540711763,0.1690923068099025,0.0
77.98849620432301,16,18.418595643850743,3,0.4120448403746459,0.15839925511758798,0.0
240.90456707015034,19,6.852405360518949,2,0.3700003324270919,0.08244720457690388,0.0
87.30378110290657,8,20.755588398346767,4,0.19773983740210146,0.07595857092605891,0.0
46.67649700290802,17,1.8412752864747695,4,0.2067481125311033,0.2515176070935819,0.0
22.754697156569797,15,5.9183413473834445,0,0.3840412294546464,0.15930852057984288,0.0
67.13623341167218,8,4.832209475291194,6,0.2061771310740177,0.055255774527721034,0.0
2.336401714567575,16,9.910629704893491,4,0.12063831902278169,0.019311449482734565,0.0
81.0466706397456,10,7.493529388594488,3,0.10699045160516343,0.3655012042341455,0.0
47.23319899165668,13,14.982755198761147,2,0.3048812318072676,0.1124912630798999,0.0
113.96898028777288,13,14.804000728919535,5,0.26017326794536866,0.33891083853366943,0.0
138.15862718263185,15,0.16128586111022786,2,0.06985378056391225,0.11331184813746771,0.0
176.76988845883426,18,17.10718173955652,2,0.1129130782915674,0.01303836351172995,0.0
134.12563211881317,11,2.694766558948016,2,0.09926332742307456,0.22938315146010638,0.0
47.795642383422575,17,16.360924256241447,2,0.31132984526535223,0.06686325896704762,0.0
210.84187658655117,16,8.658133139093017,1,0.16460173176982945,0.20726971728732238,0.0
108.85270425285933,14,11.623718869805522,3,0.19933639796602062,0.1926215590385382,0.0
94.30572065619323,19,2.8345752037842904,3,0.02709260969564203,0.3510889868828001,0.0
95.52595402413385,18,165.19468477397493,2,0.2242991866744766,0.08456087498907172,0.0
10.500163510774518,20,34.42977107094733,6,0.19008430743630325,0.009264559777177543,0.0
71.90356193495352,13,6.625696167627101,2,0.020395148728385607,0.09495379300373731,0.0
35.29815996238961,8,16.649680414970558,3,0.1351194521205229,0.21560194489856357,0.0
64.3264722459922,8,22.005070199219993,1,0.13860912637196107,0.0931890991753918,0.0
241.97962545616411,10,26.53848387689599,5,0.2510383986001324,0.07618941457684272,0.0
176.68470434094004,17,0.9895176105008765,5,0.3608479409070472,0.09674325693162533,0.0
27.13293364559088,9,6.121686088984068,2,0.08331246082851801,0.036488607723898545,0.0
234.59615687540506,9,59.249579071776964,2,0.1703897032371946,0.059163708590318255,0.0
27.404355242217665,19,96.30173980980202,4,0.3228982732454136,0.26914913102012405,0.0
118.14197056331167,16,42.69277253425594,1,0.0752669191935382,0.17436314833345884,0.0
45.617175190650705,20,52.651274231131175,7,0.1810320328979119,0.1706728911979405,0.0
723.0663202998145,3,599.7154457528809,16,0.4843626866802347,0.5870785882257197,1.0
90.39357105504453,16,7.212155360726779,3,0.14490549417671153,0.13840406283575635,0.0
51.27624917622509,17,8.829097408033507,5,0.11012044772602139,0.15080841686627083,0.0
56.83497417073521,14,4.5483786096938195,3,0.16558107102214092,0.11428910565142408,0.0
82.659503796162,14,3.1789863020884517,2,0.3730332408541446,0.21775841248348093,0.0
161.4360037894332,11,45.63567983075374,4,0.18611243668876795,0.1733222680799387,0.0
239.3390820026749,9,23.014482057255673,3,0.21480686198870627,0.27321474084901337,0.0
28.678727586975555,14,9.14989458541601,6,0.34782278843192044,0.200329933602533,0.0
9.298481196019273,23,101.79880866110871,22,0.8703192383225427,0.856154639201347,1.0
62.41934304716102,8,11.600931016052876,3,0.19099452780290882,0.2047431965018548,0.0
65.61307657102998,19,8.82045090851593,2,0.3256871532806572,0.05797645241365717,0.0
129.96496542815447,8,44.51805874259321,4,0.5913994229917053,0.11003471246288694,0.0
24.026100171782282,21,0.027128881047214802,4,0.2319650064756143,0.25237245747286086,0.0
84.97299108277628,20,7.271492258542041,2,0.05151269006008187,0.19400359229323894,0.0
12.666804386375002,11,39.76342924069464,4,0.09360200426621892,0.046011095181274116,0.0
61.39995408211572,12,8.796346264894309,3,0.2557788393381743,0.08782370537758606,0.0
43.50207147979952,9,117.75798616966908,1,0.039096842363212314,0.2835595014209429,0.0
34.662598344523076,17,19.959640425661277,2,0.2276665407588305,0.05060170901413416,0.0
43.43009730048056,21,15.09599671597661,1,0.30668350522466953,0.33002275884538257,0.0
225.38043643097214,8,11.56216662624332,4,0.40602241272967116,0.3683015703728005,0.0
36.15795991735699,12,10.391109811511958,3,0.09011573274726917,0.13324454645611755,0.0
7.136882319191783,20,23.222512835902695,3,0.3750449423403014,0.14414651253840285,0.0
75.53016517676242,10,6.255872536749935,3,0.1746130273530823,0.025178829485360283,0.0
105.4086223304379,15,0.11883364679868251,3,0.12033182343154748,0.4770019552072035,0.0
79.31193411465762,17,8.045652621148383,1,0.2049047056041957,0.17573680451958612,0.0
64.62684123255882,16,15.641660335797976,1,0.19825288352236672,0.26305838943184556,0.0
15.963137223234881,12,32.647232872031765,2,0.33214610639314324,0.15143080867561487,0.0
79.03773643696613,16,32.117884564547595,0,0.2688556867789102,0.10891119969544882,0.0
29.88500411166404,20,26.237404587398167,3,0.13328293286006596,0.2798032971149497,0.0
8.933960047871354,16,15.513880612396909,1,0.2174311554872985,0.12971480216541004,0.0
146.9588056382243,12,24.750939624968016,5,0.07824978161436427,0.3839013670659249,0.0
34.317599783950456,14,14.105863720056496,3,0.04604524008320949,0.11358956366807511,0.0
8.916877961328353,12,0.7100629983049461,5,0.22577556746994115,0.09944807931647572,0.0
159.94025534855714,9,16.081730189592406,3,0.06704069671203018,0.45494612396074285,0.0
1.0469750717028001,19,7.412057152103895,2,0.4273839453433221,0.31121346539816314,0.0
14.078601685465467,20,3.804293662852507,5,0.33279599042000735,0.19079386151890307,0.0
7.283060608336125,8,58.01054489780483,1,0.16805128732143457,0.29219807011417837,0.0
2.988858240758619,9,41.40120506387332,1,0.05118811662203878,0.36305122112608623,0.0
140.4969393375709,14,2.3521768898434816,4,0.25370823774711077,0.42573641549136676,0.0
8.825781550390051,16,88.4452967370423,2,0.1314169567304026,0.1539026672751934,0.0
257.0931948230018,18,11.640915061852922,4,0.07161050491344818,0.12972197296640928,0.0
94.88943306673673,21,12.708454325699957,2,0.12114018628731386,0.015878411740944266,0.0
249.02389800033643,20,14.35744756284571,5,0.25036804763173615,0.17970104144665455,0.0
28.644193314259184,8,34.01051047643863,3,0.2698158343907906,0.22941429121682735,0.0
158.81227939445432,15,0.2996125137507447,7,0.2129053115362243,0.12535274136041244,0.0
2.203462290950522,17,6.331483439696065,3,0.2345768499244713,0.0921437194770839,0.0
738.548561223176,3,220.5900942424826,14,0.41027302927958026,0.6618152789083879,1.0
72.6760986735065,21,14.199649032530594,5,0.23702886404780105,0.10014755068683497,0.0
20.784412553391522,17,6.276680138160603,4,0.2269693425633986,0.15023252108232366,0.0
11.914494849969156,18,15.577058401239503,7,0.2554380418274894,0.1279435005117766,0.0
8.02092984293352,16,5.069637845614717,1,0.356545164440687,0.19881172292439186,0.0
3.1789605289774245,8,7.24526421290426,1,0.11371656024804604,0.3124062603248639,0.0
3.7025572549465564,8,2.7536355385067193,3,0.05302219750366918,0.12625708294565183,0.0
118.01716208348108,17,36.70173341938931,4,0.2666645493833279,0.03131871714210823,0.0
215.19908293530017,9,0.36405151512775763,3,0.11311960220846488,0.23180126732762601,0.0
17.431700875236,21,39.33276259892443,3,0.4466420913903587,0.06410350208338333,0.0
27.01821977914148,0,798.4795254713239,14,0.8960619598904024,0.844759472306568,1.0
191.27009114589214,10,14.78687267714471,3,0.10547699258484912,0.2410924436847963,0.0
138.12411605041598,18,2.253510335838178,2,0.03396128378993779,0.25469235347928415,0.0
394.8812593582488,17,7.627352537233078,4,0.3065936636357827,0.03925511280788836,0.0
2.7405212182063825,8,0.26714708883564037,3,0.20228628262508852,0.38191430151190997,0.0
16.15341183836939,11,35.948859683536575,3,0.36977649288834574,0.1307495844725707,0.0
55.4963524957471,21,22.00538985706238,3,0.1596038220127727,0.46583681930880655,0.0
114.50024534620991,12,24.61058679487103,7,0.14625580313804104,0.2453166575401435,0.0
56.440557982183975,14,6.747702964805428,5,0.014464300645456445,0.10150097124094982,0.0
181.1394119428985,18,13.124279769440015,5,0.0636215204651307,0.05547776874008045,0.0
229.28283070241565,18,18.532661852758107,3,0.17621530142091085,0.011185134216175646,0.0
104.50214708491666,9,26.021721812619628,7,0.16444667961641873,0.08606728677218077,0.0
14.214522036485185,16,6.198477282193041,3,0.18015862656540477,0.069887468254684,0.0
71.38542001146442,14,27.951878792458196,7,0.23537651230539375,0.18824873585815582,0.0
20.69493969115051,19,17.669034065312793,2,0.1905931617581396,0.17262878790540256,0.0
31.029157124579964,16,52.130146354948565,2,0.11023825714286861,0.10677666100354267,0.0
95.03340499363709,20,6.5109161649659395,4,0.03571301641749202,0.0633852790253955,0.0
54.11808107274648,12,16.27831994119735,1,0.31627832875959727,0.21917012232848143,0.0
60.00745539896581,11,59.509052050206314,5,0.1907978121098396,0.3583589121644144,0.0
13.349663076851026,16,4.7281006171514806,3,0.06236590239262565,0.058816463533718916,0.0
176.86198854480946,10,30.30001040141641,1,0.21535317511497593,0.2618993456938841,0.0
114.51267845891863,10,20.288685824631003,3,0.2783437164422853,0.2049448602938458,0.0
73.16380339685128,15,19.424687723668065,2,0.19299265405611338,0.13081196697310105,0.0
14.880194977784097,16,17.323762836187193,3,0.056615982994876086,0.11711682668036734,0.0
88.15195682489721,17,63.9476361676651,1,0.10863930643126898,0.08226075630632781,0.0
95.23166275971104,10,24.89793476517363,0,0.1438548330532942,0.1724128260261304,0.0
37.50700660418317,19,31.2704627809946,2,0.6139601605362658,0.23831162146585197,0.0
72.97542803324576,20,47.65031093684882,2,0.22463646143005156,0.11464974151515163,0.0
42.95207876722983,12,11.511394564717563,2,0.06883793422200567,0.09217377338272752,0.0
1.8180471582032092,9,28.461494684391717,2,0.46248239378837636,0.18483424440258472,0.0
42.387624812240226,16,15.39630018022452,3,0.18468865954719788,0.1477268761755633,0.0
137.914712476717,19,31.141064265361923,3,0.35710717297136363,0.3216548257999487,0.0
0.5605401547779569,15,31.93220172210935,1,0.07701170441605978,0.1067698479349308,0.0
9.495441711222766,20,2.6645970640518897,3,0.11239069392586534,0.1196723066874255,0.0
48.582809223022345,10,0.9757230625311106,2,0.11819000733150571,0.38427807152846655,0.0
18.341106782967074,18,26.35807977436812,4,0.25271003073730836,0.02164026265454384,0.0
115.8138503029505,9,41.885830276000206,4,0.12534064325529243,0.2753045833439,0.0
25.640138405350502,11,26.559223941199544,1,0.019968548831842955,0.04435481709133077,0.0
72.15983444845475,18,20.40108603194858,0,0.06557645411139372,0.08133278684742389,0.0
78.42024425214616,20,0.9957129041713187,3,0.07730461672928693,0.13251374343691946,0.0
43.57969188361735,8,12.036268301234983,2,0.15678829130802735,0.03166723078507624,0.0
95.57709933987039,14,5.922167142871688,4,0.34605092685830385,0.21972556946474728,0.0
217.8175180769651,21,59.1061481673692,7,0.2888488678286886,0.029061089922019067,0.0
247.8482798845045,15,7.147468288610382,2,0.09627898956463886,0.06101807954976439,0.0
63.857252491686474,16,1.603214292377444,0,0.05658686391666377,0.4137078668655226,0.0
17.36959013188104,19,20.24118735283624,2,0.24301096510711037,0.04702149871011525,0.0
130.74222137411508,15,10.595154150185337,0,0.0358662586384917,0.09871490799103949,0.0
37.660335711776135,16,32.32645616816887,4,0.1001572122061556,0.04971239041671256,0.0
25.87237930464816,16,26.28721292248435,2,0.14610789992600615,0.39135541112294003,0.0
38.21522758239199,17,35.647053935648266,0,0.19633046338473703,0.08349087224577013,0.0
2.078124315361158,11,13.116266699456055,1,0.2606004582428054,0.1800686174333144,0.0
94.28430689132257,15,48.95475314516591,4,0.01890500523084375,0.29059311089944717,0.0
29.193155929613184,8,12.117740903918591,3,0.08196876541587055,0.08520285611036184,0.0
34.82758797432937,17,9.205156418886704,2,0.29542147554163734,0.2016794358397662,0.0
7.115545574985671,20,2.5542445575267285,2,0.3482895990309184,0.3620891681858483,0.0
41.79245459636778,11,5.4905699745401115,2,0.2685507248681941,0.2547856430607325,0.0
81.40520141840823,9,73.52195838687709,5,0.15284293865983198,0.20169247575201135,0.0
8.909680567265966,18,16.2732713638188,3,0.1176765705427722,0.198024919179954,0.0
97.02326500423823,8,31.377071011014937,7,0.16451684122837748,0.15600155717213468,0.0
4.132902817080391,21,23.880002878454732,3,0.40675056403713755,0.1332338973124863,0.0
6.877844552190297,17,2.366265569703302,2,0.10646347519832726,0.029829226264432025,0.0
37.564710477817165,10,60.3645484470179,8,0.25406001707992953,0.04565495933043414,0.0
94.12304856798522,8,43.20860784396559,5,0.15319545703113427,0.3630037180163395,0.0
125.45563329769189,17,30.88077969628856,2,0.15775017860465138,0.15591169460955512,0.0
114.94055567275373,18,11.013005081901179,2,0.13636968841534433,0.16163955925980572,0.0
4.787101488694454,11,45.56998859913957,9,0.18279153284548721,0.06435020282598668,0.0
332.8499330549787,9,20.235599460586833,3,0.04393231091017659,0.13677106305187384,0.0
55.86340385731156,15,25.110681806630524,3,0.06047302865331199,0.09394975011571341,0.0
6.787900046424965,14,16.746296823983993,4,0.26318384486297697,0.34095854215164445,0.0
135.9918087732415,16,16.382639778857524,7,0.33023003784947963,0.17450100910162947,0.0
279.1247731301372,14,1.2983982765811608,4,0.18838173405171743,0.2537273310969063,0.0
98.39275072166274,13,6.447034798194798,0,0.5301505318535205,0.08797092333109485,0.0
33.14924735376011,9,7.35739763998175,4,0.1959286146911331,0.09307606718031576,0.0
30.989839271571796,11,36.12032274888306,1,0.05909801263654784,0.3083188527476215,0.0
21.68524157732902,21,76.0404381945773,2,0.2079083508927201,0.20036678143800432,0.0
158.1034722730243,12,1.4135504321913492,6,0.09236300408860271,0.03629777432170662,0.0
94.30452022560154,21,66.76983603200989,3,0.251836859701963,0.08859322232366292,0.0
93.10892785069268,10,14.07310304050248,6,0.2774900250505117,0.19743071601562595,0.0
13.392590392950927,18,4.482048444163464,4,0.32142668873959634,0.11456675575448749,0.0
126.3197207249501,16,6.143337690137814,2,0.06234214976076066,0.24677799435250933,0.0
18.2560689009251,15,10.933749367858494,2,0.331583599681696,0.2391209035404587,0.0
42.52033375061294,20,29.538823196161346,3,0.12432764797329181,0.1310005789520553,0.0
55.98879375129145,18,8.362184799797102,2,0.3496484396121769,0.10821017252274077,0.0
28.311699920261187,21,8.73301212093956,2,0.04909489647162899,0.1255331566055786,0.0
33.12372078490591,17,26.325909478745725,4,0.17594565812104676,0.2272481507915409,0.0
31.684737983280517,9,6.486860789524357,2,0.12997402941687636,0.10078794680461722,0.0
132.36583704069145,9,10.993758701702433,6,0.26086989064490723,0.13906028456069783,0.0
48.028963873963434,9,0.4144977506259513,2,0.27335101966166,0.08471310319234975,0.0
62.367479751510416,8,11.411566837034332,4,0.08733730815300109,0.33731610018489405,0.0
29.167849755808174,8,10.091421967622438,1,0.3371102122228818,0.0847839738957741,0.0
58.93383409622053,16,33.145567571753475,2,0.025111925206543227,0.12882365530888668,0.0
18.115181643999364,15,43.91886083237583,2,0.32769227045102867,0.07851513669028189,0.0
131.6697046452757,18,10.215250001297926,3,0.41607792878241096,0.14661792803444504,0.0
36.30805957497593,11,16.74404515166245,2,0.0957173231205254,0.18629880475480734,0.0
200.4999994269738,19,7.201718125025308,0,0.2197904654192708,0.08118260447677877,0.0
57.50472807904501,10,47.31243205900918,5,0.10652801873032211,0.22581486549120705,0.0
102.82044639976547,14,7.176070307790435,1,0.13457493915193133,0.26026811141207173,0.0
84.26809085497892,12,34.10964051200263,1,0.31267733115636187,0.07337268036446681,0.0
128.075994584679,17,18.533419859936988,2,0.022857552824353627,0.059112892283724974,0.0
8.121385722120761,19,12.755768039626357,1,0.15713703228897644,0.3358600932371043,0.0
4.9095914865573045,12,17.910130696011812,1,0.1976303095047153,0.26857788015124046,0.0
89.24050026783885,19,41.45841429819978,7,0.019298899235176598,0.27074763744153874,0.0
4.269638854320642,14,19.613506636225107,8,0.133522127627085,0.2450618551197737,0.0
51.829965115025864,16,13.005471363571887,1,0.2903919671823757,0.2551918863453254,0.0
7.868564915872839,13,22.77155525224716,5,0.3306712605530556,0.15700939853311224,0.0
9.691715486049613,20,17.12648393591551,2,0.03888190122023642,0.11774224954044152,0.0
126.46699904886367,9,24.508612499804755,3,0.04115474205242174,0.1477437497101593,0.0
77.84723802824684,17,7.7097080671096165,3,0.15622989334667745,0.059952596104542275,0.0
159.8190447061435,21,37.5995072724338,0,0.047826355181712285,0.11367966891658846,0.0
159.99657456293937,16,12.375686191435234,1,0.10558043845804414,0.3510350431297003,0.0
59.96040917268025,20,78.2265722186257,6,0.3637106613272935,0.23581777865169837,0.0
294.45119823120757,18,14.170769327302867,7,0.06739908918991422,0.2863462422580522,0.0
78.73009646256091,12,37.297139917664246,2,0.12562160185013582,0.05535979196942886,0.0
89.3058863942805,15,23.089255337609362,3,0.16736254097243408,0.13007962947541737,0.0
1142.268671712081,23,660.7511499075721,20,0.6606731486404569,0.9627606037978136,1.0
422.40398152397654,11,0.46837730727582855,3,0.5151379434263669,0.2858396177011976,0.0
95.26604782063498,20,21.7832655941801,3,0.17006971318368602,0.038584025131821145,0.0
59.09228706232125,17,36.52342812693168,5,0.11165117041012104,0.3737567856159266,0.0
43.85925485149901,15,12.538583741690285,4,0.24263824500609923,0.19494266501838708,0.0
26.506708984539085,20,15.223229250297802,3,0.23230278582736194,0.3300874068644121,0.0
36.908785117657715,11,17.739745955502187,5,0.3247020050757027,0.12361653250950837,0.0
17.197697176523512,18,8.092425666044939,3,0.08384386750459297,0.33593679088306855,0.0
3.947223459196429,21,14.757666104961205,1,0.0709657689471319,0.1180978836619332,0.0
6.005170698596461,13,2.7797761967971484,4,0.01755963323284358,0.2580399058852784,0.0
4.488845743051883,20,0.5321536890122524,5,0.22584904748477236,0.25146225960284885,0.0
222.40482142343737,10,5.915480789060993,2,0.10036945595333353,0.07981115529724404,0.0
20.351711029675513,10,66.45349247334158,4,0.27444616108805525,0.11903504780486725,0.0
168.3207173944763,17,25.74594809839055,3,0.026798563112508618,0.11926311928665742,0.0
25.705289818733263,17,32.9212050076243,2,0.27827795467783356,0.19465517362434265,0.0
42.35931375348491,12,56.82072698742982,5,0.23970886576592068,0.14307667277476857,0.0
14.621755814867745,13,2.1533729862480007,5,0.3777270552755152,0.18410890586204318,0.0
51.02853152362174,8,8.812520565647501,2,0.1166276100904409,0.2324527993001518,0.0
13.950645908090468,9,6.705430821794876,4,0.1499334020436325,0.19323998915192006,0.0
30.07420362350718,14,7.063528883590483,2,0.18168403163483118,0.2768354221860532,0.0
14.025265288335923,18,7.847644560378572,6,0.09202801093067142,0.04647626156188004,0.0
1931.6127791571068,1,81.20417741964587,17,0.6418469003681061,0.8048214159801509,1.0
6.54701516864698,16,28.51911797469297,3,0.2257624695240727,0.04306080363838441,0.0
6.975519495836581,11,10.739744015573557,2,0.05527253720366985,0.19144409042726027,0.0
33.401231274577384,17,24.37533691416775,2,0.07431564028080136,0.010848735172648666,0.0
211.86340756347423,21,7.255191541953552,2,0.186722416225567,0.06756666312983499,0.0
18.422241516472283,18,3.0614667917203024,2,0.29069095472288536,0.14441490537270527,0.0
14.548936403941786,21,21.06381072429543,5,0.37728800896078313,0.10026640008682183,0.0
91.21170773372066,10,2.2492281570462955,2,0.10612167933727579,0.12509539629080224,0.0
166.93658186364274,9,1.1830120509786974,5,0.2849454409003652,0.24294145025194164,0.0
45.202771950638564,9,0.92273971535501,6,0.5781398053612469,0.271388558358751,0.0
19.661051937939863,9,6.260853645136269,3,0.10969584393763086,0.0717024960441014,0.0
75.90425346466344,19,12.407425209513788,6,0.0016102711587055456,0.31481012637378436,0.0
85.59152804927551,9,10.643366823968421,4,0.12568491548870064,0.0670087626423587,0.0
48.46621048695428,21,6.65406201965867,5,0.28621065445197197,0.1281522998883684,0.0
102.98054343257286,19,2.4796107558640257,2,0.11319952142014873,0.10541899571095795,0.0
20.430746351887286,15,22.194696689441976,1,0.17643583270298668,0.17024244942125574,0.0
25.219971079100482,10,20.730762594304636,5,0.1611945595983791,0.20161759502767115,0.0
239.75779065506285,21,9.760286443217327,4,0.12129191035598509,0.16583241967732593,0.0
123.68077043645582,10,25.14485768022828,3,0.07574139585683463,0.047700368493126505,0.0
4.151739488784988,18,0.5779469183554011,4,0.1940841923937086,0.23232483084001307,0.0
163.96234128771195,19,30.152419636492496,4,0.5023279573607512,0.1725185660235887,0.0
128.10977842154773,16,92.86664272061205,3,0.13837937953131219,0.08515201415963691,0.0
70.02195982158125,21,11.21857383114624,1,0.15908950366185706,0.20262899202209758,0.0
226.25510963182376,10,25.45854431910128,2,0.2770259059057312,0.2527500803295684,0.0
32.918325523394316,16,18.066316168129603,4,0.2863602925271876,0.2533085804657139,0.0
30.56524603718652,18,11.779744956193506,2,0.13241168374848689,0.05201210113041676,0.0
25.753086674934437,9,4.861186109468415,2,0.09976527172804871,0.20702818405485782,0.0
387.63312421230887,8,1.7950431927374855,2,0.13116016625606475,0.17950643723898282,0.0
6.8683665528086415,11,18.11100415834957,2,0.2773419649761849,0.2182537730867314,0.0
66.39428581833089,14,6.50960328005337,0,0.10980961016023112,0.07510048266160389,0.0
173.79014197284192,16,23.148340874984935,2,0.05364232606322475,0.06654211303863322,0.0
28.527375192123678,21,5.241602972473939,3,0.3706712886128966,0.09764420571653658,0.0
12.34461236336955,13,22.736151329597295,3,0.1360785497665851,0.08034407982526978,0.0
18.868642396659205,13,11.055324989314991,1,0.1457317245506007,0.1384703635895751,0.0
100.15020929355403,11,13.462724612393552,4,0.05195185358655982,0.23403729121902528,0.0
100.6531927301688,14,24.83553701006572,4,0.19452404202114945,0.1326929423348706,0.0
75.37488103334776,19,0.41718987839446564,3,0.335880969473197,0.060817067994611944,0.0
21.99694951108077,16,3.7473300082507937,1,0.42675619993520614,0.05923386166299063,0.0
121.07401841035724,11,12.031197589895015,3,0.33604358663627304,0.2926832600248493,0.0
274.7674248947433,21,6.735217931499472,4,0.17877854589102743,0.2236725333219789,0.0
131.95662743768588,11,8.56983853388079,1,0.06299265886638104,0.18890369130881976,0.0
187.77294270067256,16,33.022731571203565,4,0.17216012698412775,0.28846882746773006,0.0
102.64540894990886,14,14.269456216567855,3,0.12615286790573618,0.04884699662430606,0.0
30.191736703607987,11,54.34727028844637,2,0.0281394974353969,0.13385308499633541,0.0
11.341645177920547,20,32.856029983370895,2,0.20445209464443548,0.1538187812272484,0.0
64.36332699198638,8,51.707895124731884,3,0.12966087659021092,0.030000351005561435,0.0
48.589880735625,17,41.60819898990624,5,0.1487143671308021,0.2987842380403847,0.0
154.49838762322838,14,4.263665158500241,2,0.1969912923286644,0.06693053072510294,0.0
58.95940329573722,14,69.63119770828486,4,0.32365180517814995,0.2278946328664089,0.0
19.693277048939546,11,3.0759941616495463,6,0.23638094592092998,0.26480553347426583,0.0
156.61573895646825,11,15.159764789722514,1,0.3400108692635783,0.032293975788904035,0.0
10.849453249763588,14,5.649887638378264,2,0.26380160003631303,0.1427425710686045,0.0
130.29558952977183,21,1.4565178599443904,2,0.2477563023997039,0.07143908203832972,0.0
677.7635161389876,23,128.443668252453,11,0.6844371806610315,0.8777689823055984,1.0
34.612852678747416,21,24.542975797003706,2,0.06845939279483941,0.27084961801297813,0.0
78.16518788973846,20,9.210768418867868,2,0.24005987777088802,0.1758126357234019,0.0
26.907890259854636,19,37.57462435591452,2,0.1547517361205789,0.23115225738836048,0.0
37.54144719814873,9,3.051865920749652,1,0.0929079214940169,0.1338786233985417,0.0
21.111733035303107,19,28.41015156920993,2,0.1813203634040478,0.36567434772275026,0.0
73.17530593713455,20,45.18729202170096,2,0.2966345682684308,0.3008896048919931,0.0
199.37196926276397,21,25.137414751956456,5,0.11159443203129475,0.15342039609385422,0.0
184.77027836962998,9,11.325216069721737,2,0.07140821248710455,0.0869241860422933,0.0
17.47693394460354,16,1.3297138539020494,4,0.18380444699203632,0.14848242964851432,0.0
114.1711567932633,12,1.4193442559390337,2,0.07904536937538108,0.11654581244075339,0.0
55.695017521279134,11,1.6592915557256251,2,0.36690872008140835,0.270437748697497,0.0
24.1054677240551,8,26.477314101131604,2,0.342173425209883,0.1478711921425053,0.0
164.93054379315333,18,9.243543680715437,3,0.31176192164159117,0.20193862138595375,0.0
156.38713257329994,17,37.99271885172284,5,0.16576513865254677,0.24431005039383893,0.0
763.7133233299351,0,626.2441679593825,22,0.9273109323307882,0.804776871080497,1.0
43.76556606552193,12,4.799769373839276,6,0.23842687992675107,0.3785132775235048,0.0
106.70684910469781,13,29.518254433458115,3,0.05231922143269506,0.18204654473923157,0.0
139.88598186279182,21,31.210551259252156,3,0.06321374473994791,0.3466073087867861,0.0
4.505451939463503,19,51.26084385130185,2,0.1495854574781519,0.10555346840074921,0.0
24.635835964287224,12,15.769241804778765,4,0.24905522657595525,0.12355614095466695,0.0
132.11885680603842,11,25.90584239408757,2,0.058594692020806985,0.13401568709849246,0.0
136.82417717661832,19,2.9969326984810563,2,0.2924089015230051,0.04526016914005005,0.0
66.45158933388754,17,52.93992059960505,1,0.14834275910318867,0.07761911279658269,0.0
71.577102946326,12,8.930809982543,4,0.1531426869355518,0.3233861677726537,0.0
106.80970437988262,11,3.9364308343242156,5,0.2149401507153922,0.050964927741435115,0.0
13.358422784892184,13,2.863476670875337,2,0.31797223770880373,0.16292023509899956,0.0
250.80211889758314,15,24.786799375044822,3,0.39198354631754995,0.24355755919066263,0.0
68.82717051351071,13,32.95344485629475,4,0.317017443720497,0.10137582893576468,0.0
95.45243267519308,9,1.4336623929200845,2,0.27586577112278055,0.2233435352542013,0.0
121.26323932412218,16,14.881095212780336,1,0.0917871093185239,0.163369887778092,0.0
64.71823431549792,14,4.685111648273297,4,0.25054390509587776,0.08921070715660905,0.0
32.231495255941255,18,12.339537275078394,4,0.16949035501722529,0.2709363827420233,0.0
2.438881396961881,17,4.181664532364331,4,0.16870794942788478,0.19125990939960974,0.0
165.8592801839133,19,49.17184237509684,4,0.42800645245433466,0.17507643559555663,0.0
3.1347293395004843,20,2.5794023361120604,1,0.02139096066546884,0.11704030583533832,0.0
5.43617525074167,13,3.4222570118653683,4,0.18822737836685643,0.13141738760093089,0.0
33.28817101043837,18,20.76714835103227,2,0.506914905140339,0.2521173038075551,0.0
92.81942123558083,14,0.6978686956973044,1,0.013003496107333812,0.06791783926312996,0.0
40.9678561019937,14,16.55703405133935,1,0.16001175851196595,0.17577418527835165,0.0
27.56400427230872,21,35.01988826195696,3,0.3036483104989093,0.2933030390747214,0.0
4.625252227836399,10,2.210539151462074,5,0.2654308146434729,0.20440858512548918,0.0
167.42069145838173,18,8.923055864696707,3,0.11664723042743336,0.15400828645992626,0.0
2.3746809234417614,12,14.913219085947784,6,0.15622870188331373,0.1402221106150933,0.0
126.70533605098467,21,15.16378279968502,2,0.24912815938351537,0.06557787222485786,0.0
10.216769739986375,19,6.502048828484722,3,0.22677830350481637,0.23569578475932393,0.0
21.298781990890365,9,63.0790216089352,3,0.538931966258272,0.29553455884332286,0.0
63.2979038385438,14,3.547053915287961,5,0.38330558358049965,0.12609484129121445,0.0
65.43198717825973,14,49.24425854721641,3,0.14099015557381311,0.15097211580189598,0.0
60.84377985032623,12,69.83790195233495,1,0.20323555790062547,0.06322800527716228,0.0
70.71384462970988,21,0.2500687397720982,5,0.17269550985461724,0.3258231580780415,0.0
20.15185031216661,20,17.019127617688333,0,0.10481327787618996,0.18897348561976923,0.0
64.7262791285591,11,2.5265195292857214,5,0.17060245752445355,0.09604106456902751,0.0
85.53891747002464,11,14.103001074761073,2,0.1785902059093377,0.14997640793255798,0.0
189.55964869677013,20,1.4904752835030863,1,0.29975926403031966,0.08066868009926735,0.0
213.83244058393385,10,14.192190507022504,3,0.3443028703604284,0.23568819163594004,0.0
16.526511119873458,15,63.7643216140746,7,0.14130448907033008,0.19880919770893138,0.0
93.28408565392698,17,0.42799425937833285,6,0.10167850785152271,0.3109742926873485,0.0
86.08047824875266,12,5.4260510492880165,5,0.14646619244590067,0.2789664425840698,0.0
13.496240540876439,13,6.79924180947061,5,0.0802489587941397,0.3244492787597775,0.0
79.0461543147861,20,6.023797820616005,3,0.06783425985352763,0.2582122323338589,0.0
7.467918363441744,10,25.60969505767209,5,0.0920302439746291,0.023605898962961783,0.0
114.43142024614913,8,6.7603094577564775,1,0.2665520828150381,0.1326357473540382,0.0
62.918482306792285,11,30.553266350002755,1,0.1844311347610162,0.16503049737921655,0.0
110.38820423166088,9,24.569949729221655,5,0.055292394671963674,0.36521549656653013,0.0
330.8791676800226,13,0.3066000302967946,5,0.08847327509007435,0.37208014966354175,0.0
39.23594510100105,21,32.24033716099719,3,0.16357707180085632,0.004362116972049622,0.0
21.696851898558233,12,3.661670059860555,2,0.17939370056841775,0.16900583911804437,0.0
166.92250261935584,8,7.743317096677851,4,0.34216019047463175,0.09178889847800002,0.0
82.3751014200188,11,6.797062515763511,4,0.22363642767551634,0.28588957273454,0.0
14.29721591724144,17,12.817647926406593,4,0.26125944275368934,0.37234923969930284,0.0
359.63742616942284,13,31.315325414257472,3,0.286161358045631,0.026713563977979495,0.0
266.0030377519821,18,10.605734432434826,6,0.5841289683918485,0.15450395160972658,0.0
69.93647513756537,15,61.01028686910831,6,0.2310374709339039,0.11356552541285696,0.0
25.157214890099944,13,5.319502365297522,3,0.09996489090733092,0.09039574371924983,0.0
52.521177683052855,8,23.843374462010473,0,0.22639500704501733,0.1343706529424159,0.0
16.845370277032732,12,77.6008227497654,3,0.14117813987688102,0.024169644862484504,0.0
40.57238169166074,14,0.6461078943508722,9,0.243545567082424,0.18578631350031605,0.0
74.68450534504206,15,16.83605298638508,2,0.21145332890187746,0.23814341039409295,0.0
135.3530402389052,12,8.279846337497855,2,0.13257787836022994,0.0389651768354552,0.0
113.74222420982247,9,24.53933262243296,4,0.05851469504761726,0.09031756470484524,0.0
6.777525000315061,20,0.3792598499415808,1,0.30794393598209174,0.08666045668654501,0.0
381.72420389076103,14,5.66109047751045,1,0.1096889149330448,0.22620492130438313,0.0
152.3856905801023,15,51.727891351656325,1,0.0635000902035673,0.16041231764860447,0.0
80.64916288327296,16,33.414529721489124,2,0.30180799650159135,0.20345095300880062,0.0
221.46031414710149,17,31.54295608450436,4,0.11546449957747855,0.3949721294697156,0.0
35.83742192589248,17,3.961534678634029,1,0.32557528696321025,0.2661595987296515,0.0
0.6073294825132551,14,24.134061404822088,4,0.11275911764786813,0.1485639560298105,0.0
95.52817859545578,11,11.302026719042196,1,0.20427340195351426,0.14472367427369306,0.0
54.20022247964245,18,1.295510641290629,3,0.09554938661999261,0.23659610408629614,0.0
67.8666956968036,20,9.348253678085491,1,0.11835451092129733,0.056315879587927775,0.0
104.45303270303992,14,31.016865905461337,4,0.14181401161350857,0.2317292032538705,0.0
161.94676535812084,8,10.140954567582607,3,0.06926319664079017,0.07315659309705944,0.0
98.00105199739491,14,1.0964956034085231,0,0.11634219241533787,0.07052532368787863,0.0
90.54353475290793,19,34.68311468598359,1,0.08684622495832807,0.11383397493908774,0.0
89.70061256536545,8,8.421139898989514,5,0.42412806205519504,0.22461315105784627,0.0
654.5400503204438,3,219.66344471149097,14,0.7617277342535402,0.9760235280843133,1.0
10.363275040396188,8,18.452509587990626,2,0.1702722206548911,0.020533380076421408,0.0
20.093387062065958,20,25.12407339414452,0,0.407769622100168,0.3344035729783068,0.0
220.82750542434457,12,18.311040765913994,3,0.29792416178190495,0.051195643785587906,0.0
3.063606056216182,19,16.56075692000348,2,0.23551941021350933,0.2076290386101217,0.0
11.418208348003347,9,30.525387540985456,4,0.44979017838633417,0.1605609227096071,0.0
77.23275042591703,8,63.617326731946804,2,0.4437219369795739,0.36507483612962494,0.0
28.464949704781922,16,44.2963848357828,1,0.20978362731175396,0.17155354074898785,0.0
46.30052327386664,17,5.115780112929435,1,0.08897958303480676,0.16248678054641774,0.0
127.9250175560853,16,1.6419546961823173,5,0.21019209657898388,0.11876578933567707,0.0
21.306303669435653,21,34.57018328382566,4,0.26591718997688485,0.08169041358839185,0.0
44.9598406883205,16,12.057653430357462,3,0.17751019291001108,0.0954471749396627,0.0
10.284497079468203,21,35.4618041577431,2,0.2662220347938573,0.29340047693005905,0.0
92.92909157279907,9,31.228807617103914,2,0.4559571891514753,0.22565972112981872,0.0
123.03488088247295,17,23.765821541125444,4,0.052758636682832705,0.1919400847424163,0.0
83.05796892974894,11,11.464712195359454,3,0.1856538328398568,0.31155822356098517,0.0
367.9214822115256,1,659.5434792237562,21,0.767402015532703,0.6310984458301951,1.0
0.42621139083785625,13,101.14023023637166,3,0.45107619664402954,0.2771423114721657,0.0
85.8729578925001,15,8.175241483150035,1,0.46720872102506494,0.12060672287245755,0.0
20.545931764396613,19,9.388850742221967,3,0.39114108265627273,0.1736119453288642,0.0
84.18656323282113,14,8.330169564027836,0,0.1266605699110009,0.3820039931709688,0.0
138.0148683046865,15,0.657143985260511,4,0.1215039662666851,0.12452959398170053,0.0
113.45454782053706,11,17.790852343274906,1,0.1609630571722984,0.13267969685988956,0.0
7.775999659088799,11,9.459552398999033,3,0.5858742228128015,0.08251930833198401,0.0
2.4686654187124155,12,10.890074069725422,1,0.44845190020732245,0.05170240832820943,0.0
15.215577024018,16,41.495378180456726,5,0.036627579880363734,0.01995726019585508,0.0
75.44091675416398,17,22.05078342511275,0,0.124774574372294,0.2851123617874886,0.0
42.303233362534165,9,31.336933274608253,6,0.030318182339590983,0.030686009814157915,0.0
378.355574887425,16,8.653966749390188,3,0.16084151865813281,0.19247457093994397,0.0
59.23551465448352,15,21.046012168316754,1,0.04934873477766742,0.28258815929824843,0.0
126.88400888254945,8,27.39993897211349,4,0.4165639608550964,0.059958087367063595,0.0
140.14976789404616,8,5.045641903790507,6,0.30842410854732716,0.021014344465817566,0.0
72.32485214984779,15,21.212722170953832,4,0.09449730471787096,0.22872882359374366,0.0
129.14827808500144,8,10.455986618683921,6,0.2992205533748867,0.14831514352855726,0.0
0.9186935283410844,13,10.670740529156069,2,0.07254324550631985,0.45725988939416584,0.0
82.25055971797158,17,11.00087819538909,1,0.4192793652836076,0.04796520157125083,0.0
163.68267688126025,12,16.280329082619424,3,0.16095494597289559,0.12700312129551167,0.0
43.54057141548401,17,3.1121272471523787,1,0.3993613443072366,0.5037037420231246,0.0
19.96442151124201,18,13.647697173761696,5,0.3159650775917801,0.15583472760674902,0.0
72.94910243670087,10,14.17944043496256,4,0.15638537571312028,0.101660070392031,0.0
127.3437788624892,13,12.491792362428791,5,0.2566680705305425,0.1670777093292559,0.0
73.16323855771925,21,5.928279760130243,5,0.188648843001289,0.10651890520459548,0.0
128.78342551213987,9,3.33095431659292,5,0.0865898469548698,0.1181861862614486,0.0
98.06359516092796,12,20.562311425131515,7,0.1252321436106761,0.41168550999939263,0.0
15.803484812796391,10,8.704388719855952,7,0.2619594422449231,0.2888057737982459,0.0
25.08502968086662,8,10.356832891913548,3,0.15251041745218832,0.4046596892592241,0.0
35.21654077214449,11,35.932062880912426,5,0.4268631305927049,0.10858329486326922,0.0
18.826428517463338,17,20.90369079293833,4,0.3044715565035847,0.02964850966043582,0.0
73.93577649090864,12,11.866361464169685,9,0.2080097071042134,0.09180813965345239,0.0
153.81412818155826,19,48.23602649398108,3,0.16657039756525688,0.3145657966467008,0.0
733.4711555089784,23,382.85939002034047,14,0.8925626473420547,0.8618981613641032,1.0
52.64280691718771,17,54.9140572452184,0,0.25089060752934933,0.5364641085424456,0.0
0.10836341554782518,21,34.052531792083755,2,0.21348677661735424,0.24338191128250275,0.0
63.68700689983179,9,1.0634473631025543,5,0.31327071297385545,0.09550867324697189,0.0
96.9830044979592,19,5.5959715395792635,2,0.06320644744973407,0.12190595749684703,0.0
20.356022380228428,14,42.19803788383901,1,0.3986486993428704,0.04234163732287968,0.0
306.30201042307255,23,1090.4700894002951,16,0.6489142927985145,0.9439802895518302,1.0
24.59106728072792,20,0.9953718248486771,2,0.08248134975134318,0.08105340362180383,0.0
82.79361097781134,9,19.096815692024688,4,0.2081987342145981,0.18105231083804363,0.0
102.42974676427295,13,14.924615690390745,8,0.4225425834999994,0.14331375248591344,0.0
219.2679986920786,17,22.506659636916574,6,0.3779883215260966,0.11483762970073856,0.0
156.16736921146602,17,0.22217236147585007,1,0.21843265429362269,0.2554262940311826,0.0
12.298312173844689,10,15.947481158873565,1,0.3229125557846571,0.03219675877988846,0.0
233.13174381229484,21,2.752780644306263,1,0.16140508912973356,0.1843921891025426,0.0
33.94811886857126,21,1.8364717007007658,5,0.07127918575709305,0.062250231477756685,0.0
9.458750108536908,17,2.6593225766827944,2,0.35200173584327726,0.07906341657764387,0.0
4.962147478657403,19,16.193874874324163,8,0.4134755236650921,0.09601218977324108,0.0
15.355546448491168,16,11.941712902307852,4,0.1665220523392865,0.06822283849639897,0.0
3.176639497109332,20,4.746465509908243,5,0.25194938573861847,0.3933185979044683,0.0
76.56598697318125,14,12.139956243556506,4,0.39192590657127574,0.045229919217584194,0.0
371.11721913836703,15,52.846378456025754,3,0.056561710304910875,0.004110475318421512,0.0
77.6792804110609,18,35.76830509432406,1,0.3540779546356739,0.2206532665542199,0.0
391.58428126675943,10,31.757574310069995,5,0.2075678325260309,0.05363211567391511,0.0
129.6386876619785,19,16.395773409965624,4,0.4824013499350292,0.043188876644448024,0.0
59.28469158283548,15,36.490346893425965,2,0.06959549763215717,0.31068682485231447,0.0
10.492627540184854,16,30.20035502026561,2,0.2956414332079751,0.08368052961320845,0.0
0.8695958434411772,21,15.543373043017052,5,0.29779155513509786,0.2602993394997752,0.0
19.334738537295927,16,6.104745722622791,2,0.12945229990770102,0.1107598385595401,0.0
129.9046328852943,15,12.032830405924237,2,0.28813382567498297,0.20851313025325624,0.0
40.54594424073117,19,18.520454278565744,4,0.24887912712191948,0.0737249677576609,0.0
128.7564257123234,10,3.087763411962361,1,0.08183038060745278,0.11662092194119855,0.0
215.9000954557107,21,33.92395050515828,1,0.07351158561006328,0.4094089818587571,0.0
12.1405589896868,13,21.574209667093463,4,0.05786862854269113,0.25274502216829237,0.0
12.064656928943961,8,26.69092781636816,2,0.3060615648848269,0.2057969755344988,0.0
225.74763228683156,16,3.4353960091375715,4,0.31519677515524497,0.07246930660474987,0.0
22.113064650747653,8,43.63722784794392,3,0.05207496791354768,0.19729951829195297,0.0
66.72746728279789,14,21.970410202272323,0,0.18905179462181632,0.0666453046215194,0.0
44.828448755372776,14,5.219564708409142,3,0.1999027504223561,0.10922470380981805,0.0
289.18540290230203,10,22.797615338927915,5,0.056940829076749355,0.09130316719788538,0.0
224.4997007974314,18,24.599672059400113,4,0.21549422792404774,0.30589686901034885,0.0
5.13776099792582,11,18.334913922810337,4,0.10811103271337542,0.06313347120175013,0.0
76.80791332587742,8,9.524847889312259,3,0.07654905767619517,0.12292223332002444,0.0
47.42108817941042,9,16.45656979535955,2,0.15767623552048327,0.15077057114077583,0.0
72.67430719900482,17,4.996909763298105,2,0.3127693815075324,0.1951980814446216,0.0
80.94272917633043,13,12.274079247527974,1,0.2927279605647364,0.09215396383563879,0.0
78.25296862015226,18,65.80493798954079,3,0.04334423260471449,0.06379017530063882,0.0
32.14550410010408,13,51.47295571605723,6,0.3792415079583799,0.06507975195329484,0.0
1.939011040740029,20,51.56201200767666,3,0.08958042286388003,0.1028466749323205,0.0
53.69486167835801,13,13.088301007422098,2,0.05150747671893848,0.1408943105690389,0.0
68.99935771504421,10,8.008635351267406,2,0.09273470080957964,0.05653795387533851,0.0
31.656396204135405,8,34.60742163856803,3,0.07874777968936257,0.07141387674651256,0.0
52.628744210300084,19,2.6531887276247494,1,0.25528797966522987,0.06511087540939532,0.0
54.56396772586848,9,8.039910466539604,4,0.049903737271519456,0.0866754256763864,0.0
19.50166480037767,19,63.26130579991232,5,0.27935218564404923,0.1716020596169222,0.0
109.54987690824352,18,49.24377292090401,10,0.46336254888021955,0.0866702506889649,0.0
6.807596122968177,14,8.786959255416548,9,0.26387641563205794,0.023362795860051248,0.0
190.73703654151106,19,57.08564895763097,1,0.4968169058701496,0.21130679392518198,0.0
196.78465863170527,18,22.274481405301398,0,0.10073323554210795,0.0015441062324247112,0.0
44.09546406043282,17,8.83026089287253,1,0.37101750805911254,0.36108307810482143,0.0
6.407628071075711,18,13.48093659075387,2,0.07693325140663056,0.3137050486877728,0.0
80.03126180142785,14,1.994371665891306,1,0.11665692020195163,0.10676273427703648,0.0
95.82911055302316,11,23.761756801803124,1,0.08352228904014734,0.2561135988199535,0.0
23.204903599376422,15,0.7284305453532175,1,0.0653174465720075,0.11839098757956555,0.0
57.85838952808945,21,9.071269949113827,3,0.21624091822855157,0.26720586675500535,0.0
88.17780142499095,14,79.10212632919652,6,0.3120984312185252,0.08161675035658211,0.0
50.96674294315693,16,3.374920925019932,3,0.09594995406865776,0.08939569061127582,0.0
52.404410994847275,21,17.513631928919867,4,0.36715451450902087,0.09289071799366772,0.0
335.2247630945901,20,54.101852103946285,4,0.2922247108581583,0.12229785267127183,0.0
76.13966912886977,16,9.356429105370985,0,0.37890638380403346,0.12647092074894953,0.0
70.01013808891578,9,9.314330489293127,4,0.3647996177425867,0.34357780507768987,0.0
58.74478883388121,16,21.59896137051824,4,0.09129263324676583,0.3042544959566202,0.0
81.36005184095076,2,104.14897085375372,7,0.8848375201047386,0.9428603251495672,1.0
87.20147046661516,17,4.915567690730342,3,0.16656417831353373,0.06503515687736906,0.0
165.6481081642498,9,8.867850332120458,2,0.1373657409235531,0.10644901813713772,0.0
79.44460587807379,21,42.93204870380567,3,0.10438084838313152,0.19231477153493037,0.0
455.5898720595467,20,8.366922317454913,8,0.2826553724713399,0.11296316113951159,0.0
27.717834291011776,20,13.492299328948338,4,0.17101514530451364,0.07275538227946765,0.0
150.9341782429628,8,7.315598956604884,11,0.08461169006161641,0.08453188568390187,0.0
32.68217606870281,9,61.650074798285914,3,0.3138310973389575,0.11939460468896747,0.0
16.049811635023374,21,1.768813935152641,2,0.04794430024581827,0.22557444909236118,0.0
20.562546407650665,17,11.768735345573822,4,0.08843176108031141,0.06559736045982949,0.0
37.89319878419776,14,3.898933365994502,2,0.10761742888543759,0.1421320781455817,0.0
82.97150822623112,20,6.364836309111139,5,0.2858763963118855,0.20684317138639371,0.0
28.20572316844407,17,61.29061680144682,1,0.2470224451083619,0.24108024819161197,0.0
116.37521557411486,17,18.008998086655396,0,0.16682063388328847,0.2200166254716525,0.0
29.90148637519043,18,16.83790867975011,2,0.39979440486748263,0.03194322816479195,0.0
138.29401403279502,16,13.58603364811293,1,0.09652209448074035,0.04507895871141132,0.0
190.04856599222222,10,58.562377719550405,2,0.1562971187580251,0.10538009873349659,0.0
6.686183645180783,9,55.02378020764668,4,0.37433594829620814,0.19520403500898348,0.0
22.171585084778094,21,40.26220300870945,2,0.2866627984852285,0.030888320178601044,0.0
159.342310021217,8,11.584078470644021,3,0.08269698347644093,0.37077574101623456,0.0
30.02431099192338,11,1.9173229754618872,4,0.18465333100928905,0.07265269483205208,0.0
21.083053201414664,19,33.42429734398061,2,0.33163322423629715,0.1602173934540623,0.0
43.09747381310159,15,5.15339941456416,1,0.08133704200419843,0.27224634283492744,0.0
90.07775030162101,14,33.81113083289665,2,0.14488894922673504,0.14065840138784347,0.0
27.0104528251618,14,32.6670299044367,0,0.21165178624681877,0.14953660594574156,0.0
12.005953506457242,14,17.462587359339775,3,0.3349854294009984,0.13056799041129527,0.0
143.73111491947208,15,22.301813904317008,4,0.13344847400610954,0.21940548910019333,0.0
107.1378855257514,16,3.5896633914371128,2,0.13516341465554416,0.17877398815343662,0.0
72.36938377033171,12,25.50707531921438,2,0.16499355436046004,0.6233274501116909,0.0
115.73484394558278,14,38.9262514057523,4,0.23562229987617178,0.09934201585146962,0.0
167.87393622433143,8,7.139941466269671,4,0.02535055351572237,0.04593506458065735,0.0
84.31109071888216,10,76.74238542785287,3,0.08282292896925626,0.11052422423177938,0.0
143.49002172850453,17,24.899683397405813,2,0.04236457519722983,0.3446516114797604,0.0
49.42808911971933,8,62.03442073743945,2,0.21555866325021797,0.2062258349173966,0.0
263.9962671981686,21,1.4622760653846334,3,0.20623790251099966,0.07009356932289489,0.0
137.29653974231425,16,15.452484592728396,4,0.06636300304107758,0.15982124889908167,0.0
64.48219451745389,19,23.466803902560834,2,0.13490849695274817,0.2257575616883564,0.0
122.37151546932373,16,44.007455308510686,5,0.1189745714729755,0.03373953904616649,0.0
250.41771331270812,10,4.606506259012416,2,0.443155837300953,0.210794059889415,0.0
54.73361813304549,10,18.02511752480953,3,0.1554607196153821,0.29689290737927865,0.0
130.57339963931238,17,1.93236410933197,3,0.17664362440300904,0.15001183775089916,0.0
113.76242948394787,10,16.878602307683398,5,0.2666433409593084,0.19120748802080323,0.0
136.46728204479726,14,1.2494870528019055,3,0.4425718813660469,0.349973095473898,0.0
29.432641089275396,8,28.268524333554485,6,0.07799174518928374,0.038849748177333415,0.0
117.89199673173877,15,15.788869536085638,2,0.36923954276179927,0.02453385751033708,0.0
114.77096233735644,20,44.33827781041202,2,0.3319176282770934,0.06991230808939249,0.0
72.27931537009673,10,15.626649161049361,2,0.14761258990720635,0.07337684416161007,0.0
28.810990074223138,19,0.3901488494506823,3,0.13782230656633024,0.059155663607942874,0.0
28.141805528370817,13,22.945110398094645,4,0.32455518881011564,0.10712310254520847,0.0
113.93382434412436,9,53.71375912542162,0,0.23429098899488257,0.38688914377920713,0.0
85.46440311322434,15,20.7313958218046,2,0.01134151966458628,0.3325779270564726,0.0
90.28780351035913,15,35.9316502376878,2,0.08485517655887856,0.3423840127152365,0.0
141.2327907297726,11,38.48521075951912,1,0.4486171935637356,0.0837924827919022,0.0
167.88869103206355,15,49.013583791006965,6,0.2524614915720666,0.25301628343987376,0.0
50.089481083779745,15,26.89110052067104,0,0.056734076961197914,0.052907596117111044,0.0
23.860374394315112,19,37.22496043979196,1,0.4875899141735688,0.13498608775959628,0.0
11.349855348639304,8,22.338327407885888,5,0.15167629821450918,0.20298348127394472,0.0
0.7978712366522174,16,8.506199904455578,5,0.1012252521195755,0.5884140757707169,0.0
44.715062164244905,11,126.6503921984438,3,0.07962975470476209,0.34870594672536454,0.0
17.49420468497793,8,3.188460468343859,1,0.19391897840019365,0.1498985995483974,0.0
9.298996335615401,8,31.469593364172255,7,0.11003647910777849,0.049274846447464375,0.0
80.77019964122753,18,17.40897174143527,3,0.19981482596602446,0.3829763085796329,0.0
22.73136799838367,12,1.364054161198016,3,0.02015553871680424,0.1605659069764384,0.0
128.69715631439203,12,10.03350669112724,3,0.11965092488867914,0.11589647351549401,0.0
32.22525356583347,17,12.31820802665496,3,0.09876423538972277,0.35614104815654823,0.0
35.63938738519593,12,28.81987870802835,1,0.13448433989191833,0.18521660022506278,0.0
26.848467857235722,18,37.068821173160686,1,0.18758323902513874,0.11975432953519459,0.0
52.90127296105525,11,0.02737841816725598,0,0.3238765304213813,0.15622621276364204,0.0
29.17705490790858,21,31.01780734123725,3,0.01515593127136009,0.1320275015097902,0.0
272.98537891224663,20,24.43483645082251,7,0.0818765527937455,0.2633098741705154,0.0
95.6463731497587,21,1.7256954675787108,2,0.3095855161811225,0.021581792821648592,0.0
137.0173230927827,13,1.669635776534408,2,0.0329437570670729,0.042890168599841925,0.0
14.652027105844676,20,3.4861848449467576,2,0.18893735763464872,0.05742851882582136,0.0
40.32617250468232,11,23.171905985419325,4,0.1371362077546918,0.22313215198923567,0.0
128.2191440080729,19,54.96904199296139,3,0.3390731167446907,0.2616166013030367,0.0
15.378255236729721,17,76.63235475748381,2,0.20729240643786087,0.23005741249059924,0.0
41.85419746970135,8,54.30694020580735,10,0.2404563253554205,0.05618124914810356,0.0
102.43114969959278,19,0.45727672330038055,3,0.06950747388870954,0.17228752694395244,0.0
79.0874952293837,19,2.6637135534988183,3,0.432438996096291,0.022585243665168436,0.0
36.27925492471134,18,7.207697850597949,1,0.35799942768439164,0.19673391444060057,0.0
52.08231049694141,17,13.10241797899282,3,0.23568201613756787,0.27613797864466505,0.0
35.12810964183926,12,21.56459079351992,3,0.3981398771405122,0.04092247620759494,0.0
98.68440552748872,12,23.675606936829308,3,0.3767973169194552,0.23992838502378191,0.0
25.855848792782375,12,5.779965045349171,3,0.1631553907538076,0.04477550679125886,0.0
67.52898691485244,10,8.48471108284076,3,0.026620566820800256,0.18810997125043868,0.0
461.44652921206074,20,26.4933450730592,1,0.49949975883536707,0.11546364925841257,0.0
5.123561950247869,16,6.0569256781724885,5,0.25305452631508557,0.14558574011371184,0.0
2.5303239276444,10,25.56596689442292,2,0.421162415186425,0.2614032555921186,0.0
42.00115999282119,18,12.308896790209475,1,0.020071180412773813,0.36638920044521905,0.0
35.98288756391443,10,53.375389016311566,3,0.08502167538381673,0.07318214047529763,0.0
112.56459621300685,14,31.29404079552694,6,0.07454385339444275,0.2106705868041778,0.0
52.93507067997149,15,3.27606678834519,4,0.18925034646806227,0.26654542161677613,0.0
70.22606894446045,20,80.7863969151674,2,0.1309023358432479,0.1214393610260151,0.0
22.70617260319331,10,12.2602390714376,5,0.3353453349759718,0.27410072468187596,0.0
110.32450141032896,21,63.39316913883703,4,0.3564883619586504,0.12768148269749843,0.0
160.89846915839516,8,6.1481605897103195,2,0.02059459726032431,0.041029189362402185,0.0
125.44763406655434,15,9.865833407272463,4,0.2518584435536186,0.11184399422374217,0.0
124.58288130152626,16,11.448360672340277,1,0.03356385710020551,0.17598502116046713,0.0
55.00100900892317,16,18.124231492954276,4,0.26212711891443125,0.10620907196814668,0.0
142.87660566436483,15,27.578056447707475,1,0.32372168285878483,0.5899680841962426,0.0
6.859592596554887,18,3.9554925587599694,3,0.2599119184687503,0.0954657490022081,0.0
40.50517049678915,14,61.28882389328275,2,0.2647988597681252,0.11455725387033232,0.0
351.64467339242634,11,30.68736174616198,3,0.13351813761505216,0.1398892437247613,0.0
0.7263651080723428,8,5.837875263379722,0,0.1930089293330063,0.21154160757317192,0.0
137.80331642651566,13,48.79993337753014,3,0.17832050359159574,0.2312636585335261,0.0
13.844354460831958,15,49.17083432706651,2,0.11058586574029668,0.022416808191859885,0.0
345.3746124183547,15,11.087309698727735,3,0.14290039264589147,0.18533802355867932,0.0
81.1126105067646,17,18.021825012617374,1,0.021637140785576183,0.08333455944771878,0.0
45.589922602667635,13,5.818578598588563,1,0.27791386623312714,0.12954322463350865,0.0
341.50191516815875,12,23.485132475008434,2,0.28290485640330665,0.019543787200564218,0.0
21.02092631607448,21,3.8403746651305557,5,0.43966539455179593,0.15656452311106997,0.0
63.63006003601253,20,11.00992543466312,1,0.11726710527959743,0.19276063001925176,0.0
62.59752809565106,8,1.0765761524866642,2,0.36347396582609076,0.20362350094039705,0.0
11.797417386711142,13,9.749101165745108,0,0.3527097848277647,0.11931773741517801,0.0
3.1807481344436765,17,1.262454587085,4,0.1322625783786503,0.05413219056585173,0.0
50.645599840558475,11,7.447726733469811,1,0.25380339740862307,0.12112520091304532,0.0
8.794884688109825,11,145.75889614905034,4,0.18119701186364956,0.3872667736340597,0.0
113.83842119278782,12,23.658428146762706,2,0.05456715087849967,0.22851763493075986,0.0
83.9050447574848,14,3.5718911358284977,3,0.07991247831930129,0.09985326301186664,0.0
27.5527322197929,16,15.795191385164202,5,0.19332295599812252,0.1940609932210486,0.0
653.7956478254466,12,5.732419927610782,3,0.19827375358194335,0.17328326263264815,0.0
89.27300878543535,8,9.688193128300522,2,0.2702181813762322,0.20154122514817965,0.0
251.20597357311865,10,24.558212574487882,1,0.1068742900847959,0.07009344728560468,0.0
23.936291716483986,8,10.999514329774811,2,0.08317439773187633,0.07861620602798929,0.0
457.0303909439948,8,35.93046796446258,4,0.18206237032261577,0.08800707785990602,0.0
3.208458408001234,15,14.418750213060921,1,0.33595566484750533,0.29898982100806576,0.0
57.72200224578569,11,12.926062247774073,2,0.25253867381087364,0.058095132074567866,0.0
40.2194576465094,14,30.051676796565854,1,0.327522564264027,0.23213168976245438,0.0
46.786215420799955,16,7.0464058116358,4,0.14915884419403522,0.22422808457944127,0.0
45.511930504185905,18,38.07668507749372,3,0.3825858162924241,0.10322257350088615,0.0
89.35097965809035,18,2.7456661013621986,3,0.2128323514456273,0.17778317295455534,0.0
5.673181886962966,20,4.454089003565088,7,0.036088387156042775,0.18881258085004998,0.0
7.028441733488407,14,2.282493166385462,5,0.08016012491519453,0.07669793831502396,0.0
2.875990184924336,10,3.3280860739674156,2,0.27470489768850126,0.26532307186120546,0.0
24.052830356350732,17,67.12870681149953,5,0.564967764022746,0.18346901321791922,0.0
0.04784941372103085,10,7.911559396330581,3,0.14003366047884439,0.13765782435887639,0.0
32.06388883773714,15,0.0386756568979579,3,0.2615747099051056,0.2125477461784333,0.0
91.43469541009361,20,5.91666207367119,2,0.06498929800730174,0.1589116068608797,0.0
88.49936885504408,19,1.6437731438500935,1,0.05689123453327047,0.201049047533051,0.0
90.82292093597462,9,29.39284821406771,4,0.08698794036142721,0.1955563146016411,0.0
182.64656080531813,10,9.41215155649761,5,0.13822717131645848,0.1879185590945117,0.0
35.16387821782828,13,45.459375981244165,3,0.116341421283224,0.12804254591009698,0.0
238.04405124638083,8,46.041985001981665,4,0.43581578084186917,0.17532709475916325,0.0
4.642157107586897,18,52.82541895487476,4,0.24880881450062672,0.12027053526417923,0.0
93.93700220541753,13,83.26354639489018,5,0.048490833034319406,0.026688424939283292,0.0
25.949070375408677,12,16.496184230130442,3,0.3161287333152935,0.19557402804070206,0.0
76.07142594503443,19,69.27728125207126,0,0.4883658848932086,0.4028676447086357,0.0
2726.843228477053,23,163.44094649255754,24,0.7454252309412689,0.5664612471226722,1.0
40.40641050393438,9,0.7071545886880113,1,0.110782293538496,0.10188505302089569,0.0
33.10325147240247,18,17.514285816116107,4,0.42794356484525,0.06611878997628037,0.0
150.3884857062938,20,14.366560781801317,2,0.24927445517642194,0.10642622929246369,0.0
41.10357558846016,11,3.9064740445228856,3,0.12496185515305777,0.17685774657399292,0.0
280.32893891617454,21,2.4750233427124764,2,0.20483307478385387,0.25308589270638643,0.0
49.075719386322774,20,14.2961327212596,3,0.08006961117192883,0.36480756904210965,0.0
27.649557433463947,12,27.152639945482434,2,0.28987370762737213,0.05318171125301961,0.0
33.85166027887087,8,6.296838419095078,3,0.12318481255825584,0.30841260580702023,0.0
27.45609063123712,8,19.013911177410275,3,0.06867467219645859,0.15695271235175998,0.0
167.95326512695573,17,6.639611132112709,2,0.11767862058794837,0.2501940812029339,0.0
18.848227060021056,20,18.069104900570515,7,0.09474355125820948,0.09154928655811272,0.0
93.407490487745,11,3.3892288147598615,4,0.42159482155575245,0.14833440543891155,0.0
8.498026838530418,15,11.364282448519855,3,0.11847803731576506,0.147385792553445,0.0
47.30785031325402,17,34.11926783307445,3,0.34130713741615054,0.19938076045065833,0.0
52.51096726058542,11,6.115366526790861,3,0.09607058309941083,0.15299292915991536,0.0
15.282695726094826,16,13.876294293266245,3,0.24422446211023896,0.26557072072604526,0.0
35.75633940202663,12,7.674321459186437,3,0.09474360985220791,0.20177933252434274,0.0
86.71019438389116,10,29.227819995685095,6,0.25400860476280873,0.38233664324559313,0.0
17.805742277511467,21,9.180027933060126,3,0.2690428314605279,0.04078306667565842,0.0
87.48637471373385,18,34.55032487442303,2,0.22115745964010297,0.15004042762432826,0.0
44.61472633427451,9,18.22034006729576,2,0.5749758200315855,0.16937979082866125,0.0
42.349190192502626,11,24.314710566717924,4,0.2516333425113621,0.13889134292086497,0.0
43.88112401575361,10,26.7186945274685,0,0.2161837191248903,0.052315345516194864,0.0
0.8270197427262761,10,11.052826884601876,1,0.1968457419539164,0.21050599044626037,0.0
115.34992524390623,12,44.00537096979994,2,0.3092204049792767,0.03894185873867299,0.0
317.85307743795266,13,30.64209296603279,4,0.17435967352111656,0.1274508039839089,0.0
240.51567031248817,12,6.1371330215286255,2,0.11961129225587364,0.12391251375494654,0.0
264.83377768077105,17,34.88396642858079,3,0.12210309293910354,0.18841487926141937,0.0
3.3969386400841355,18,0.8544264375723877,4,0.02929383106811138,0.06591679863598576,0.0
5.892383240578889,12,19.156347471644143,1,0.28276981770504983,0.07751817874600672,0.0
36.79883620473361,9,12.156687833836893,3,0.2995791544745428,0.14536627289489307,0.0
1.038509142786831,20,0.6209064987439019,3,0.32331095388683057,0.1266643981777294,0.0
595.3378327763525,11,21.348735713515165,0,0.5791262378608976,0.21414610128960893,0.0
2.0571318986117624,8,1.6499532362009424,3,0.0938906321624255,0.2985469572425896,0.0
84.93601684471403,21,4.237862973746674,4,0.19443800828665467,0.2182470857654919,0.0
46.75452178975722,15,0.6125116740529687,7,0.22115587640425508,0.24913768021123867,0.0
52.54866882158357,10,7.5487818638035655,4,0.42137337950716475,0.10558536624680594,0.0
72.0453582858757,16,14.6471904332498,3,0.2559114004194913,0.18533884634632866,0.0
1.0544755860527382,8,9.886453025115172,3,0.17827612243214605,0.07993950325600796,0.0
11.891629644307379,11,92.58492215442973,1,0.21268510149785844,0.08800353010834101,0.0
313.09224780644735,10,2.8718814992695862,1,0.1077613785314582,0.08728830301931592,0.0
74.59951575724716,17,45.364494783755525,3,0.33038740954512513,0.15163068496436316,0.0
147.62967936495772,14,15.105369951321787,5,0.08391305315065793,0.31262676060114175,0.0
60.81490248497679,17,67.53328103513009,5,0.03436819329904624,0.15741557382720936,0.0
178.5490416657462,19,1.3717916445203329,3,0.2147055654201884,0.12650091232555674,0.0
180.46134034644908,8,15.685068634662256,6,0.25451530632583347,0.13721305228082958,0.0
223.84037274808432,10,11.932865270935864,3,0.2263881238578749,0.6581784859632541,0.0
28.388479206391445,13,1.1584091247660269,5,0.029949357916629667,0.1624343941179876,0.0
80.30702617101106,21,14.36111112604436,0,0.29352998378984724,0.07473147261462752,0.0
13.899929631614663,21,11.328435510469287,6,0.4316244013348165,0.1633088726018525,0.0
37.54248638038652,21,20.720476574675487,4,0.09942421120716492,0.04955194589013173,0.0
173.99191340529757,12,33.378133473361906,3,0.09685781072233529,0.19366750212324985,0.0
25.934147450292066,11,31.561926070392747,2,0.2017309817132456,0.246075761002992,0.0
89.62910740758699,13,14.566650474782435,2,0.22591574473579248,0.21671432543514685,0.0
57.98688549582168,9,42.446645904737885,1,0.28997050161404475,0.12094542687065454,0.0
89.07530268152817,11,1.00803444385444,3,0.3992851191786191,0.0736887783038467,0.0
176.8803795345167,17,36.96122922482023,3,0.3054119319242424,0.09898757994881772,0.0
1.1167290051390102,15,15.082936065735975,2,0.23616580951550875,0.20860569573437182,0.0
132.82667984310376,8,2.79279138282429,3,0.2193293240812605,0.14815758322988762,0.0
73.51838088602106,18,6.00157551120923,2,0.3455726471150801,0.07335681349742816,0.0
48.43781907710979,15,9.538109209151733,9,0.4117243874538913,0.3123506222969575,0.0
46.68705227382159,17,28.217611625587192,3,0.4685003650361852,0.2896303145309274,0.0
8.681915981918605,20,8.088741794028486,4,0.2027046928558867,0.2790141251479733,0.0
85.40673525473673,8,7.420697880610216,2,0.17187585052970555,0.12710038289351266,0.0
1.6220288600251611,13,11.195584879504636,4,0.370343798741488,0.03987498535344396,0.0
197.26550224570872,14,33.395821179904154,0,0.22616234279581404,0.28024550964235256,0.0
22.215424260852267,19,46.78868931809899,4,0.24835083155312612,0.16505609957201803,0.0
42.86763611208074,13,37.204898259819906,3,0.46395445995027923,0.22580158408768583,0.0
3.204900569818139,17,7.6637579651575125,3,0.1584764966558987,0.08484993063930153,0.0
4.244111043404931,18,16.762806012396165,4,0.2598634756864239,0.0846407950211884,0.0
68.94294727517159,16,0.6722152215205615,2,0.3397905701802468,0.057281165467384175,0.0
5.157221833326931,21,6.821835176621064,3,0.34247132876998204,0.2653400464429006,0.0
160.85035339951924,19,2.5021875308928134,1,0.19886375375670784,0.12485860662185803,0.0
74.98470580532798,14,1.8302279426046653,7,0.17671815176959504,0.08683672304583691,0.0
112.28011607962735,8,10.155104996664013,3,0.10823701772734048,0.1205746550216405,0.0
53.46562637295332,19,16.95566840383861,5,0.33569192908230866,0.19463680550905235,0.0
9.643129711877542,9,2.1462378894374416,5,0.10452532394120635,0.19709162289645998,0.0
146.19776063238507,11,68.8213000849635,4,0.03398212530897667,0.343711679216118,0.0
64.63554681569411,12,5.089090782439509,1,0.26643559685483137,0.14166773434637453,0.0
23.714155806692112,12,31.501725644986912,4,0.3567323193873867,0.13784414039610163,0.0
67.89965940730502,17,13.274563317615948,5,0.1754858383812981,0.030084468435236586,0.0
49.52596149331008,15,3.432466658430111,10,0.048291370495048544,0.0576738486786089,0.0
58.8773564238629,10,2.964500444619096,2,0.23358164003990706,0.07303965329347602,0.0
5.154042722054748,8,19.40253967769394,3,0.1595968391417473,0.15302784701705224,0.0
157.08662497233763,17,7.450580262905875,2,0.21773945274041973,0.09122004407660786,0.0
80.53716142666207,9,0.02264231444213201,0,0.4060304546367403,0.19468386578450142,0.0
78.60529592818514,20,5.2752789416258885,4,0.10164759029414308,0.12782356078176185,0.0
10.109400759144558,12,2.4470572463894533,4,0.060798137882527255,0.02270758539451159,0.0
106.24963997907696,20,51.4950183789861,0,0.2583786761538758,0.12683503412680555,0.0
351.08846719417244,23,697.9649496036886,16,0.8626749738969101,0.7707857320545635,1.0
197.06341882022502,15,9.940939619558295,1,0.2863703169301449,0.09217609604508842,0.0
26.123849490491644,15,1.9588255827375192,1,0.2697690465123292,0.3233112885028561,0.0
84.7119796873776,10,13.715631605784608,3,0.21107099859752396,0.1392541024628221,0.0
35.06770756107266,14,8.239409508032008,6,0.17321368342602722,0.17350044224076308,0.0
167.70461007603592,12,12.910796762807095,1,0.11458611533823748,0.09428925911598378,0.0
79.56031993959081,12,1.4658484126357658,2,0.02861670702987671,0.22148682795889862,0.0
72.20608380314576,19,1.5940885236009181,3,0.21950089874237363,0.12630020086817634,0.0
83.58300696794744,18,24.41358728666139,2,0.11318856780465548,0.05442703222247436,0.0
1.1534983790409217,21,19.937570858919297,3,0.07392640577296156,0.21844615022786726,0.0
28.86791759858504,18,9.651010866607388,5,0.12580051909367312,0.5084008019689102,0.0
28.113175178584445,15,32.79914970166904,5,0.13104748768592198,0.17665956197713864,0.0
30.3144500483241,14,25.572240737060934,6,0.3427714060784701,0.05830970099189708,0.0
22.691078516166495,13,25.31551272563238,1,0.3218885209432629,0.03878261047855274,0.0
0.785511630765058,15,3.6840066486512066,6,0.20049941690986964,0.0501936911659402,0.0
18.386563429707,11,0.9099328403208127,2,0.28279416583041456,0.1087419165080029,0.0
56.88763449746472,16,3.372155140105279,4,0.23389271726364977,0.3829230473602225,0.0
10.966052958430797,17,3.78427631882698,2,0.10038234954477894,0.10569250769047504,0.0
112.93021790229844,13,11.596595570594557,2,0.3219608835883281,0.020843916463560538,0.0
2.762841883536945,15,14.107759718882754,5,0.17360671513692993,0.22992389257085838,0.0
80.3467421672282,8,32.79309436513126,5,0.12405800652822427,0.30562624182088777,0.0
16.082968318308232,14,18.257789396083737,4,0.1918848771158667,0.04767007136474783,0.0
396.54628863408266,20,32.76753176543946,1,0.02737317343748034,0.22786401756551122,0.0
247.3194391782738,20,17.788903591313442,3,0.27986115394887257,0.2105466050265993,0.0
28.89232320412401,18,12.777602524517444,4,0.2951909135071066,0.0880989563329788,0.0
60.39169451843716,17,26.485506519436083,2,0.09668244395881084,0.3630200535725136,0.0
13.82805309389225,18,36.46932612290409,6,0.5816943792725778,0.0740243620938223,0.0
146.27644513718292,13,6.549682802180442,3,0.138613897006027,0.18583014413520701,0.0
11.200973526098474,8,11.792964521649537,4,0.34442105208687873,0.3640726252546349,0.0
47.732432952488146,8,0.841831959842549,1,0.16777395127669617,0.08668380836681307,0.0
54.225675404283926,8,3.920792192960451,4,0.09456802718043776,0.1468863035585239,0.0
37.84956526541897,13,24.948308674978364,4,0.23304815869342552,0.10115848585003623,0.0
127.14196023135119,11,32.43544795615761,2,0.2689028145245799,0.18469161284455765,0.0
64.54317138332539,11,2.2759510798326783,2,0.010407127515062807,0.030259613601065945,0.0
16.06440689669004,9,5.9409622184480675,1,0.28008110605654146,0.2280529387543242,0.0
139.29183303555814,16,21.30833013435158,3,0.2482381695174469,0.10449372627699327,0.0
11.770435905561602,18,18.63835671043205,3,0.22251016305615506,0.03563283737367819,0.0
91.2118236220295,9,2.6724159739385374,2,0.3999451191389848,0.16044197988991113,0.0
74.54781620708945,15,7.838667739701704,1,0.31187878652165946,0.18222707281620384,0.0
34.47805128584595,21,66.83378612511541,3,0.1657371456859651,0.1198103106341403,0.0
6.761555778844683,13,24.276931035772108,4,0.2738909422737016,0.2933171883183957,0.0
160.53240023540778,14,40.44520531317123,4,0.0699648349421771,0.0349514220137336,0.0
28.511201912896563,13,16.779232232328866,2,0.12302658287926987,0.059270493501273114,0.0
30.494577609070653,14,16.8399510678345,5,0.3256940008763025,0.2013633843277213,0.0
33.3922202997467,16,14.308217171022159,2,0.24849357565719724,0.33731340878579646,0.0
31.482566944246948,9,11.803825986530853,2,0.3001162153483386,0.11221667950869547,0.0
5.905354960242102,14,6.336582169040086,2,0.05171201696951442,0.11110341496429327,0.0
55.17316930076876,9,62.73249151890119,4,0.42646212614829115,0.09116423903450888,0.0
308.98671743810576,20,1.1102392341507092,2,0.2974908907643678,0.2665175035308151,0.0
731.9690349955351,0,378.94102223942156,23,0.8371727423802947,0.8500108302969154,1.0
19.698020475274667,20,47.6361131232195,4,0.04366303975842002,0.14617997053339357,0.0
79.8475654178968,20,5.562596808041356,3,0.07451668583554019,0.026198902530304064,0.0
6.770519746255596,8,25.604204468715004,3,0.22293508294426517,0.4433415632822474,0.0
71.08072375393999,8,11.822163565583415,2,0.1949044268801854,0.0554464395004313,0.0
25.622506288223434,21,44.999449322853515,5,0.22272413216072495,0.26202308996998086,0.0
123.4714225500469,20,13.484406965400684,2,0.07862408802202174,0.07559161672019665,0.0
64.81058885492064,18,9.841133695760247,5,0.15029375414883395,0.03785925033181573,0.0
99.87468250149331,8,1.2295420947648452,2,0.2864819172873682,0.07165491675850812,0.0
55.10253912391136,8,5.934981489582877,2,0.025445087732262412,0.03007394933304963,0.0
9.767354184225383,13,4.435823311884816,3,0.3225649237133185,0.06887114644035992,0.0
30.395639090130327,18,9.603039477297868,0,0.08322954332463516,0.12308010009924146,0.0
4.293827063665924,12,13.039871872200262,3,0.2613246968598735,0.04697203947789487,0.0
5.16861508509313,8,7.0872812804922525,2,0.1703373766257333,0.14240321128226163,0.0
152.0766020482131,13,12.274184968235636,3,0.5176936817983937,0.18170065448769993,0.0
139.76321280828128,8,7.3862906119797245,5,0.45122868833064894,0.11600983078180739,0.0
288.9847524930341,9,12.804478052412449,1,0.2117810071490972,0.2763784448689754,0.0
12.177449803705825,15,1.0150270053974095,4,0.22770467206443695,0.20936916032649355,0.0
5.364174280854549,12,6.535550040997473,2,0.19562156148044757,0.2032769959493605,0.0
276.71628554450524,19,35.66250468574595,4,0.13257532035574696,0.10594126485337568,0.0
66.38939775013779,14,37.50128860065309,2,0.2727238570847129,0.04716725283461213,0.0
87.20500201176792,8,11.996389745019405,2,0.17470947533812575,0.0798468384150393,0.0
57.50259850308396,9,4.595105734983206,3,0.2791137659500686,0.1220747706020548,0.0
69.63624546339548,8,12.711591776766438,4,0.18476073164071388,0.03338084180352125,0.0
85.1930000958896,10,1.8082504285583156,5,0.2523489811926328,0.0369943210883757,0.0
25.390408948349755,18,40.17478442926985,2,0.09260890724339066,0.2646306049749121,0.0
1.3101451339472414,9,5.547656777519062,3,0.25918015934812455,0.08221761161850318,0.0
23.514323219918218,9,7.620668454063094,6,0.19136225811267904,0.13176345119810265,0.0
2.934680448906168,9,9.624801476164539,4,0.19826577133765186,0.1629463721349711,0.0
103.21091497763021,10,21.419095669865857,2,0.10313847919503094,0.12104571959062507,0.0
94.22557141806581,16,30.16816937009629,6,0.0712760940871818,0.1611795788519312,0.0
58.2930541049263,9,48.991469074797884,3,0.17583224428917069,0.36917621328311995,0.0
262.99039386148814,10,10.371949209382173,0,0.3850416161329144,0.0783764395204987,0.0
35.93494085675924,15,53.91011814893911,3,0.329054263462003,0.12300403418828743,0.0
3.2110733127505786,14,11.340921125653434,1,0.033421357541026445,0.12008271460949789,0.0
33.226081045485365,14,4.809361714966272,5,0.2647995319655731,0.4386179264053519,0.0
110.52885555870581,8,46.86397740382749,3,0.11569783194460229,0.056431091050537265,0.0
38.24016463264802,21,31.236251947918262,0,0.08821320670128001,0.1980059077095422,0.0
297.95640185143026,16,18.391764469380263,1,0.1474434642493948,0.10627522837960253,0.0
100.15582661058693,15,18.08725215819532,2,0.2069024475113237,0.0765822815673712,0.0
14.205803503880768,15,29.096372080043622,2,0.10460819076314677,0.12236915819744792,0.0
118.9745704536798,17,5.647061935864688,7,0.1953207326996986,0.1943152949502777,0.0
110.3791445735801,9,62.394564748154345,3,0.2782847648940586,0.126735425614613,0.0
122.7484660982956,21,12.252837063178417,2,0.17196914643798733,0.014996276872461176,0.0
374.0401768629642,9,20.783438942042892,4,0.1872804118172069,0.1469251104782348,0.0
69.43288438922166,10,3.322097548112904,5,0.04405268503648376,0.13238008137829488,0.0
35.14156893837996,10,37.97808409131476,2,0.13203597440478368,0.1026661851404104,0.0
37.76167996953005,17,41.64832135634989,3,0.26813513470336187,0.25221156679960033,0.0
28.058167401894476,8,1.9395355280164708,2,0.39046940571305877,0.27535001936488984,0.0
0.712223813782819,13,6.894298356737131,2,0.2656714926958474,0.20411960482359034,0.0
2076.7843381694065,23,264.7042316819429,19,0.8516050221879597,0.7752360119450787,1.0
421.0251145591436,9,27.545930121423087,2,0.2125850421773836,0.15208532634394933,0.0
82.46617262759855,11,48.52642143663025,5,0.1659213808468157,0.11279217415847621,0.0
28.986288952096743,17,6.066063820217636,4,0.24267936283116806,0.38156243790129324,0.0
91.97361020777991,10,10.780895969641808,0,0.21004952982542335,0.2044982217046673,0.0
55.84108612910466,17,25.7622991795343,3,0.39646421393859194,0.02978718154274985,0.0
21.941697464650822,19,1.7706947333217815,2,0.1878313749898616,0.2269384156340686,0.0
312.84324581737746,15,67.68673020738427,3,0.12367232593091768,0.12306744155231568,0.0
128.26980184185,20,0.6251735964413003,3,0.13808641832716204,0.37823637786983605,0.0
27.64124096019218,20,17.439031389161727,6,0.16436485298574102,0.17759910248848107,0.0
17.987978694869923,11,1.4490873659502943,3,0.1937705257576677,0.25574445006035196,0.0
35.72002096156136,17,5.784556032404023,4,0.09737902148063948,0.1949877068069377,0.0
91.8117383619504,9,32.22988675793359,4,0.17195921372563333,0.08430303552298389,0.0
13.983079125864272,18,15.452223887172522,3,0.11888773071746755,0.07177502492650949,0.0
112.5634075629639,12,10.41374017585821,1,0.1317389212453879,0.1915161384826717,0.0
302.7605373686003,11,16.503909038839154,4,0.046717056941471616,0.10686552947578824,0.0
248.1950715038525,9,16.429131613475988,5,0.18062138656141127,0.09120434266189807,0.0
10.002098560596501,10,4.382004174833645,5,0.03842005117201487,0.1896872416487426,0.0
9.365333566452918,21,10.81329517410028,6,0.08340523099484895,0.41006402132164294,0.0
81.19114871408159,15,11.50186398541183,4,0.10179197443873782,0.1942218403654497,0.0
48.51938152736076,12,11.176297116497352,5,0.06495782248186674,0.033046876680348315,0.0
55.51598351906804,8,6.760221894782479,5,0.23076698330958229,0.11374796234949697,0.0
37.67494309820451,12,0.7310547321292787,6,0.27396876177881985,0.0733993061482708,0.0
109.64781740771782,12,2.232007664622004,2,0.7397664882515894,0.12491647048867587,0.0
84.4353185708199,17,13.026476780240316,0,0.07927980988103808,0.046349937543450334,0.0
41.88372321989335,12,0.4377131186745876,1,0.3603006182543755,0.3414104741731298,0.0
15.845164862411565,11,17.399906458688733,3,0.1046463945985481,0.20293392255434664,0.0
17.37719162601908,10,20.073177226344182,5,0.2522006136818527,0.07556614493794056,0.0
6.344170781604065,17,0.4140984411445486,0,0.21190522181688026,0.34123310011780716,0.0
15.130281369057318,14,45.56343524200588,0,0.11706551618043856,0.1345105348090075,0.0
8.288891655970206,11,53.884572063652385,1,0.1217874935195164,0.12001156233414863,0.0
7.88467704595692,21,1.6619494520499236,3,0.16136595666908285,0.16282111381887224,0.0
25.247459714679646,8,1.2359474593035493,4,0.1913997096230052,0.10176582612148813,0.0
3.7378787201872967,13,37.02387074823929,4,0.3165446774654907,0.22212833240474536,0.0
74.46664067737674,20,28.757742452469298,2,0.07032739619975173,0.1963364421587195,0.0
1329.6100584832727,2,2044.3526017169168,12,0.7792561677879736,0.7477219472673126,1.0
25.927140328267292,15,9.878561222860245,3,0.22310921088579033,0.08843816340712209,0.0
72.51715661031463,15,23.13368073347207,3,0.22148685417048794,0.13605394729625692,0.0
31.650197583023218,8,17.978276216996896,5,0.029041791068282384,0.10715796785728256,0.0
249.97101321583477,17,12.357854597152757,3,0.10416277783271082,0.34251274756077654,0.0
77.27839757410041,10,32.72057542483963,4,0.19791376359230528,0.08313695140666794,0.0
81.98753669899126,14,0.45614685793858434,5,0.4631797935033121,0.06212419855641678,0.0
20.908532194500495,9,0.32042094986792435,4,0.19958732752799327,0.04751780689348802,0.0
66.29817488594017,11,54.83592686970789,4,0.20146335797032014,0.17045727292698049,0.0
51.8292631355189,11,15.941931688057965,2,0.0737980338670134,0.1289492591016268,0.0
226.5814083585082,11,5.343184909743904,2,0.09492048726098765,0.19920259048359895,0.0
7.320685366363604,8,78.8063313051033,8,0.3620884560289165,0.15280276492473105,0.0
65.09203375237938,19,6.496515739712504,2,0.17658183147832315,0.08493719165707712,0.0
42.16602886378601,21,12.33621674950096,4,0.39826323893372295,0.13815588603817439,0.0
74.01215140031564,21,10.163505519652265,4,0.12512254405916837,0.03261432236096583,0.0
98.31508301249742,17,20.5219629260879,2,0.17039058174031338,0.11555873131575382,0.0
5.774792405563546,18,21.90293055267408,2,0.13475885427637307,0.10589085172520923,0.0
1.547306317831321,21,7.520457268339187,3,0.042873560747309775,0.16732603047709285,0.0
26.939342230321472,14,6.858104116962699,2,0.18885256230532965,0.080824508213901,0.0
26.387418071900676,12,1.161087407305689,4,0.2528533189370279,0.0719104400961295,0.0
74.56372398599925,10,0.5983901995387887,6,0.3053344697280091,0.18566629472672833,0.0
108.7544978261621,19,0.41379291220148107,2,0.3065188901570566,0.2152264563326374,0.0
125.90949075647394,17,52.00382693704014,2,0.3572781199728142,0.1063882939890377,0.0
190.53979061695316,18,18.221636051818596,6,0.2934834560038673,0.21916206119989884,0.0
23.206695940752795,20,47.679343129189185,4,0.038819478100334426,0.19302713356286375,0.0
38.35789598064769,14,45.67994538170676,3,0.3695817364642284,0.08993683280454458,0.0
280.296684350077,15,26.305860916929596,1,0.08603286904017733,0.021461398553291513,0.0
3.676084974534619,17,40.432101702581996,3,0.2013843545811899,0.31857248150109124,0.0
7.3506495722412035,20,5.216578904674913,3,0.2088914295815979,0.0896023152863833,0.0
83.03654064164859,17,21.010774460807006,2,0.313214751501492,0.35871262372649754,0.0
156.34698364102636,10,39.6404376954968,1,0.4509880699827278,0.2687822173534463,0.0
61.41846562210105,19,19.66640903470659,3,0.20479050163006537,0.10463578380265114,0.0
69.53331532290903,10,22.07441991379097,2,0.17893017845197035,0.01816588752572831,0.0
74.51173379457327,19,9.693897541541078,2,0.06801349662823049,0.1212152996719947,0.0
80.4892900044176,8,30.306144096900027,4,0.04755045797022111,0.06828875097556956,0.0
101.30277950651127,19,41.622427748303295,1,0.18481755203593633,0.16841891902292386,0.0
80.91217238998836,20,23.254849347688467,1,0.06876296472863981,0.1035936302430657,0.0
61.62066906358581,10,0.540780899701534,4,0.5277671869074468,0.167952779414527,0.0
124.95660251635209,23,436.1392384615239,17,0.9864606161182008,0.8292254650902116,1.0
23.34608259028116,16,7.482801952152456,2,0.10952917427167413,0.32781522703212346,0.0
5.750732424252561,21,2.616485203823971,2,0.052022877044975414,0.2780711610331315,0.0
132.55422342707644,2,496.05615112808357,14,0.6507841350265157,0.8798045731148554,1.0
178.4650724188449,11,5.468305607911216,2,0.18127454085859224,0.15710372378342324,0.0
63.60007049297879,20,41.93722442528384,6,0.20825732636693037,0.08273702124700308,0.0
26.0420999714636,15,3.619428448467841,6,0.25666870328235764,0.20174657543081628,0.0
141.4721897283926,12,19.913235175290907,6,0.17335259540973907,0.1970077569348109,0.0
12.71233632995463,21,16.346658633240306,2,0.05805735549202017,0.14300294630026703,0.0
31.364483398731686,10,3.9568337186898472,2,0.2785555249681939,0.09710828855801681,0.0
22.842336255707053,10,14.792086481605933,4,0.5160934954940172,0.13649588740685772,0.0
22.520002688035262,9,2.3778895444680277,2,0.4409693734722071,0.029021409488575227,0.0
5.159463095006672,11,4.760050232708582,3,0.2254811417566163,0.24813687647657665,0.0
132.19002930930017,8,32.59513799137293,1,0.12433386191492686,0.3542385263804414,0.0
20.090102378440776,14,8.012888859814508,2,0.06977039984145236,0.1613015789815698,0.0
140.05284672948906,17,1.0010821325982635,3,0.16829777069056154,0.2630789841609311,0.0
111.20485104789392,13,6.235258605988614,3,0.13806483355923221,0.2117754514366605,0.0
265.9775990809719,20,15.600064314424342,2,0.13315548447357087,0.08835226987309595,0.0
38.682410153426986,10,21.01400204229396,2,0.4932238802453418,0.37635856441963417,0.0
4.685058646209695,21,38.84974249873859,7,0.42335435783735853,0.1309951815196534,0.0
222.84395567274993,18,10.838577236064426,2,0.20178217621481023,0.05321842496403001,0.0
47.687266521950214,16,8.95284171595198,4,0.3160176156007814,0.13045928689670433,0.0
13.118949097714903,11,2.805397096343756,7,0.16742647800578578,0.16546779878047604,0.0
115.4096303937297,20,25.936973875041257,2,0.21588408139811485,0.31431403229238497,0.0
10.910370442245668,14,20.362382204776615,1,0.06716696181748613,0.3497149762300096,0.0
31.616786879828812,17,23.673300620348886,1,0.16065029284570637,0.09521744196272283,0.0
36.992326098640106,19,80.2117956316822,3,0.07579301765385968,0.13915417717988726,0.0
28.313294645133627,9,16.895660478559897,6,0.17324165231171298,0.05610723553224262,0.0
60.60112342671551,9,53.33699465436186,1,0.1474445146172778,0.12270202520424231,0.0
84.36766871007917,17,0.11891713924415206,1,0.09978584638229733,0.29737559710186817,0.0
118.59675411917439,15,13.748887997458876,4,0.1526741710681104,0.07428413278694539,0.0
96.57667773224799,17,6.084494518487259,7,0.041969279765279886,0.030169114790162734,0.0
124.86341548514089,21,32.45848518589123,4,0.15660821206077913,0.09533074148709181,0.0
39.03420218801497,20,4.047177273204634,3,0.23825576765700907,0.08255202034126465,0.0
48.95481576399991,21,26.90331360943983,0,0.1386397657373578,0.1103196147782161,0.0
55.874825951101634,8,0.7655114560323655,3,0.2810904099810036,0.3583206422155774,0.0
5.073215608859129,19,8.929857718940662,2,0.1202564211003846,0.22743082836410375,0.0
27.336097135536967,13,24.00533262137258,2,0.059823298406899754,0.40816784534887957,0.0
10.860484199586981,18,20.112828326651805,3,0.448811804802832,0.2416332977962011,0.0
0.8717445292140382,9,2.4086301085631994,4,0.3787655156061018,0.21762136650994343,0.0
119.55023346706973,8,0.842505273795119,1,0.13832452037982482,0.19923548315374184,0.0
104.63006271661926,11,27.693868156256936,1,0.27402533139671414,0.1581270147320578,0.0
12.875752344814407,19,3.887308595619216,3,0.10581539701775997,0.1980914288083468,0.0
72.56069122302455,18,25.94154278818019,5,0.15226871794911367,0.3467141831936517,0.0
56.41076467278541,11,19.51725457288185,4,0.34849299314505505,0.07789991939346122,0.0
68.80818331217759,13,6.86568604708477,2,0.07222834225278758,0.07824850733796768,0.0
28.14778436483678,12,11.615012304555899,2,0.10095957334653331,0.09038625029024248,0.0
44.75337115221929,12,14.269821995752352,5,0.0603963547081416,0.18286576929779727,0.0
19.059971548325,13,15.158443412079745,3,0.21719547197658118,0.16385549198680951,0.0
16.92563438470527,8,32.44687008465926,4,0.06724690724633413,0.26606659623221646,0.0
35.5114137932986,15,8.272463019089017,2,0.23977490413764363,0.07318236423359145,0.0
142.40553234613915,9,34.7431972981474,2,0.1084738138227217,0.26581324363599906,0.0
55.46109645847302,9,5.543777483463753,2,0.22657022869348595,0.1733295363688274,0.0
33.29113666658466,20,36.963807808944736,3,0.06126459920871144,0.12983858723500455,0.0
0.0024575453772647596,13,11.117882274520719,3,0.12340965800767509,0.0197828999054623,0.0
7.402997520406384,8,16.060686333564774,2,0.006418281744089276,0.025487563312825957,0.0
5.8858862796904035,13,16.778637581415154,4,0.16581495570408517,0.23215162617201685,0.0
26.75663973309937,14,1.2234328327257729,4,0.341676906401944,0.14127276862865987,0.0
66.72985968759957,12,9.082715699216932,4,0.17002486934787103,0.09673159164237306,0.0
40.23644267061657,12,2.621316780189891,0,0.06031774388488618,0.0700624307369991,0.0
159.86328935465758,12,2.439489362726033,3,0.27921126880302516,0.18571343201740695,0.0
26.199931150299783,11,0.7022638427603921,2,0.16044097354353232,0.3251819429204367,0.0
4.742536515899023,18,26.96479885641199,2,0.1226169588647028,0.4725102392822765,0.0
37.219512956938615,9,44.69191161230513,1,0.3776850802667606,0.05911031304413351,0.0
197.20976910422775,12,25.10546014300582,3,0.1418538837793264,0.2984205822775778,0.0
21.37031017952248,9,8.608658220722132,2,0.22303507972183745,0.11465835260000738,0.0
190.50124238767805,16,3.1774332811152055,3,0.25398583286247317,0.20771630478792077,0.0
54.266262895170186,18,2.5202651563456078,5,0.13844443046065028,0.20415659229505123,0.0
88.79837235566904,19,11.286138172435354,1,0.20318406995005556,0.0885932752219586,0.0
31.82270522658922,8,31.375048067918975,4,0.317323368204191,0.23461878695624122,0.0
86.0429594934471,20,4.100031722544537,1,0.10081004265072613,0.10091585641593583,0.0
18.479151350355714,10,80.0001581450218,1,0.08137248039995656,0.07810516890038732,0.0
257.7817355558559,17,7.242570776859959,2,0.08790507991964179,0.06078032035770142,0.0
10.245510950277652,11,11.009588483874843,3,0.07783782305470612,0.13809566369153092,0.0
32.05682842843257,18,9.820018107326172,2,0.27921750904099,0.1654938607923018,0.0
41.44396806483195,16,114.1113326230977,1,0.2234655608566913,0.15165157504550897,0.0
193.17588398335457,11,4.097921627300104,3,0.046936303007639145,0.21820938234239354,0.0
78.2311314255219,18,9.407959214693182,5,0.257048706623698,0.1394358423917927,0.0
61.843654966883356,19,8.872669205562136,3,0.12053361957837816,0.14276735866218582,0.0
69.99851055758643,19,2.4387422956202425,2,0.28673214860376056,0.11623543868649273,0.0
10.726985191290657,20,11.390949753796576,2,0.07460563591595577,0.11847593625425942,0.0
106.9801535314196,20,0.15628846999681426,5,0.038705240248035976,0.06494042593089899,0.0
10.277450962079763,17,9.170581030151908,2,0.09171893089900576,0.1334350650206876,0.0
4.826802086004609,9,23.319022822218756,3,0.3972387864409079,0.08093363770992758,0.0
32.83068811043386,16,3.8619919886550713,0,0.5718077746699316,0.10326980364001986,0.0
114.80577106451966,21,2.631940843947806,5,0.07441494036800526,0.09597524076585412,0.0
52.822542648660544,21,10.263137323781299,2,0.12592012282306328,0.2746352535520104,0.0
70.09949648053144,16,8.153902195696892,1,0.16384404532127927,0.28596917119814486,0.0
261.9776167281902,8,13.844899804576187,2,0.3672279749080181,0.17601836350110325,0.0
90.28047463853375,18,40.575952706160415,4,0.11139074445577186,0.10832756532135518,0.0
82.61620701790378,20,14.272653328964264,2,0.08761299297172602,0.23157335337685617,0.0
57.41044676395907,9,10.292482158672803,5,0.16595154461367126,0.2312683786216756,0.0
129.97060011156486,23,107.0355917082001,8,0.5950622394331955,0.7858171430299383,1.0
14.357587098936888,10,36.65269166868257,2,0.2939102789309671,0.09160437591875761,0.0
85.96209978655048,11,17.789733981243515,4,0.19187930112859852,0.19318974011009118,0.0
43.477776530739234,14,0.6633651307984858,1,0.5715414790576888,0.08316050282763138,0.0
25.238171458080174,19,60.50885780165253,3,0.2871185558319589,0.15338952869011,0.0
118.93503397333808,8,15.111655914336808,6,0.29790779964292197,0.1719184122649219,0.0
16.289320021405736,20,7.28703567074894,3,0.053893379262463015,0.07693708927776952,0.0
18.644022419185216,11,26.69720964309223,3,0.2659010249865097,0.22726713424214015,0.0
94.3751901104283,13,31.529550150840674,4,0.3081961564248005,0.05675493759043225,0.0
364.1389300228581,20,18.01806750677962,5,0.45640211768743666,0.40347189018823243,0.0
28.691622034451363,19,6.191620934489471,3,0.2843515484030966,0.10826903647906588,0.0
58.148335145953645,15,18.740752988800132,3,0.1218317125878333,0.05264240810233642,0.0
65.26294797232923,15,9.245405563933923,2,0.010213291543102724,0.11992312592493552,0.0
45.507093803463704,21,9.865216191751882,2,0.09437966717731461,0.17220348934843532,0.0
117.08214308984006,18,14.444144558513216,3,0.2727824838331304,0.22015826330110524,0.0
91.98285815126552,18,57.02700111475038,1,0.058994859763821676,0.0704798916966761,0.0
103.48832033569074,20,0.05692400503731481,1,0.18416669801108523,0.04265684759447912,0.0
124.44617261850806,13,48.76832779190848,5,0.1010536188804845,0.0887703022180602,0.0
230.16712287139967,20,24.821702980869198,5,0.2775867867815732,0.10034456871613516,0.0
0.6719082969693431,13,15.73978155370989,3,0.15517022232931973,0.1398347650147307,0.0
80.22447868594818,9,0.298392140473813,6,0.14164240076232057,0.09953746334049661,0.0
4.037883241639163,12,23.6627485218562,2,0.1248105568462903,0.08019594032873628,0.0
43.9304558921068,16,27.588505766587154,1,0.11155211475951006,0.009343944200133214,0.0
21.15728733860476,14,4.073316500822244,1,0.3092031153516148,0.06763945884503493,0.0
90.51681071856684,11,26.931152510498592,8,0.13577783303609872,0.07065631092446599,0.0
157.36889313240698,9,25.9353458500258,3,0.26978567620016114,0.10938644818255308,0.0
167.49338755087504,19,4.557495372632515,2,0.13128703349726217,0.1155629455142873,0.0
17.52098745271487,20,30.676015291501194,3,0.3181640183811652,0.165609569555746,0.0
112.15101101066173,9,11.91967525629604,1,0.2089713172426056,0.23270523932148468,0.0
124.70648254789934,17,0.36450592185040465,1,0.1211701705012366,0.06504021221246627,0.0
9.327372809908066,21,9.004325337701637,4,0.20930505797890575,0.15960782874102816,0.0
63.68047542026909,11,46.526504754175065,6,0.3865900711203758,0.21442447516468044,0.0
54.468093458492255,13,10.989900717331476,2,0.19255726400668324,0.12286559507968364,0.0
32.66119090405929,11,43.09628809517286,4,0.0908041418972636,0.16782737087501384,0.0
106.66640966318673,18,2.552685070096251,6,0.27726905466591517,0.2140085431154115,0.0
278.9726433456915,18,21.583188744620077,3,0.17195585153414972,0.11843470469606641,0.0
54.53108432678914,11,112.81899934666137,0,0.43165583931639384,0.21548908419496543,0.0
8.048816901024077,8,16.720222732758803,3,0.15488221129813418,0.07188257621471444,0.0
391.2523969638444,14,8.330525785441655,2,0.2312609672437975,0.16813567235342522,0.0
7.088314773478283,9,0.054097434071391795,4,0.5293439119239068,0.4334994226391719,0.0
218.418164984162,12,12.630417770259514,2,0.10032942158848006,0.1365131302720691,0.0
112.37063894840136,13,9.323582354910847,2,0.37039080937918545,0.14886297357274245,0.0
56.646562377579684,9,3.9664901229900655,4,0.4975098392267288,0.1419991531283755,0.0
1.5925905033711523,14,6.589806131390277,3,0.07870007164173473,0.027228275084951233,0.0
108.01757268114201,0,171.9403841283741,16,0.7692732447550652,0.6532678307662898,1.0
26.555512155235498,12,42.04719013176653,4,0.36823495192318567,0.1554825976371177,0.0
46.18792648277277,20,10.793187105830606,2,0.24353727993228827,0.17621966463973796,0.0
17.435873964184655,14,92.06467122749515,1,0.5445954613365366,0.23890620417445912,0.0
215.95055719634362,14,1.9978459454295927,2,0.19106432899877787,0.023906920817393425,0.0
14.161259558614752,11,39.73543538523347,3,0.20561565739171808,0.17026870755665738,0.0
9.01751318117424,8,0.6972358952343556,6,0.229493000797603,0.08328249135661021,0.0
0.9134871546033335,15,30.39715085942591,2,0.05455566665227093,0.11510043474228192,0.0
100.3424028734061,9,7.13899061284606,5,0.08717606508419658,0.15801512396667658,0.0
239.59650029918208,14,37.47264993826552,5,0.10587792003152402,0.30818587198263175,0.0
7.421909728204938,12,22.047856935379322,5,0.5063291366373299,0.13784603961662648,0.0
283.0720968129413,20,2.724386354376476,2,0.0796111682572419,0.41555609919356173,0.0
16.566238571685666,8,7.8306308939254246,3,0.48323179059974936,0.11732761389073855,0.0
175.42937084544863,13,92.86618514418527,4,0.21786046485010604,0.1846592070013127,0.0
31.09798090049086,12,2.70981445109322,6,0.031513671345258475,0.10728149158450456,0.0
45.04384108782888,10,29.128236696054625,7,0.2124906233472797,0.1995157537165087,0.0
106.44247255277607,19,3.5403660342290912,2,0.0641230311036499,0.09425477094491025,0.0
133.33306766517234,13,34.60388393742044,8,0.1913801339521177,0.07461743703007778,0.0
166.44088499059797,8,2.25243937131471,3,0.4783329508955663,0.07685266911468974,0.0
39.44284760384868,21,20.631476665733373,2,0.330964829588363,0.11273437042312859,0.0
191.07626911564483,16,1.962268182372322,3,0.5831043745932193,0.38178519629264074,0.0
155.89024748687552,12,26.18041771019493,1,0.11591380871689687,0.06654335651395275,0.0
19.745285083001633,15,6.348126061154856,1,0.5741869009957152,0.18612506346811464,0.0
13.955093639129903,18,24.96663452072903,3,0.14698843887356247,0.4448534692765051,0.0
131.53673465947355,11,8.971586069872567,4,0.3504002831264632,0.14396891100788686,0.0
57.27650124912497,8,3.192200563891785,3,0.48617910124737945,0.10129692552303601,0.0
65.14215721656912,17,33.04507445313341,1,0.48624911352194156,0.2709592360261914,0.0
35.03900675186423,8,2.5968527200550007,3,0.2545410835985451,0.24758327681894876,0.0
42.84008916292855,15,6.719565980509418,0,0.20731486043613698,0.03477215246131498,0.0
20.768298033478697,11,2.3539465546250913,5,0.3326654392433874,0.050118508499003116,0.0
99.93010754532796,8,20.34737918439965,2,0.07839451028953022,0.10470212548845362,0.0
41.29528377986661,9,13.9282424506656,1,0.2505743870605957,0.11681506638277504,0.0
147.57918967857026,11,14.475607493353305,3,0.21995007176720893,0.1692387556477081,0.0
87.87309964151703,11,1.2827884577861648,7,0.3930056858860335,0.3553812431738052,0.0
78.5368075240153,18,0.3687380313227985,4,0.17719849280270822,0.11254690087735042,0.0
0.0009307858440345859,16,13.685956650961158,3,0.15799788262193346,0.08848027733176052,0.0
490.30583951232694,11,6.652126283810176,2,0.4213548651108625,0.1747482856064531,0.0
6.750506336059957,18,5.628824199095205,6,0.16420897473085944,0.1820579829623675,0.0
163.2785349099345,16,6.781007924192966,1,0.06292814019407514,0.1742406787928881,0.0
10.075557158882722,12,61.757613466807,3,0.3793167159111077,0.14904292013097034,0.0
90.36398835494026,14,5.443729080148426,2,0.19918013134940477,0.16868724195467835,0.0
111.69734209697154,10,6.632082792436976,3,0.18258834625285816,0.09440227834186897,0.0
1.9693184864550892,14,1.9972960215843816,3,0.07733558273629912,0.4268474950330721,0.0
8.59729411365021,15,39.72464161630035,1,0.19544599197296295,0.15289707896996488,0.0
2.580681723248385,9,7.872854246802346,7,0.09544276069156765,0.0438839730256864,0.0
19.89570089443332,13,2.940376556381085,1,0.3679267282635261,0.19680015339025786,0.0
119.20929597853203,10,4.708761751344392,2,0.2400026960162819,0.18109549465999966,0.0
3.289556332058647,14,31.363529543368642,5,0.058622329158892976,0.2128074756551163,0.0
61.3908199961879,10,2.906092894852337,2,0.03272339157447483,0.0751131118912946,0.0
170.272397458516,17,9.644401296560707,3,0.34239220002111154,0.27838387745459575,0.0
83.69990733591607,16,15.223111271787715,4,0.15096120653834333,0.38544780361827813,0.0
10.222391810713757,11,43.2747296281823,4,0.04668831729438777,0.10314583364674126,0.0
37.36034569170783,8,19.35334415643627,2,0.09651412167306705,0.16469428201303882,0.0
39.902640018723815,11,3.8523442225669986,4,0.1492522404363728,0.04471832334059375,0.0
7.877547487536606,18,20.19123490410753,6,0.03119367612372862,0.10364807089678481,0.0
43.32269112902683,10,6.61385938007561,3,0.10247589065130465,0.3570305292524767,0.0
115.64030393789727,19,78.6591729242983,2,0.4841275616645602,0.041473322753488945,0.0
617.8823617649969,13,38.04970057387366,2,0.22625547568127516,0.23450338198596965,0.0
18.004468088190873,21,29.27000354039037,2,0.09097295729310656,0.28132153462241544,0.0
81.53676908548007,17,5.769156174325874,3,0.26042299444648803,0.2042396265294783,0.0
127.853042417383,18,6.635913666710241,2,0.2279552006000958,0.040746592008301545,0.0
138.52112429237846,15,2.2579173827835626,4,0.3983843903366438,0.02054496587447305,0.0
139.62778831538094,9,2.2240374884095244,2,0.08076617318486073,0.14935767044050777,0.0
41.232150945164314,20,51.35248672339912,3,0.064322725760892,0.26712279107660775,0.0
14.796414222057743,16,8.61558210222873,2,0.28315476298405845,0.1195916005246797,0.0
208.50529416419215,21,3.6576122762703567,3,0.1557114926365649,0.17805297000858947,0.0
162.5466327494329,10,3.7330778475273982,4,0.12713888432087986,0.19585844166213,0.0
33.93114526358442,8,31.87603363604355,1,0.29501175943795666,0.16429007523605024,0.0
54.68377825073201,18,9.7279496309466,4,0.2548776931819819,0.16201664784411457,0.0
97.41322782383011,16,25.186100947379995,1,0.1295378964896947,0.21284978788118927,0.0
61.37047302981554,16,9.523641110990928,4,0.11232364186781796,0.13866619262724567,0.0
96.89217346680367,11,1.1542808302084409,0,0.3256985061348107,0.11410724394758563,0.0
36.98299171978934,12,11.779587411704721,3,0.5190463131233062,0.02909526680682641,0.0
2.4905693218895584,16,6.612059272651198,3,0.3808988129067882,0.29231754961837964,0.0
4.1016975628901475,8,36.72091875619064,5,0.38934424063835155,0.25137858252770306,0.0
34.93035590278657,11,65.40017730869037,8,0.21762270573712234,0.15343984796451052,0.0
67.14161564435064,9,23.3897464251968,1,0.3166123634544086,0.27326262224848974,0.0
89.3263267123629,19,5.814506223560965,5,0.07713099063180727,0.20842716355054663,0.0
368.84557982770536,19,23.63753908139506,0,0.1713801833389077,0.13774850039213993,0.0
11.53502404720828,18,6.280811751050449,3,0.15069194044166398,0.35455968984451525,0.0
115.78885874654702,12,3.926668072248232,3,0.3269731056745448,0.09081563714299226,0.0
5.145317103962167,20,29.40493935041063,4,0.15266485527541898,0.22059665366237757,0.0
4.969349088974306,8,12.243707602083916,0,0.21020146175959323,0.03413875971462995,0.0
55.19104342422541,8,23.92316057298196,6,0.28020164213064186,0.2424491873890346,0.0
3.530675689406886,9,14.150759974676632,1,0.10659563927874173,0.047034010559167304,0.0
68.88343689388401,8,0.27027633610992813,3,0.29856642318123067,0.13505368489770644,0.0
2.7353219950359864,8,14.1193699762736,4,0.35866388604872995,0.2296057722417607,0.0
54.12143726377866,17,9.502953829468245,2,0.07319224168513909,0.16436189555025962,0.0
101.39673978798226,21,18.215908809819588,0,0.08761069657881729,0.25109725526884824,0.0
31.250639435806463,16,17.050043728058817,5,0.47625770854801597,0.18779930230036213,0.0
43.46554658132692,13,18.021728398318196,4,0.044658359031842294,0.03560319877991294,0.0
46.48051939770976,8,0.3180025904534012,6,0.19655759899466121,0.1673515110869508,0.0
79.41026323049499,20,4.435182774564317,2,0.26857443337301723,0.16030526214850185,0.0
150.73213614033003,15,16.31998147835246,1,0.08498309470515698,0.16054706436591734,0.0
134.7272183023043,13,24.445056414082806,1,0.24746677965921443,0.3973386377705407,0.0
18.90913882198732,11,21.435152431407083,2,0.10638095250365737,0.3185392191930065,0.0
111.48973797012201,9,1.0060518618550132,5,0.06928652227242259,0.15353340155261708,0.0
43.95542584159277,17,3.1356666723271265,1,0.19636832300607712,0.15341809656519853,0.0
6.977631733237444,19,4.421824880997539,2,0.3325097160717293,0.12913639514168096,0.0
106.95679024198327,13,7.273397239885282,4,0.43105237724243345,0.09207084077994078,0.0
35.134906997590704,16,18.937556757356422,2,0.19625272410260972,0.08419848292266947,0.0
34.12819964136807,14,1.476273512888585,2,0.1766379428741495,0.32800131416508194,0.0
18.320869337283607,15,7.422445219563949,3,0.3203397332554402,0.17984062218618307,0.0
68.95021803365849,9,59.49346166304647,3,0.39107530148288727,0.20059232479957492,0.0
173.7849965176342,17,1.4468075914904823,4,0.04559713811498148,0.1385545336464086,0.0
260.3946924723257,8,28.963593084267178,2,0.13907483481190233,0.15381642598862103,0.0
39.81874545950043,15,17.24377342147548,1,0.3350705961903929,0.17353369938458144,0.0
157.3590003522482,15,21.259084701878834,3,0.07727482884168188,0.23664725939966344,0.0
8.955531612594172,13,5.093017175580941,2,0.26526398787283645,0.2557616954919496,0.0
57.67565717810485,8,1.0960957484712468,0,0.44047759194909347,0.14316591707615564,0.0
16.713674493703724,9,20.02571567691647,4,0.24860242222937504,0.038250059908103096,0.0
151.2899833398564,11,1.3884518090646447,3,0.3169081528043397,0.1573992256665833,0.0
3.7089859216427783,11,15.249022404455683,2,0.14141172862292373,0.18915466780630377,0.0
105.1882851578396,17,9.124492732073922,4,0.10830030077631034,0.14834696692191163,0.0
93.77799726362633,10,12.397916062817227,4,0.05754373664748149,0.03348879180207466,0.0
4.122498359683717,14,51.13293723619404,3,0.20050883040147832,0.3228761253331665,0.0
68.46469168007451,14,26.08634979281737,2,0.11892015722546054,0.2623131112487184,0.0
12.845732106913514,14,19.5574163055062,5,0.05334798764013891,0.25911016811442916,0.0
26.700974420936312,21,41.11217172508687,4,0.37039306362448493,0.029413570543671268,0.0
13.75372892714547,13,13.392403120472604,8,0.3005955573820076,0.10143216992088591,0.0
57.342328976672064,19,24.873828943798813,3,0.095274349958443,0.06254321735097035,0.0
117.96557864474096,11,22.655915839835387,1,0.1635915295169891,0.02667214803684833,0.0
39.091283424190074,16,8.10186998608158,4,0.4192329589206985,0.10623059126173005,0.0
27.998815631212718,19,21.154767854119974,4,0.023793676431379744,0.5062585147883566,0.0
24.069829897778625,11,18.048219251934874,0,0.09271856695978946,0.07014454660252256,0.0
4.123930153885491,16,21.205273116272632,6,0.18817608976433042,0.21980079811070055,0.0
5.695080501011604,17,44.28152193237619,5,0.40440854818085215,0.07815661113777302,0.0
301.80507805485314,16,45.55451033474539,2,0.36445494633951514,0.30784907895274305,0.0
130.95708037882738,18,38.69106225470688,4,0.1661264583261338,0.3040519377194689,0.0
140.59741935178826,17,14.68019794691697,2,0.4902311300273634,0.08053548835160093,0.0
3.953039911544055,11,4.726139902812275,3,0.04952748099327529,0.013893588186873728,0.0
27.273682586162757,16,35.04790652493601,2,0.2805891957491047,0.05503765541106919,0.0
164.12157844166504,11,5.690197840800829,3,0.055153283905628986,0.3270657664801703,0.0
10.352807124568093,19,7.268893454428371,2,0.048137057486438574,0.028368181029078503,0.0
73.9959676254765,21,96.02097247179665,6,0.37730790078213794,0.07557490065162392,0.0
5.953050382101962,13,13.342068724970533,3,0.13222638249426003,0.19858985852395902,0.0
19.172806510308632,8,13.954145825385494,5,0.06136506780975554,0.04672128716308559,0.0
169.72564314418878,20,28.976434512198246,3,0.21851085217335495,0.07403980828195937,0.0
79.83810370764517,14,22.18547618517711,3,0.46891684218675206,0.07571740215351055,0.0
113.51876765986495,16,11.82907227556554,3,0.2116511466522236,0.18710308359123415,0.0
91.18994333830919,17,2.6973792245279817,3,0.3069465140964838,0.12768926345108259,0.0
100.35206212198682,13,8.282272432864252,1,0.18267379838168862,0.1958663809358642,0.0
17.450775570501396,19,50.87259201201293,4,0.4461329066645918,0.2010914757968448,0.0
28.07043027111543,18,28.46348356377542,3,0.0832180360916769,0.09568485931653074,0.0
33.90835526181811,13,21.786525918786612,5,0.1084203507169865,0.0403949467329771,0.0
2084.246298276333,0,210.0013755951145,8,0.6730476743112151,0.7166171819166253,1.0
174.1496847849638,21,19.543536378150232,4,0.13736014779730313,0.10126565442614258,0.0
49.34798598423964,21,3.9784716414010357,3,0.22759804256335814,0.30219311386775305,0.0
56.33806749825544,12,5.180019179869152,4,0.10574403262103307,0.17229770386912388,0.0
163.19868985460965,10,10.370634222249294,2,0.15450684433357453,0.06696168543721882,0.0
41.25007449728702,14,5.374433626671335,1,0.2749037785163646,0.17176274491556653,0.0
139.32025321657215,13,24.89263152568426,1,0.10980244467473425,0.2546425751893281,0.0
13.58732530916813,10,4.29811797016355,3,0.22024336857530347,0.1781760858190763,0.0
18.2975627064757,18,11.52260481350661,4,0.2373068321243014,0.12768472504228834,0.0
132.80564910159188,13,32.9231786766763,3,0.08938334593339324,0.23469939956705427,0.0
14.202084140571134,18,41.30981744594207,5,0.07980388832850427,0.16829708260908097,0.0
57.50814020739529,20,12.039621047561745,3,0.19641060719775122,0.08929585191933109,0.0
25.615109790163807,12,61.866812076730355,3,0.29797519704428227,0.12591869138602402,0.0
47.14698604479646,20,53.29023546424282,2,0.2695752846235979,0.1964544733933261,0.0
588.2508304389931,1,3159.2900604256824,15,0.8326765060367265,0.7542569123876631,1.0
0.442993630074838,10,40.30176301346505,2,0.10416773208608426,0.10194356219701624,0.0
77.32031351140682,18,71.45719550013948,2,0.41631017106263246,0.24632195044213187,0.0
13.992341610257515,17,33.93999679674873,3,0.29003594541913225,0.006207751431283986,0.0
13.006094697433957,21,22.368398175702605,1,0.4817490995592305,0.20231507886388217,0.0
55.88822525564768,15,10.892429322245388,0,0.12702119477275658,0.08793570633606784,0.0
41.59238052320091,17,2.4499359070995794,5,0.24110909345107343,0.1586522152656838,0.0
86.01901721363221,10,1.3048666566814697,3,0.23205966612178244,0.01757424515756263,0.0
107.33550030283767,14,27.05852654807943,3,0.3036230968980875,0.018279393834614195,0.0
5.578074191580905,14,55.72940461680532,3,0.15994757278905666,0.06538762182979621,0.0
29.924762683101722,15,0.16469040440815982,5,0.10949935004610557,0.3828679908383957,0.0
4.46910077807331,18,17.20964138697191,5,0.10551243882260954,0.22661883408749475,0.0
64.0331825255919,17,28.4947757656022,3,0.25531502473849477,0.14128682054565267,0.0
119.90218437394381,17,2.2701211330304667,3,0.16895935580857033,0.162076241331989,0.0
149.72876511193377,16,11.274704977795096,3,0.09275232738110824,0.014707939539870976,0.0
25.391345145946495,11,17.66840435773324,1,0.3986784212485204,0.06597503741804245,0.0
19.023619055005064,20,56.30888676685902,4,0.27478599606670323,0.26819213694199284,0.0
240.039252249821,10,14.83660386462578,2,0.40516111889151785,0.34677298484723973,0.0
22.313294639595647,11,27.1968793350197,3,0.3007258121951945,0.08535908186255536,0.0
32.92012890733144,13,20.04783831050498,2,0.33983462260967257,0.12185741260640424,0.0
82.17141504396699,11,7.659300984920078,4,0.09271213071815868,0.11482313095556557,0.0
9.03564377571448,11,9.676575231305902,4,0.45058731771561045,0.10828912137348916,0.0
3.428526984728723,16,6.4616560083902765,6,0.35230345294407944,0.11942213940765908,0.0
39.465702995570076,8,10.224339127787443,2,0.1914710999922075,0.17791326196358656,0.0
360.31949875748296,3,78.47667981320168,17,0.7685331509990083,0.9029528914665284,1.0
23.706946540498738,10,0.20835599340681352,2,0.2866078224348709,0.06372897992634727,0.0
7.0923094222245355,15,16.472004456984536,6,0.5219178078568786,0.28688020248370155,0.0
315.4123004501924,2,115.57361227876423,12,0.7696408862818431,0.7974892944345153,1.0
4.766640666621479,13,14.23528977623247,0,0.2203855787800536,0.22466698243060337,0.0
2.823045483362373,19,83.29625011236442,1,0.20620892443547056,0.3107263308112324,0.0
6.287413959084086,14,6.062491360436483,4,0.280629664768075,0.1905745739574828,0.0
55.20291374791081,12,3.573540129906095,0,0.11760186769526317,0.14836465985847094,0.0
131.18869739482872,20,8.26923809192509,3,0.3218363834449118,0.15002451797692934,0.0
0.796810667782204,18,0.8691057034233836,2,0.10339162688421875,0.1646066686569661,0.0
29.276109036377097,19,81.58570563423412,2,0.25221166237430676,0.17608875423479137,0.0
198.55660296669515,12,16.96715589079836,0,0.4294357462134071,0.3358754618460984,0.0
136.04002297073316,20,2.799286737942012,2,0.15733896900824043,0.1498461604778381,0.0
99.95934999648206,19,8.343497509846834,5,0.15622240365012693,0.14671999911120046,0.0
6.690857007360012,12,19.679300557381197,2,0.2383343542159349,0.2933322569196886,0.0
76.70461515446242,8,66.69887970130883,1,0.11913971665318132,0.36199588466709604,0.0
48.49022045415607,18,21.538012230604252,3,0.13523035267919906,0.12850201307725823,0.0
352.4106530705061,13,75.0167769259131,2,0.08513133351863258,0.10229153658659204,0.0
72.83826905762871,17,20.75732663033679,2,0.22469561572630506,0.29133162488262965,0.0
55.54451897263152,8,47.49758810813919,1,0.14861939252351347,0.19266019417049834,0.0
5.591108679689839,15,16.096344795899068,4,0.07216090117805848,0.07919451045046348,0.0
9.017045502615684,12,20.48053335528919,2,0.20988852525716656,0.1107041097821379,0.0
10.261911917600495,13,34.19955925574416,4,0.0739569740724341,0.21294255744466087,0.0
19.928644795876625,19,1.206950802702357,2,0.2016965825668315,0.06146919338751601,0.0
35.430194288534736,14,33.54827498616575,2,0.24953039287764248,0.17248929094215304,0.0
222.85810415871626,21,32.0764055371447,1,0.1086481965057488,0.07172924978478087,0.0
16.35108796063246,10,22.429285730783647,3,0.03530559800040202,0.10288470981951349,0.0
129.96894915034858,14,3.2824266388748393,5,0.5992189444664275,0.16583306629760733,0.0
51.38434446533517,17,6.221185333600392,2,0.14457766143062614,0.20637577881830899,0.0
66.56352829409444,20,69.70979135913402,1,0.1854758174578883,0.07038792410603749,0.0
3.440382474987786,17,5.725101494339684,3,0.304233374676622,0.16876828897372703,0.0
105.00410907684059,18,8.4341915603533,1,0.3366271692172215,0.19329992443787997,0.0
6.578356003593107,10,37.330163225115044,6,0.17580922870734425,0.12071471281660792,0.0
97.35305141080994,8,10.980200833969413,6,0.48490300507944,0.34123120223408876,0.0
21.690470070434806,12,21.984247540936153,5,0.2865499474253923,0.14886017262007858,0.0
73.42221361766336,18,5.186012245674818,1,0.2834504201634285,0.18198079410619183,0.0
64.55944150105452,19,7.8508177518011415,4,0.346134041964585,0.05311929412938501,0.0
184.27338154572345,19,27.487987721276966,1,0.12927755507083494,0.10842838430221496,0.0
14.664908271516936,15,1.171690545078651,4,0.439353552410663,0.059159311811699776,0.0
16.851375243529077,18,23.183171681958807,2,0.2655680960193994,0.26810830103131894,0.0
325.6883716464607,0,71.74821788897543,17,0.9304924047731424,0.7774248135464195,1.0
49.9252973173185,12,49.90349619928705,5,0.5081816432790263,0.26759095705993097,0.0
43.35634853361387,12,11.833458983184995,5,0.6249953303715775,0.14751622640590664,0.0
34.526724712030536,12,27.96271490258825,5,0.011522787058076136,0.2555360077258532,0.0
46.98535261091217,14,3.337020252541156,3,0.3896481077917028,0.223012651795703,0.0
91.0630907743301,14,29.683319348949443,3,0.248353121307507,0.13140822874955083,0.0
3.838799388900174,20,3.3532726964710418,3,0.22471729998154644,0.23053248809967924,0.0
31.465936351114166,19,14.815617817023785,2,0.35255502205658595,0.15866603200119075,0.0
28.910410060050946,14,5.818880082833866,4,0.24156864050685328,0.1164157006170161,0.0
98.1458085567476,10,0.7066615616010117,2,0.31346146862137764,0.13158575966049701,0.0
164.169027590153,11,1.2569265806441046,4,0.2577855123032749,0.05734745360626334,0.0
70.42648109087372,18,29.530635245931318,2,0.0845874430935793,0.08258722326350944,0.0
18.762590048642807,11,9.501179344583617,4,0.09777226649388569,0.15998781321360075,0.0
5.913834149520967,10,20.303668964291887,3,0.1565273279845486,0.12743905545719522,0.0
88.11170537378456,12,15.310232576417588,3,0.046086877488797875,0.0973185129740884,0.0
309.0500980744803,2,149.90806498863606,7,0.9594986719521571,0.7241137390839245,1.0
132.18652582503015,11,10.948210213492835,0,0.13947552852603182,0.04351778438860561,0.0
132.4484503805119,8,35.996057229810376,3,0.22299350885918492,0.19091540463772091,0.0
88.3477311072734,17,7.455900759493522,3,0.24802115907178898,0.12475112891084682,0.0
90.94565820008,14,61.78347213181466,0,0.2885206274842135,0.20122448144947744,0.0
12.264880816601249,19,43.23458346868374,3,0.010678307158316603,0.1446101676270535,0.0
26.28447319312155,19,4.975481430497448,4,0.32782056592943065,0.22395891274751467,0.0
45.51083872956579,12,16.463135616646646,5,0.09785119218345302,0.20367582250675825,0.0
7.357513368324058,9,23.254855669694486,7,0.0320958647513084,0.228707716599535,0.0
78.64999958261828,21,12.210667002003024,1,0.24526455419975515,0.1551295652537332,0.0
105.1913035008474,18,9.063286121357295,0,0.2183811173401281,0.11212641608903123,0.0
72.33547103708135,15,11.398185771781524,3,0.23490775298801372,0.10914412322296403,0.0
101.88225555715889,12,4.781006654420112,2,0.4090160899913969,0.13230639192738938,0.0
3.287262702037393,12,33.621460441773834,2,0.39933483177911194,0.05644277966964637,0.0
297.0872241701666,9,1.6645112175701058,6,0.1646116735196468,0.20511347051790169,0.0
63.35706073649214,18,35.26340667836959,2,0.19550603223224447,0.25880892366151304,0.0
46.92302718057388,15,17.673156849376145,3,0.4326194717331848,0.1994544569375832,0.0
95.37139335390441,15,69.64085964915515,0,0.15085107736632264,0.005219727749419818,0.0
168.28190145945888,13,24.709072450827342,2,0.16173157996831816,0.18230794445119664,0.0
215.71528203183234,14,17.18478102545226,4,0.2512652785631158,0.12414790165050504,0.0
62.34288152559116,15,25.200599991588476,2,0.018125569355854174,0.22730106470270117,0.0
317.81761663003107,14,3.0435932457805546,3,0.5924480305243541,0.03266928991391589,0.0
40.68798525356542,10,19.07160441168209,4,0.07250997113587623,0.18734823696564765,0.0
208.7981959367932,19,22.686453008863978,3,0.24667603403434704,0.4578129741638954,0.0
7.936400932460331,20,55.62979754204234,5,0.211924138166503,0.3362356145258052,0.0
67.7524560382811,21,0.7934491982436853,5,0.04863023691221665,0.08906094632006772,0.0
173.86205435704113,18,5.590117905846059,1,0.30593617659082134,0.1423451335310817,0.0
43.81589610832198,17,95.82869657530699,2,0.1677066630062013,0.0410838723964265,0.0
60.45325021491779,20,20.56171340374972,0,0.3427617699619952,0.1541599333480273,0.0
70.04872437092789,15,30.4608577294422,4,0.1175503774313597,0.12006484016148448,0.0
264.22960850015284,20,13.081996657904394,2,0.06424632964462408,0.08261708897209119,0.0
262.5607891633118,11,33.598894942781634,5,0.06803054708697487,0.2098622613731144,0.0
49.59260050569306,13,9.949673487442135,6,0.0560384670602121,0.14564382124236405,0.0
26.272980911119674,14,10.26796988204496,1,0.18272491719551978,0.19881294846093062,0.0
279.4245706188981,17,2.865145100879717,1,0.19261573433587365,0.1293921674051561,0.0
34.32346413631799,21,38.04646869864632,8,0.06046513406032413,0.06041437378202189,0.0
93.70673967012257,18,1.7868301889086193,6,0.15549348660372453,0.0783455315409347,0.0
39.86674215073385,15,38.411957802594216,2,0.5533982716814527,0.1984557095035762,0.0
24.016536723370983,21,22.704453115032294,3,0.05306246783606295,0.11493871752152825,0.0
57.359207217404624,9,55.29549049907917,3,0.06549618615648373,0.16664813509893078,0.0
15.591922328376672,18,29.68045684787026,2,0.23015966091358783,0.1437168800227005,0.0
109.38673734497706,11,8.279517120112303,2,0.06158331543174921,0.07564075189764327,0.0
32.52325078262672,19,7.900008804491993,3,0.11669787991272171,0.11190045428054657,0.0
11.750259398455004,19,29.341047150564794,4,0.1338000027245243,0.0807664109961142,0.0
39.4390763248137,15,27.585081364360896,1,0.24828348021934607,0.20727077831630134,0.0
37.28206733030689,14,22.982129005208094,0,0.17846311670323897,0.07228157644678457,0.0
131.42350608590058,13,9.438554808666254,3,0.05234860101765348,0.21822876789223794,0.0
49.88695786265908,15,17.11738667930789,4,0.4214007559927868,0.04009169021132621,0.0
102.48758504776255,16,7.499183586607002,3,0.43748053483374233,0.15137544011191004,0.0
12.117286567574602,18,10.484782418280092,3,0.16817823229906625,0.0884997741693825,0.0
53.49631870300978,10,8.525003350841565,2,0.10080912765173869,0.2677956850843112,0.0
13.54673374912478,15,49.42028228882008,4,0.22323052448742126,0.08793605103935523,0.0
37.54308033926239,11,8.554623969951571,3,0.06925658850008658,0.20100390591717066,0.0
113.26872270989836,10,1.615430406676057,4,0.26467818421475076,0.13757258052969903,0.0
2.799497715478327,19,8.357930163605342,1,0.11578686404154813,0.33262671406650457,0.0
52.451180370864456,11,96.8849790022236,5,0.2850979256771083,0.5161964237745035,0.0
123.85687377537478,11,3.6909749142289474,3,0.21964574456971458,0.3351041998747261,0.0
81.16299585636926,17,64.94461507227129,1,0.38848529982435154,0.14168002565996662,0.0
78.61194728515811,13,41.137460328228826,4,0.07802808453522507,0.0925523088791544,0.0
42.37315574168847,21,46.197393248017455,3,0.1875027659270801,0.018239615910731317,0.0
8.587440369990949,14,8.555041449890675,3,0.3735468111220599,0.11224707335551505,0.0
9.051761383666324,21,23.54316953021296,3,0.2944546672383824,0.10423685069965889,0.0
36.682185215067115,9,8.258424486009492,1,0.08889155191584161,0.3771074095016958,0.0
12.762110738150627,8,32.49673921951802,4,0.2842985977300499,0.06091665081519437,0.0
115.6929917202069,12,22.787344999375417,8,0.16576013066169537,0.10818848026462473,0.0
41.420006291896215,13,13.725410127578234,7,0.34196198045006976,0.22173161256094032,0.0
203.37660655208012,13,17.984384571177117,0,0.1455581592778984,0.21689986631575875,0.0
20.843314958112632,9,0.7838288419020207,1,0.17552787513685147,0.16202791752650797,0.0
65.63403533711005,15,103.87946611020857,2,0.3710360235792442,0.2573233651634717,0.0
158.46485653882866,20,5.981617660282906,3,0.2791447262060372,0.1485342089386324,0.0
73.93617751880925,12,13.844918227204758,1,0.4484279033461344,0.20321763224987197,0.0
144.54623991047757,14,9.52357197900729,4,0.10567066146554954,0.1085934392258129,0.0
17.879690863947765,12,14.153197107315918,2,0.08301335594319288,0.17500625030400663,0.0
53.48747936829894,9,4.455008226281836,3,0.39703891480741893,0.19123785010447464,0.0
140.93687962139393,13,30.952778683647402,3,0.2725256582416574,0.13157172818657495,0.0
70.11054116733744,17,39.41560138739843,9,0.16919712350551006,0.13990357917667537,0.0
10.319905893129384,14,6.301034554196524,1,0.18886982057936602,0.05860609288669867,0.0
79.50141384300251,10,13.684724954741265,2,0.31741094487054444,0.14559981854418177,0.0
103.59684503333474,14,19.74481151730046,5,0.1721128293827162,0.24114739895811851,0.0
280.2904312183368,20,23.398386508306363,4,0.21367721083698937,0.5181407277992635,0.0
77.29949841187346,8,7.445349011954647,7,0.2003490436007676,0.10749643842881866,0.0
36.93912675616299,11,35.38302917736486,4,0.15046763981209887,0.20442314325830682,0.0
51.752360992934534,21,15.702460649153496,1,0.2562004767832346,0.35811375078799124,0.0
27.903998020986652,15,13.390106270597595,5,0.12201180687863684,0.09625171606995352,0.0
91.70454994851488,16,0.6764022835452217,3,0.12898835680888068,0.07406040986809573,0.0
143.9374365002821,14,34.605454741378814,2,0.4548947622575259,0.15916621079051746,0.0
131.59090418806815,13,14.688247497108813,1,0.19087649557643682,0.1435958658390052,0.0
15.419133035256284,9,13.585603804011669,4,0.28353810163158333,0.1944655426271352,0.0
10.103470608645356,11,66.3976121403493,0,0.1323367192523901,0.3224892685946309,0.0
0.3714227253074308,20,38.92521771327694,2,0.0806543029601036,0.05093150257155181,0.0
0.9093516529934587,13,1.1179973133789574,5,0.2045848634420295,0.1110225159362927,0.0
53.34674428793712,13,13.460149477970031,1,0.03875991867686752,0.11203770421256536,0.0
11.434111078018706,21,1.216313648827955,4,0.35826624149182956,0.12476802552884192,0.0
5.554564066260333,18,2.7296054440798962,2,0.2252282394723087,0.2813035984270709,0.0
16.378422553077264,11,31.280010464684565,5,0.2723184334031221,0.2808657487387959,0.0
16.633050586554678,21,5.084246247186256,1,0.023641770238922572,0.3564509648208564,0.0
45.242965342426935,14,1.929876835874862,2,0.09199072126966476,0.23449264160374098,0.0
13.229227625792223,21,46.994635322403525,5,0.25057909229318154,0.3776378382369452,0.0
213.42395684710834,15,26.562259942455462,2,0.19924472199605514,0.1657505578161106,0.0
16.67233291488516,12,94.1799031721056,5,0.1291529849543662,0.13931781784268263,0.0
37.09485204378376,16,20.107463864118923,2,0.28315377053121826,0.16276908261638112,0.0
7.75264292963104,12,6.874157198060792,1,0.14537628887945134,0.13323570079048483,0.0
13.936820683095268,9,1.4815699367112316,0,0.1820028082559543,0.04871739643386106,0.0
36.632184987893474,9,7.008153202949079,3,0.37698147936846277,0.22208667311808217,0.0
68.00414873769215,20,8.272201659442533,3,0.09552702652875693,0.14898389740220977,0.0
26.278002464852065,12,3.5014335303340394,5,0.2956324562330654,0.14832883473532582,0.0
275.5527319802702,18,11.821281660643185,1,0.15601855333540068,0.07816492021906567,0.0
21.295784614736483,16,0.5347582248814093,1,0.19959493335401177,0.05040561989753417,0.0
19.745108544008716,20,4.345052072564773,5,0.331500185536178,0.0805674789578193,0.0
544.4600975911426,9,4.7499258314955535,2,0.06061072556510015,0.10871992511302093,0.0
53.77741329369931,15,8.61105073235548,4,0.0705317966333589,0.3121963230132644,0.0
354.0680247491624,19,15.19624699961906,2,0.40867656648359757,0.13035068149034693,0.0
74.86577782977551,8,11.448643950229396,2,0.15931510071557206,0.025709306614747376,0.0
124.7370478075478,20,6.921495876551727,1,0.023224029715276907,0.03675491627523163,0.0
41.26439717938397,20,19.102097099538078,1,0.3454930353400139,0.0393993451601466,0.0
26.523703487589124,19,2.3171960479705813,5,0.2925884778629584,0.3171293925564791,0.0
6.680515980653013,12,5.774941723871744,4,0.29451274650783654,0.17110822459627112,0.0
39.78793037293479,16,8.617852666068051,7,0.30961835835463725,0.22865901238608838,0.0
54.887553167748,14,12.94395990986623,2,0.22811507680028753,0.10203256769916931,0.0
72.68777040327252,21,49.74815443897838,3,0.07825377705055023,0.1268040118076927,0.0
40.66692916665655,14,30.029996692488364,5,0.3945347035806681,0.08854824001360351,0.0
64.5002135589742,17,36.343922961208534,4,0.181960593444341,0.16941599357421502,0.0
93.28341245865127,12,3.2128067616213345,4,0.20265508976936608,0.12955395795021282,0.0
40.9077722688454,15,18.584591415993017,5,0.2610085409393932,0.3088967687947135,0.0
34.15783562229712,19,12.272118298112327,1,0.0642346170844985,0.0292426028338041,0.0
72.69462433762706,20,13.53416382383706,2,0.030484539407348653,0.35389173126355655,0.0
114.22296970764,15,43.277225247609145,5,0.20363690397241346,0.286897674753528,0.0
252.81274076004348,9,7.641193036485394,4,0.0657687850345188,0.15689140483211655,0.0
39.92429602950889,10,60.37847514426704,1,0.11117182843468255,0.058103338526461205,0.0
90.66031183382808,12,30.278960479239004,1,0.19016313027385548,0.1808518762170513,0.0
61.07998767142775,10,44.650463888390775,3,0.3904077007676877,0.18125422594632992,0.0
110.79221255689839,18,4.084323922714302,6,0.20365407926793114,0.20197778086516202,0.0
31.46513705473051,21,19.915297218110837,4,0.31914417991712857,0.1781237969441828,0.0
22.322347542221877,12,5.530491012808484,3,0.3978361948192966,0.02444580098568349,0.0
37.78782092666103,17,12.606788695710014,3,0.3261828161837981,0.05540247703627782,0.0
39.68567250907788,14,2.260805157078964,4,0.08008593612223346,0.35773665173784197,0.0
83.18040692484139,15,0.857534234424993,2,0.11828538836618914,0.115066030495495,0.0
96.6222948456865,20,22.048595994884188,4,0.1601458242156027,0.050305308204829896,0.0
97.81852505565831,20,47.283607210410814,5,0.15592691178794366,0.14195608349304029,0.0
0.5581127345320518,17,19.941025126733248,5,0.07047449745474732,0.1420190388405942,0.0
105.67440121014843,12,8.856640498346334,3,0.07431911641683935,0.048951238305617886,0.0
165.76345309898863,21,36.439522617527466,5,0.34665358738244945,0.17324724484672815,0.0
942.9047805870382,2,373.8249439776018,19,0.6721492786668823,0.7549394519866691,1.0
154.86690699631436,21,2.2391040270460283,3,0.5359284419603888,0.0989265268073124,0.0
24.03888579938556,13,18.65479898238009,7,0.5814586317172549,0.29042005174416735,0.0
96.88179534218769,8,14.596320244782067,3,0.047030063439124845,0.09575929100354064,0.0
71.78776975527273,9,7.355416649796052,2,0.3238384320450889,0.2777554091863662,0.0
31.201577128478306,13,24.43639858970968,3,0.23731110149677082,0.22946939412861295,0.0
58.00066016363517,14,34.54317397267716,3,0.10134350916807038,0.04291180738050026,0.0
140.22188411011072,8,20.629776249198816,1,0.1186200081575971,0.36844415727602975,0.0
29.363009491113388,16,12.263703275648721,2,0.4525571044272865,0.19177153595938454,0.0
105.21902679895365,20,2.5192955803030346,0,0.19192511450454752,0.17555943894912562,0.0
70.6717992713391,21,0.6326151465450823,4,0.15121648772260127,0.15792325153727488,0.0
60.9803410452746,18,22.443712780143358,8,0.2252288132604274,0.05932334015375973,0.0
149.62341397430438,21,12.020177006595183,4,0.4405385526573571,0.1697350167678231,0.0
11.255518874206597,12,23.204637615862666,4,0.2805453583499704,0.18383175225088774,0.0
25.57529300467256,11,7.862559787473911,3,0.2568094385704418,0.1975706394921654,0.0
31.490792713446755,14,33.32939981218089,4,0.2544172848256082,0.2988044723634068,0.0
66.74931784596828,18,10.267118251121554,2,0.0847696544442252,0.18888747457155178,0.0
73.11240382070592,11,6.705852444192222,2,0.14760808773333042,0.15051353965072448,0.0
16.41697426086707,12,10.924816399620967,2,0.25954350615903315,0.21010156038046082,0.0
17.46220403565144,19,17.325939312690586,3,0.23517941438560486,0.038272438035801506,0.0
36.416231971702146,21,147.23557563178846,6,0.07821192879969904,0.219810361204616,0.0
55.69475020409594,20,23.31625578391234,4,0.2589844239905081,0.06837035890112454,0.0
176.7740662762789,16,6.9830617080564314,4,0.23639063422917403,0.027996828920649343,0.0
95.33423597505896,18,21.915253169900556,2,0.2816423476578642,0.3362567404653677,0.0
42.12036606763385,12,39.62512067577429,1,0.06050370014382029,0.1654129115723985,0.0
269.6665887101263,8,33.807781506043135,1,0.08759364679509105,0.18869665626624785,0.0
22.97916124320961,16,12.305056496926088,2,0.13509555698577633,0.20265856375496333,0.0
297.64222096551106,10,27.57081548730907,4,0.29156633542587296,0.17226776259257146,0.0
40.46600674734955,10,14.621759579103655,3,0.09181623128728367,0.1405703381160619,0.0
29.662706377277086,8,27.27788986379181,4,0.12354153725312927,0.12321016063816434,0.0
27.92142068039365,17,40.49368098690365,1,0.1406795349922222,0.2350330528630506,0.0
8.131158830673044,14,35.19758085582845,2,0.2745324255830293,0.27546368246920094,0.0
52.294984342815305,15,24.61185964404059,2,0.3319840585328329,0.1936828058197539,0.0
80.44083016078181,18,8.188568254101595,2,0.20690315077480842,0.045034045701333396,0.0
300.2683977877452,17,16.8712857193334,0,0.09564838475169325,0.0825530800736366,0.0
32.99859257101234,9,0.3821812238091677,2,0.23895527095148505,0.11266358735563449,0.0
103.28050217542695,18,9.114013188062565,2,0.15573079250342287,0.014104461192620706,0.0
59.79182511670157,15,3.525150547823239,5,0.09747226330572892,0.11044735113439541,0.0
77.79201271994582,1,276.90605004941597,17,0.9104673628232609,0.55359580333033,1.0
66.85148245645618,10,13.276890852196336,2,0.2600129065784647,0.40308075017271966,0.0
89.39221874425175,9,25.620574621337934,3,0.42946497961191454,0.054106445822852775,0.0
234.62998019881582,9,35.5618095924607,5,0.476487753849077,0.11394613895509059,0.0
209.50499608996626,17,14.299351688329178,2,0.285526353328578,0.17405766255240726,0.0
18.93814110440102,21,3.983565719747549,4,0.1917601337750316,0.1530940485811388,0.0
110.34857921714467,19,85.26377586777068,3,0.2827250748575603,0.2221644556792448,0.0
25.280235754398845,11,15.09664815623103,0,0.03977758210521159,0.2613407913591785,0.0
117.33266609361534,8,151.8725961390038,2,0.19729191662617296,0.2629073066505847,0.0
21.540283479817617,15,31.663766885766968,2,0.525272066888542,0.18300451776837143,0.0
217.9746679548201,8,17.91300761739197,3,0.04784380942358311,0.031818975986898236,0.0
17.59893215150918,10,1.479885498164436,2,0.2842210285065216,0.3288012503059544,0.0
63.295633070685255,15,22.630982119821894,1,0.11410783334915839,0.17258790354612621,0.0
221.11610407136592,17,42.38062725254271,6,0.11608274555653114,0.12998165911988585,0.0
75.85832351142746,12,19.518784772599616,4,0.07911095524044107,0.029767272066654187,0.0
1.453651713133157,19,53.16868191346775,3,0.09803174937300549,0.07722463110576601,0.0
264.60439835746934,9,20.863741005199195,1,0.17819824298814468,0.08365645457491831,0.0
228.94972304949988,23,621.2197710578016,12,0.9102495278717919,0.6804063349719321,1.0
82.30418478422979,10,87.11601460579813,3,0.37521015671238667,0.15696051243142126,0.0
129.44926980773806,19,16.54786735823889,2,0.11138822182939018,0.2294964211738241,0.0
22.96617508508853,8,4.636527446439102,5,0.25712565557336176,0.0401894858236975,0.0
4.917470869113774,20,63.17784125462666,3,0.14051249399888247,0.044937111550941156,0.0
238.89523322997343,14,18.567355424511153,2,0.18706395682477053,0.1920507849363983,0.0
3.6832487966122045,20,7.284168679588366,2,0.28889097828491367,0.0702478589941108,0.0
58.10046980465344,15,52.52278017429021,3,0.2855598773641344,0.2390572299747541,0.0
34.45498486172636,8,17.287968577649927,0,0.03547850144792932,0.04427146772242615,0.0
81.91593635179942,8,2.763110786274635,3,0.17990762801636134,0.26348876318501596,0.0
113.19134864973981,15,65.91187284239125,5,0.5601470367436394,0.03675431289529351,0.0
1.5464403296512828,11,46.4954464087767,3,0.05480686366523116,0.07432127915741189,0.0
77.01939479690293,12,18.715033054600905,5,0.2715187078495986,0.12399776552101299,0.0
48.306772023489735,18,1.363307526508874,6,0.33790139420336424,0.2493438176450396,0.0
83.93733816921838,17,20.10409977866476,5,0.2340232682061005,0.10754195101112875,0.0
107.00288344125286,18,3.710498218941192,2,0.2169406993376294,0.19113941050192043,0.0
8.133958696188872,17,5.7503406591770165,1,0.38232316312926456,0.11401960172012604,0.0
11.634815962229979,16,65.58851737839767,4,0.17279844385043852,0.017818250146935867,0.0
96.99817623016699,21,19.009646817488775,2,0.14272395606451732,0.05357477501939279,0.0
27.804966741367615,11,17.6599970972278,4,0.3648518032784937,0.043356649363102524,0.0
23.274929750591777,14,4.0827867624745,2,0.4580851776198335,0.06746861319634574,0.0
171.64228530755577,10,0.043729662371332495,1,0.0807627122626533,0.21406278699724135,0.0
9.72710891654504,15,24.23596245522178,3,0.14160336649272554,0.16155809123577683,0.0
103.87931387361715,15,6.42196981215764,2,0.20314174141542288,0.30158850966495976,0.0
4.245207672824752,19,48.9059613757729,4,0.27468913300613884,0.08754745949525637,0.0
10.119279674493697,19,22.30707273946303,2,0.32143777406363755,0.314256044679793,0.0
145.66966892781164,11,8.922073568863116,4,0.42031215525192694,0.2625001514437064,0.0
168.63752807666717,9,4.942837606590355,1,0.23101917136989125,0.1764609692577306,0.0
5.605335417561305,21,19.45524420580546,1,0.23102464613596246,0.019863283374131468,0.0
50.215964491694365,10,26.51404543984903,3,0.04688241940616807,0.0439686718758231,0.0
54.31107917140214,9,9.060279632172172,0,0.12579313712409343,0.10551183871186738,0.0
179.53752913473062,9,11.213997875918867,4,0.05959473451290907,0.06444736543346188,0.0
57.762332402650216,12,20.42054004662812,1,0.13032500243080133,0.15134477133206387,0.0
92.12724271200005,19,2.0019865978595037,1,0.18915446803257996,0.1570300640733453,0.0
177.06230876824037,8,39.6019308479652,3,0.17122662734377803,0.22074851428733017,0.0
36.00276664317826,18,19.452694205339462,0,0.27503515111803994,0.12503201412309203,0.0
50.292660984867425,12,32.18792552157159,2,0.13368971771201518,0.23317625096813638,0.0
5.408035100954013,15,4.6326023126917715,1,0.3634159935248235,0.31131774379668675,0.0
143.64884200912275,23,523.9196219935527,8,0.8384192646027921,0.8429279033797678,1.0
134.47257339903973,15,8.63835730281873,3,0.1602534233483275,0.14100521660157503,0.0
156.58600054443426,13,2.8308795394062125,4,0.06679454593809674,0.38362187948713794,0.0
141.02515779575043,8,68.46985998151028,4,0.32353475996073805,0.050445214492794106,0.0
10.060009586328611,18,25.13595617990798,1,0.15607086271621512,0.036082187297090805,0.0
135.40249502197764,9,30.886458891044597,2,0.40845555975410897,0.20667641456441804,0.0
23.740685046253752,12,12.00855265657492,1,0.28876356113112295,0.09049109809711786,0.0
3.5779573004730048,14,4.158402249795261,5,0.1569861406297231,0.17989082814703888,0.0
41.136803140664,20,6.05258040152325,2,0.20386393232147473,0.1519105792502076,0.0
25.01633647631481,19,1.648712640645742,3,0.08316695438289547,0.11329979152411304,0.0
5.720332565516371,10,11.929845085954614,2,0.02928208463710439,0.44738420773319393,0.0
111.28141517824591,21,74.2384285471733,3,0.24421923116878053,0.20742882703473345,0.0
5.907970155714162,19,0.19791251223316308,3,0.35381757703193295,0.20569973191372773,0.0
18.284291098412282,10,15.833567728487669,2,0.12083131855453476,0.08541912587180589,0.0
155.90806658063565,21,1.8148633815294193,3,0.1841716420870468,0.15068814025034347,0.0
122.40193129508398,16,44.57525913189955,5,0.09533040967533168,0.03080651016768235,0.0
68.73925350945247,14,5.490966036588008,2,0.1026168753555733,0.23286688154797994,0.0
46.820044396562665,12,18.311026931274338,4,0.36979056794042403,0.2575015226442835,0.0
39.37684354089431,12,16.617827465615523,4,0.20838092893369506,0.11115037282704093,0.0
16.868315289226697,8,0.518236265772707,4,0.17293939459639426,0.1600391619447556,0.0
35.4282236949245,15,2.5190966894529114,3,0.18799825898504913,0.08028687813633693,0.0
138.77842783037292,17,13.974603159188332,6,0.15881783435796332,0.36906232315911114,0.0
15.082894404263241,20,3.8670810333816763,2,0.41599064682125325,0.09127561618720992,0.0
3.3974478757147364,15,5.16285280147494,2,0.34350095465530167,0.08983811477735963,0.0
14.397755473392131,17,56.02313176165854,2,0.3572065365882595,0.1450353994325797,0.0
160.0340912002648,16,32.62392974845115,2,0.07301959813791373,0.1936375248875907,0.0
111.31385508750913,10,24.21011756715792,2,0.28153940494095153,0.14333572431708994,0.0
60.8485439244232,11,16.357087820606534,1,0.19658541197920115,0.1725554947950354,0.0
27.586777205956654,18,4.264697405812631,2,0.4628673403456787,0.13196997288673334,0.0
86.30101912351316,18,11.444602797285677,5,0.10756628919478572,0.4129497777620103,0.0
79.85621990911045,10,20.57686965098052,4,0.07109517054380053,0.10446359195882572,0.0
92.44872893091656,17,25.962290381457727,2,0.06384968018086386,0.13780445781131595,0.0
227.36125959612383,13,3.18818752504189,1,0.1550962545861064,0.21271160131847763,0.0
5.985154370770108,13,13.993927632748246,4,0.5856795763668827,0.2640752735528258,0.0
281.21321263518496,8,5.925232991560437,2,0.09666345270053245,0.0888581145288648,0.0
7.888511497742957,8,22.741678531601046,1,0.13280094727777764,0.03535601661159818,0.0
78.38404618017486,11,59.87427976564598,5,0.06966512733930189,0.19885809393789686,0.0
28.522292713345347,20,46.027620477755995,5,0.2106877273309914,0.08282235675546322,0.0
10.398316761712042,21,14.71394378393719,3,0.40682445947363144,0.22814623801295575,0.0
434.6596953611853,20,9.63589470431364,1,0.1941429833131762,0.30193947311211156,0.0
3.2340013118162525,12,29.847407411775283,0,0.12416921101376929,0.23475924119919514,0.0
3.220733309260817,15,2.811032901044568,1,0.1223803723186418,0.26100834766262976,0.0
36.238489240873484,18,4.658086396062304,4,0.15449460843992555,0.1535678115048955,0.0
135.85012424725835,20,0.1623506949167705,4,0.24462827905682552,0.23231011674446933,0.0
121.40763945791441,14,7.483058147665904,0,0.13242691981101448,0.28186330002866405,0.0
38.29456451580628,13,4.471644236443425,1,0.20652670139035326,0.1864067601069733,0.0
38.648863946229476,21,52.402562595889776,4,0.061989835644859506,0.40917029666952187,0.0
83.4884494780387,11,18.913183136961187,3,0.19371204792057883,0.2185449540805672,0.0
143.14725522233275,16,14.911966906740876,4,0.1394943408247684,0.05328051856147668,0.0
39.957512421370424,17,27.96167697690705,4,0.08258112052594244,0.1896265852289872,0.0
36.75323397758232,11,67.62421448973151,3,0.17060016615743845,0.14808728450060077,0.0
66.73660333202095,13,42.90743925902873,3,0.1343638512901644,0.3038902074160979,0.0
140.1066046018664,9,7.718727407621917,3,0.05208206055136744,0.20935815315570816,0.0
58.615242681923434,18,21.404297728292555,1,0.15238997445166325,0.1383265546882092,0.0
160.8145396929538,21,35.00497059461496,5,0.04344067637403303,0.02205363003149631,0.0
44.92136131348723,15,9.974618322151388,2,0.3045234345657448,0.13677143123300728,0.0
21.706653786864464,19,2.519479930100972,3,0.10768176529556073,0.3108702160302845,0.0
114.26597453715024,9,12.18744412900315,4,0.018985473556076028,0.019571783479988218,0.0
28.98584197791669,17,4.730446037178334,3,0.3033341595624968,0.16342894770827368,0.0
21.16996855905413,15,7.039756300725781,1,0.2457413891876475,0.12312255524814122,0.0
16.01624026322182,11,21.310521862725224,3,0.29364122229688416,0.028484997665678784,0.0
85.99798112439983,14,2.157591070918062,2,0.3201206160837303,0.12080188706892331,0.0
179.62020054785057,8,36.55092608825847,3,0.2181912100125487,0.05175345285803868,0.0
36.07669485050481,13,5.807197657396031,0,0.03401151015637009,0.3730808700526193,0.0
136.76873716888036,21,25.37436808999841,6,0.19891326921286104,0.2569447756080185,0.0
134.04603226261418,12,7.438005713361015,2,0.07996908188225789,0.1391033465930387,0.0
571.8577705095921,1,1379.855862040112,15,0.7081440243733705,0.8452252429281466,1.0
11.998145649314065,17,6.05803671219763,4,0.1448084660781,0.09693182786019282,0.0
17.315534564913087,20,1.2271372012331818,6,0.09983993254920391,0.12415837982342363,0.0
14.237874235212137,8,14.368262018096319,4,0.07018726765239584,0.1904395829403103,0.0
986.4421655502751,23,3091.6736238618923,14,0.7505791677672818,0.8919078571982489,1.0
31.47839354517083,9,5.925190893824396,3,0.10799691694100741,0.20635460408929665,0.0
6.536413486693592,13,94.33658489350825,4,0.19700232579379182,0.09302959204705784,0.0
58.76883393488302,12,0.10656679153479766,3,0.22041755892174708,0.3283195574984227,0.0
138.6520250728125,10,103.81080461934334,2,0.1458383872271838,0.0898073540439693,0.0
346.78668674563147,18,16.765113985704442,3,0.13094123085374498,0.1597105553702224,0.0
104.60108810520303,21,25.577414688923614,4,0.3276597238769627,0.11188465452484478,0.0
58.1032895384285,17,6.9172726285788855,0,0.13502214583636923,0.21232469160543876,0.0
38.73974369194884,19,6.544684586458196,3,0.1954825126195231,0.09841025369817365,0.0
9.758661771530836,12,22.223417215564783,2,0.15725004900155914,0.1251929436754133,0.0
186.19392927854193,17,0.5155304337013353,2,0.16895316951617922,0.5820256111705613,0.0
52.463932951488914,12,50.87623042569732,5,0.4278965159136429,0.32131227490522857,0.0
212.03080759679642,18,6.956056160580194,3,0.12275082152627761,0.044884845196931235,0.0
78.30394430858645,10,27.512297849611187,0,0.040482418497591585,0.13094891560971061,0.0
91.0790826524121,8,16.04385617113428,2,0.16369973559241727,0.08582461054257799,0.0
39.87139976685738,13,4.82247038901575,5,0.28421651296300404,0.24183044362217754,0.0
6.297463175036628,13,43.05389639800748,4,0.5254662228222843,0.4862216374283495,0.0
46.34841485178011,16,11.142895692142535,0,0.1664988803089845,0.03085132944609231,0.0
104.34951503164064,8,5.396154620684356,4,0.10977199747787575,0.020188919581289055,0.0
135.99511137394828,19,3.7823762125538223,5,0.34040559623933886,0.24282853069283067,0.0
70.85818138117672,18,6.29427091825823,0,0.25550521436039286,0.1773949270568791,0.0
7.726774105664541,11,25.791281518368493,4,0.12188471907524377,0.23121593778528893,0.0
37.462303428171786,16,59.987060739490595,3,0.07029533351263649,0.09273450954141818,0.0
87.17327384741426,20,0.16464224357903717,0,0.1397931088052177,0.07637746235862412,0.0
19.095010019915758,17,31.771807916312966,4,0.03167418593682117,0.07060709056316145,0.0
42.039165408579706,14,6.927182383677089,1,0.35547908408445694,0.38638637018696265,0.0
47.94914370428941,8,40.6697348051625,2,0.24875520370106005,0.13494915476243982,0.0
8.657430865124342,10,5.93843402773484,7,0.18955590902619962,0.14087266571286886,0.0
3.701835092249823,21,11.426759633852132,5,0.039242423930974796,0.24431047367338157,0.0
18.68737489487678,12,32.50063492264208,4,0.13533694432599047,0.173620339320734,0.0
7.658048843878021,12,32.93714957736695,5,0.08979163805096912,0.28618640279922725,0.0
22.112627711727768,8,98.85047030309381,4,0.24294190314765693,0.10986406497382005,0.0
137.40087249639504,21,4.88642110066472,5,0.07618054090749074,0.3360432182465246,0.0
87.13299098321927,12,10.73788337254845,3,0.3365763298486373,0.3850611066961916,0.0
59.51072619788485,9,0.3744474124494871,2,0.25020749941934983,0.1652105275635657,0.0
4.636034485274062,15,5.53095148814813,1,0.3760878847380247,0.18931370301254627,0.0
120.80455016567248,14,0.23951788918083905,5,0.23520436040210557,0.08104749381030983,0.0
73.89400965478178,19,22.978225876448374,3,0.2089119734233588,0.5173326340320031,0.0
57.16286480884484,21,18.158585995310254,3,0.1945898687072147,0.13933932545198055,0.0
27.371224310964564,14,12.097914189283387,3,0.12574300277055678,0.1360758533349099,0.0
104.54242297746022,20,4.8665495570164605,3,0.2926400651442605,0.09942747813233771,0.0
42.372202896392075,15,6.4165623354816015,3,0.0911081124543297,0.1362549398217005,0.0
114.54403036684207,8,8.690751165932054,3,0.059288751068659426,0.13129097628137226,0.0
49.2653297673109,17,0.2535005604513935,1,0.3262769106918241,0.1236594909207538,0.0
4.155899449167201,13,5.810850143000986,4,0.2039491129018425,0.22687046401809494,0.0
68.77438388085324,21,27.069637311180607,2,0.1548481940475521,0.05391243042565025,0.0
64.22032952171901,12,12.07569976871753,2,0.46334783739483637,0.08350585448275458,0.0
89.52947274655833,19,15.31954126536933,1,0.25851069532992454,0.10857395320580704,0.0
8.805263478266466,10,29.38773206021738,4,0.41484538091767065,0.038513419286407134,0.0
25.05131588686911,17,0.8950493242449636,4,0.0985131807649308,0.07003752085171885,0.0
20.771821677113355,14,23.978409630927487,2,0.07586358550949487,0.0986141682559096,0.0
16.574162820093484,15,39.20437117707167,2,0.23457858117963373,0.183927410320872,0.0
7.808200719188482,14,6.863302540811725,3,0.2935238607957187,0.12088506628339059,0.0
9.06890708325307,12,22.32671272268684,0,0.2762226387338387,0.15489531543930618,0.0
62.93175333141348,20,19.703445131015652,4,0.03715238643047031,0.16910801836184694,0.0
42.06877155721135,15,1.9378370565973013,1,0.19759507072974755,0.22298698386158658,0.0
55.153123559009316,8,2.149268860840391,4,0.23607338625436733,0.16700552582230505,0.0
324.7469596167458,19,64.7498809157427,7,0.2952509752429935,0.22937914970696974,0.0
86.00129642732149,12,23.033512748993367,1,0.18448538290681182,0.18328206694333493,0.0
174.9294931376641,9,18.075067519059555,2,0.22696293083689714,0.10006426801733838,0.0
57.347244730886935,20,22.43136236632467,0,0.13609483291790553,0.4188536798438332,0.0
22.939105838663867,21,38.734258467309594,6,0.32558265321211743,0.10447026734751316,0.0
282.3494068180619,13,3.14048005857261,1,0.1501322887449705,0.1800842729398209,0.0
55.012742277107776,9,15.025130195977628,3,0.13987071035839574,0.041327712172503195,0.0
31.455735753568817,20,9.129702875459195,6,0.3603792624782475,0.1931374899040465,0.0
95.55766225677749,16,33.457786405708106,0,0.17653890982624662,0.1507180433392374,0.0
51.12529067010478,13,20.019126469862464,5,0.09836986478435104,0.25496664523418916,0.0
43.94164635097805,11,21.943843566032506,1,0.25516096499126334,0.5840206479926389,0.0
257.2361409204806,19,5.229526794707184,1,0.15277114662484265,0.1058536811324589,0.0
2.8228434796261204,8,45.68393806874322,2,0.09159321199541014,0.22094310610843945,0.0
5.847984528053734,17,4.3702657545526336,3,0.1604433648311066,0.10783985016853788,0.0
1.8144938626038332,20,69.68106297065333,1,0.15891542699443403,0.17259477193380449,0.0
147.33358760274467,14,59.75003180085736,3,0.14173950491680923,0.14402274552495406,0.0
270.6234352832433,8,7.153196221712983,0,0.43173310780389745,0.08238470059083375,0.0
45.53563337753865,10,4.292542165705052,3,0.2686537022855335,0.12650251062970413,0.0
37.71407171372741,17,1.5776513590365346,1,0.08955057960885732,0.10004018689700352,0.0
62.17082103237536,8,2.180532721284252,4,0.017185900523535812,0.14250844674095395,0.0
53.502448693500256,13,0.0037042489241812426,2,0.09689703279944735,0.17680669824276926,0.0
240.8097144734017,16,42.82126635011551,3,0.05943803718729264,0.1308099188958783,0.0
154.4673901738765,16,51.19642342401187,5,0.10947095069081629,0.18424335769241162,0.0
475.67640159084624,0,1271.584486110981,14,0.9275477686532415,0.6786307908570365,1.0
19.93969775844904,20,1.9625775840506248,4,0.45196409912478136,0.023301190240977095,0.0
25.430117738314628,19,8.47648678696514,4,0.018985192408111504,0.19747943338423307,0.0
12.389224130370273,13,10.613348169639972,3,0.15884430630729685,0.35414995388020143,0.0
183.0634999377807,21,60.052510153475154,6,0.07103427999877414,0.2201797459629081,0.0
128.41892846553338,17,19.116674812964057,1,0.22086162759505304,0.2253368507225895,0.0
13.369030783480548,15,13.572042701611181,2,0.01378704723042576,0.21784025979713037,0.0
68.25586034824987,21,13.90052657105806,3,0.13016224678197202,0.1416251614715804,0.0
81.92672408606452,13,25.66975046765464,6,0.11136670883959313,0.28318103645566467,0.0
5.648589016328817,15,33.50694513944804,3,0.10410123244101582,0.06664155816563029,0.0
48.522974303236154,10,2.4750806840414237,5,0.05280026192876451,0.12777356184945984,0.0
121.36026447792894,9,1.1436578275702283,2,0.09179684962865796,0.14146375721090312,0.0
9.147128168619894,8,12.343263113804959,2,0.34606191757057486,0.061518452987663994,0.0
11.14838364591651,9,8.70892991570961,4,0.23617204663127,0.35510456958068787,0.0
1.9137967945259193,19,63.07750439361424,1,0.23466879382857664,0.2374708547272521,0.0
21.062597102269976,10,9.653356550589399,4,0.26096513424697243,0.09626529485641744,0.0
20.31598938464196,15,0.913785083242158,1,0.04508821311785121,0.23504162351626245,0.0
101.84769375933557,8,2.009105712379449,5,0.35470122910303775,0.21608830430199222,0.0
220.67049643215734,9,32.156625440805286,2,0.12505227035761995,0.1701813355001497,0.0
142.20446770331387,20,6.220244515653138,2,0.23703181762236825,0.20447718081575125,0.0
9.752520507303831,20,11.192077201193927,2,0.09374186179375833,0.2338477054474906,0.0
66.42262727614188,20,34.242475575380574,5,0.5314770678425144,0.17538154831715755,0.0
76.44843815859794,10,37.9705503802139,2,0.16260843439046035,0.3517711937377759,0.0
77.96244435660505,21,26.903834026259016,4,0.15320206867205796,0.044549878629517474,0.0
76.14727886859508,15,8.77838679181162,3,0.15193261873381858,0.15373341641756275,0.0
8.032961383290063,17,6.091746526878399,1,0.07784854381552661,0.08689690399545608,0.0
144.29158353970377,19,10.481007403390576,2,0.5051505728715111,0.05670647864118435,0.0
57.538718904951416,16,4.137340078598861,1,0.3670452779867477,0.19084054046576207,0.0
13.136434125134544,10,45.6787182217476,2,0.23294465888779603,0.11474231117539697,0.0
730.894482134334,1,7.931745182694159,13,0.9153751922440352,0.7502957598711478,1.0
103.91223830543112,14,14.7031703204488,3,0.41142541391252635,0.2139667041994224,0.0
11.995663923715602,11,13.949611554100262,3,0.26202266776902017,0.1894847116430135,0.0
195.5692769469309,15,2.7511478578357744,4,0.15994320310921903,0.2584098279956172,0.0
17.723155240470877,15,55.05270653629671,5,0.21408435448139376,0.1495668841044928,0.0
80.71950356272126,14,7.293078430343476,3,0.2833534133507449,0.01917481380094545,0.0
14.620991140543884,9,29.53216095739083,2,0.47223165091927977,0.10303595649212358,0.0
33.33869367446025,21,15.120597453892273,5,0.029694099789761716,0.10338209578145996,0.0
31.88928256803998,17,20.952421231800827,2,0.18182184312511274,0.1133186234732244,0.0
191.78025650313958,15,7.009266429445795,0,0.36670736408581256,0.1742367263171664,0.0
284.3588570370276,23,12.917010678029234,12,0.9295123669737363,0.4529652792509809,1.0
151.47489226968705,15,4.950407878613214,7,0.07564235250341134,0.2653098131458936,0.0
41.81923784405049,13,9.08125722734435,3,0.27474043678863347,0.04434539311740237,0.0
3.218008096430327,21,27.58296855615489,4,0.18520001915252676,0.11089488335923765,0.0
28.30315579308046,17,21.991346579652017,2,0.23237503756364522,0.14801144841865074,0.0
78.43948599812529,8,42.15965329240316,3,0.09192343898404967,0.16919532202833087,0.0
54.33275283705665,14,31.739336836942933,3,0.12376764454336231,0.20989488457904618,0.0
12.304004440676087,14,1.0214506527803537,2,0.24069625691506177,0.11111528474632315,0.0
31.59215776402146,15,23.850575045780356,6,0.28947183843658714,0.06089998359627037,0.0
53.5921388503877,13,1.506263472828962,1,0.38129986174774705,0.023418730474352216,0.0
62.512331596303596,17,11.56819372366515,3,0.06364599026191513,0.0688033874978161,0.0
69.77643458599604,13,10.16876822852359,5,0.045614333194531245,0.1818097632518853,0.0
25.045199770186215,10,12.573997861827104,3,0.18234801467422254,0.05909626208922895,0.0
141.42162556179238,11,1.9159910286033763,2,0.30055152760540654,0.0943649364702178,0.0
148.45248371099447,15,22.954677739582664,3,0.1888823388454504,0.08330602317352917,0.0
67.09589450987107,17,20.087799738188238,4,0.1480236214889432,0.3098827398927139,0.0
42.86679490618792,10,76.93789441904545,0,0.17605400701936647,0.195606977438551,0.0
39.18704771953137,17,37.2755205084029,1,0.1982340891189903,0.05602516623912436,0.0
57.699779483606065,13,25.264800003426757,4,0.05642517754063273,0.2731141645537604,0.0
1.8837602544569207,14,4.697284821754632,2,0.08327569036321929,0.07780154684435095,0.0
184.22530829702848,21,10.277929536581352,4,0.11577045076005381,0.2381385351651725,0.0
34.563510318385326,8,53.51103357921262,1,0.16246042880846467,0.06035596508576758,0.0
38.738973622793054,14,50.96695913748511,1,0.21416849593411066,0.24767338628593527,0.0
102.99681402249757,10,6.160182877321432,0,0.32423796566103036,0.2811124169401144,0.0
37.550720372404925,15,1.0839842460694298,4,0.3641759104450161,0.15071328641797704,0.0
259.8138932767724,15,3.1445753480881358,6,0.1282755144200385,0.11869394505815495,0.0
5.260498572202521,18,1.7271790640989226,6,0.16991984223018106,0.15517290933891564,0.0
21.98644053307158,17,31.4922749042572,5,0.2830745960768888,0.014234493377655503,0.0
84.03174714596958,10,3.977702812727957,2,0.07423952047880682,0.26783267546377176,0.0
166.16462132833362,12,6.630048485458033,4,0.22635569807841047,0.08321169142303228,0.0
11.956805285401323,14,0.5092225344388817,4,0.18828198305849464,0.0850995288925594,0.0
13.040760794758375,12,79.25191308421323,4,0.1288860002350714,0.04106581154071173,0.0
90.05897484680804,13,19.15761004257067,2,0.04717505474181491,0.05866518851777444,0.0
141.12511927483393,17,15.572903414940832,4,0.11350938541687458,0.2500236980469443,0.0
125.0462633142588,21,41.37758672235452,5,0.2626219365023512,0.23529671063800756,0.0
169.03543681126826,16,24.40174561929577,4,0.11380811491624084,0.18980843645006604,0.0
10.774177883185045,10,1.4327845962160204,5,0.2358692204853417,0.16191849996224203,0.0
22.07769591524977,16,12.100264029608564,5,0.10473136237877094,0.34641561676522126,0.0
227.06305897387384,8,13.965887163176715,4,0.12695816961883694,0.3040866088895951,0.0
128.99005752886075,13,24.2096925473076,3,0.2876712383920345,0.17250858696863924,0.0
8.28635929554716,16,1.9974334427539777,3,0.32566461931656115,0.12555222720222073,0.0
70.59556872868433,18,10.877781891057886,4,0.06983494378511049,0.07861875646218809,0.0
56.39955526345418,11,7.610624519711192,4,0.23224294314335298,0.4458838750573801,0.0
73.48586793694024,9,14.990215075766988,2,0.05964228311998381,0.16422200191089428,0.0
23.253965793169233,17,10.770520918858079,4,0.03022553843438399,0.04584663611607597,0.0
120.42292053035752,12,10.885820408601495,3,0.06574036178666019,0.11217579262529837,0.0
16.473561015244957,19,23.1486067334303,1,0.055056021249198006,0.1809670766779107,0.0
4.757257023014523,8,10.704003519237533,1,0.16496005839959593,0.35826273451754936,0.0
68.08560809016521,15,51.194973505971106,5,0.12284975062560252,0.11217814018610588,0.0
1001.0598668553117,0,284.32804958665713,9,0.7681568073329887,0.828365153953872,1.0
12.096024614753926,12,45.15152091605707,5,0.2674960059938566,0.23726597718395823,0.0
29.836855660276203,8,9.96892459329917,2,0.026494853707340428,0.08640233596237253,0.0
18.437748029645885,10,3.4416986996956727,3,0.21434007933139726,0.11092269232558477,0.0
40.375904554296945,10,68.7159297857492,3,0.30935893969458766,0.40035941477137466,0.0
165.1126392420432,19,72.44697210465583,4,0.05542414114589603,0.3895284903757557,0.0
5.2534452643826315,14,5.22226582221019,4,0.08868017479274586,0.09447563281259101,0.0
158.31594626369122,21,21.821977606148376,4,0.20919623754057637,0.10512700516088264,0.0
80.86922479408341,13,0.2327935547849041,1,0.389100189528506,0.1583096081614979,0.0
75.7096699119839,15,11.495625835826269,5,0.23753665399055957,0.2039927985156054,0.0
145.17914085543202,12,33.82481428018189,1,0.20870456763787604,0.12077586148522969,0.0
72.02570110092942,9,36.146753501418374,1,0.3254113729406569,0.08247401849143753,0.0
21.856732609018877,8,26.976358935400945,6,0.05980160408790172,0.07920083050359643,0.0
121.3215436633959,20,4.874603694810016,2,0.1634362889176439,0.2852405475226993,0.0
146.50738188115534,9,22.13275888733321,0,0.14626253682000417,0.04042030090610338,0.0
83.8310224842563,12,22.602034679649485,5,0.13646996094440972,0.1443802281208371,0.0
19.359649059523786,8,64.8946118296325,6,0.04822825461543322,0.2766276262220691,0.0
13.192316124355713,8,36.841997920504994,2,0.12811782095710816,0.19396473727549382,0.0
55.95454662272545,15,37.00310541374477,2,0.15390666257005697,0.10723898040154108,0.0
39.11300584733824,8,2.679343549618584,2,0.17969545906157386,0.14286967417253704,0.0
17.773490719753447,14,9.37067810960302,3,0.31612452414871517,0.08490020619047445,0.0
120.97926060582373,18,8.356607135859017,3,0.18655941710582485,0.08192409043963934,0.0
7.1114271272744105,9,61.639142351232444,2,0.08693077923996366,0.19541889129498033,0.0
68.8538354756371,14,8.183035415193235,1,0.3539661513769745,0.03627188923848005,0.0
84.61592711364615,13,21.53671034225853,2,0.08305079843964397,0.4099598474873738,0.0
150.23867383206908,2,41.296935305612905,19,0.4940601008467655,0.8525628141859806,1.0
129.33544388126626,16,4.94309631247212,2,0.3355714840697008,0.050594317387279875,0.0
218.11002363483243,11,36.37325625177031,1,0.013293376666870353,0.055712026630298256,0.0
68.31929756518618,12,35.344670992957575,2,0.2933284600881308,0.07276564551606275,0.0
58.47817389100581,10,7.851341618815355,1,0.21469813018028552,0.11257396383631754,0.0
2.1376653493209092,18,58.689940921085544,4,0.11880741067957575,0.2988096802898961,0.0
155.7221520636889,9,42.37164189762365,2,0.20542907461200555,0.0531315427806787,0.0
135.68661302784557,11,41.037650246728845,3,0.17474981570768597,0.26738254660060107,0.0
67.63112736552047,8,20.044265699011795,4,0.16994693281748283,0.2670433756485896,0.0
62.85585822255422,17,49.020834162627054,1,0.5162341808720657,0.08895942782597645,0.0
23.011674207742956,20,2.5556721765111727,4,0.35418147323330035,0.019055811187560275,0.0
153.9110552714229,10,22.003691159272655,3,0.47311200444808366,0.14513480649788835,0.0
11.298824809159418,10,9.810876053843131,4,0.04099265306523617,0.03089359975206335,0.0
80.55661675948167,17,13.931573897067253,3,0.10299883900702077,0.20830943866435256,0.0
131.47826949834968,21,48.435350622881174,2,0.053559965584084754,0.02607752236714885,0.0
4.426686146412681,9,9.418925436190937,4,0.19896248181238685,0.19593481988879327,0.0
136.05567224155828,9,9.13956490602976,2,0.12972972713908365,0.28444551280982655,0.0
44.967438268119125,17,27.173733183536708,6,0.1557364521886289,0.07012760943749105,0.0
3.016783621512778,19,24.13009797677848,4,0.19244565238459907,0.04873522605607618,0.0
46.264116955798116,16,5.616500736545007,5,0.41534298432848793,0.035095098543558,0.0
30.1463308392421,12,0.2116367396799139,6,0.10259266606108888,0.05602513609521133,0.0
184.22172230825453,14,43.626209868932825,3,0.2892999596617658,0.08133755834960074,0.0
45.14287586504679,17,2.3675067403708394,6,0.19999617468356726,0.13931609806691617,0.0
158.1194297230453,14,17.1922219912648,2,0.2300541219407834,0.033809652359398076,0.0
212.20448385766247,15,11.030540533017598,1,0.46450281687718903,0.08609939960748973,0.0
1.3066446802672516,14,44.61317158289141,1,0.20935750146743484,0.17192763964982327,0.0
67.81820491668692,10,13.87220491219244,4,0.39451309199108586,0.07588186079853462,0.0
11.547946146554528,21,1.3342498386983659,2,0.06506197478193282,0.11691799502363183,0.0
69.17308281632285,9,10.82563682185725,0,0.23265138723830361,0.20241987799816646,0.0
165.5267290590035,10,12.670787569413182,3,0.15439243719188345,0.1909082157977628,0.0
45.02952336756594,9,12.708282895769504,6,0.11215368467113086,0.16568719044956562,0.0
11.801013050777518,11,8.41218568147833,3,0.0635907008897973,0.08200392130691533,0.0
177.4176983328007,12,1.913741517033416,2,0.14736918404023944,0.04620179935491396,0.0
12.018762298187093,17,6.555349023180952,3,0.034784361967753634,0.10971890636839303,0.0
24.07813556789737,19,3.34510433389853,2,0.12381537935806661,0.09404174155186443,0.0
15.734216756142827,19,7.973816248361106,4,0.32845970228789717,0.21009258476485876,0.0
4.750076624670465,16,7.346992394850796,2,0.10755768432204034,0.24399054956352353,0.0
237.22137769217628,16,3.36401267641322,1,0.1442928922492608,0.1908629170392574,0.0
33.49711348618156,21,9.992132454460009,2,0.10728308871624215,0.25397940159226645,0.0
191.90588865262185,11,64.26532265623048,5,0.11696318494136321,0.3622935392928579,0.0
21.903403202745512,17,16.77627038843054,2,0.4398390020189448,0.1427788607760263,0.0
14.06443259626166,20,8.703361672584684,4,0.15370706605163645,0.10463671299226719,0.0
444.9341788918698,17,29.344593346248033,1,0.07802476469551507,0.21057869077667493,0.0
6.016417784535829,18,16.509875409729446,3,0.15102871465867015,0.3744863936471738,0.0
79.01393384064177,21,48.09830142616057,4,0.10844507299780524,0.14854171695214627,0.0
186.15290822673583,9,23.807208010305434,1,0.2109115088546884,0.22463170299869636,0.0
307.2710097802092,11,18.326538524615035,6,0.16167946560580665,0.08943402834690485,0.0
25.534867893899175,9,4.3558516572831865,2,0.14178321365034818,0.18488301566863277,0.0
83.97752599102402,19,54.91990928243623,2,0.21588876942806218,0.05759436355347873,0.0
22.631700300682528,16,46.951949707312636,3,0.046842680028104655,0.1187072023198566,0.0
61.89684688031364,10,14.447560124176658,5,0.04078402359025925,0.14839742020423163,0.0
78.72710003388511,15,1.2991481228059585,7,0.12971875289327356,0.01686311144887116,0.0
198.76236407945416,19,8.219689979338296,4,0.037931326543435874,0.121176128284661,0.0
122.46973901757613,12,46.35511565397118,2,0.1084344754736684,0.0633481470879742,0.0
2.4345584735977015,11,17.589184990423288,2,0.269687499438214,0.22274021602878485,0.0
71.37287037787713,15,23.20385846615173,0,0.022751089626870693,0.17157118085772008,0.0
223.13620044712263,17,1.452158464789422,3,0.37632703763237313,0.05512787269153136,0.0
100.44940828678304,17,9.068184663192772,7,0.23833308718959417,0.10886002656825576,0.0
21.970277417248237,14,0.6845781063599479,2,0.3254001931813824,0.09076202321451973,0.0
76.38779447525707,16,25.780331603301114,2,0.33806755520831994,0.05567538248874893,0.0
78.80679936682417,17,25.667609256057617,2,0.14760684056630533,0.1277908138987931,0.0
3.2748593635142935,20,2.976157584577636,6,0.1093164557061873,0.17759284726347824,0.0
151.34175904402235,19,10.746105895287588,2,0.3258024746697972,0.17957978368514113,0.0
42.264444519144185,17,21.042363175576742,2,0.19001367853773182,0.09666100678153708,0.0
53.17872658151365,18,4.747005755102879,5,0.277767937883445,0.17563486537754133,0.0
43.105892017061684,16,0.36070383168641706,4,0.2645158498393352,0.28048057377741664,0.0
111.99193840930734,18,10.355273790796847,4,0.03640414734206168,0.21737752523831202,0.0
49.16522197091348,8,8.209769107953282,5,0.0357129047256885,0.1652951701727392,0.0
44.9635655723191,16,35.01578860880258,3,0.45992693938754087,0.20161516424764925,0.0
150.7674934326556,8,20.109478995720135,1,0.22414712367498293,0.06422960060188099,0.0
68.54259564620355,12,2.3936274015689896,2,0.21003910723555538,0.24078992368770064,0.0
4.268397880675947,11,5.6872485334216085,2,0.1984567541353958,0.11150929357968871,0.0
105.00496236287943,19,17.70350779547342,2,0.17963304148208795,0.11795050190077683,0.0
94.21536335661631,15,7.828442969832729,2,0.109623221410727,0.13207304826386368,0.0
15.374104676366343,18,86.02401849663445,4,0.13348408570925224,0.30441873831589694,0.0
1.7850598339394144,9,48.14892872576243,3,0.3733675832338927,0.0804243975566654,0.0
3.55064394238929,9,10.705132202860327,2,0.10094774930318566,0.22396982029219972,0.0
2.645353067998857,21,9.1285455912969,2,0.2660652471382566,0.17127572964984542,0.0
6.7228513658658695,20,14.399623140641104,7,0.35189140836506383,0.348393521693569,0.0
10.871123303794239,8,7.803779741374569,5,0.2442923691901552,0.11430600980796865,0.0
63.920899999488896,11,2.7044909426981336,5,0.27960402518704264,0.31964456421042287,0.0
189.5300094516387,14,48.52178550313917,2,0.4009328619030796,0.03918972111924865,0.0
10.96147392536057,21,3.951861142532768,4,0.2891529509344132,0.368397730662105,0.0
88.97410282352821,8,1.0368210280509385,1,0.5496862057059845,0.3082106480167451,0.0
29.826378042262665,12,67.30245189193435,5,0.08131799179493183,0.11704578023790771,0.0
44.617962508018024,15,25.570614252732753,4,0.09037945346775136,0.08777897271775045,0.0
8.251942293470368,16,0.6582210670933972,1,0.6649513963505607,0.024950138713570567,0.0
93.25051508154598,13,13.419081127343059,3,0.07603037186018291,0.41725660408219495,0.0
1.91022267324132,10,16.551857597019406,4,0.1878769115626196,0.10387585708649572,0.0
63.79690525563143,19,7.501455225146407,1,0.140529855816323,0.11524968755109997,0.0
55.94673457625877,19,13.734163634663489,1,0.26107151252268673,0.23237342084412219,0.0
494.5755528677861,15,19.218584787624078,4,0.31842518158320987,0.11103008345359348,0.0
29.272574149778578,16,12.173342317841536,0,0.11916524151226814,0.2703874083201021,0.0
169.45618781564465,8,0.15674652508697193,3,0.29088021900612016,0.34763713692385684,0.0
11.511036431223916,21,0.8288601066172895,5,0.056327632424570416,0.04716273219915589,0.0
67.8172637203098,13,2.2899581369164967,1,0.2037586699165546,0.22995911669865923,0.0
14.996672861687056,17,17.52958601761255,2,0.3545927322028759,0.07323225920544679,0.0
23.726761989225924,8,15.553599954609982,5,0.2007702936550674,0.3057024415935405,0.0
62.65005470023796,21,33.26411870449781,4,0.15855497966140092,0.14150774576848094,0.0
43.43619992060722,16,20.30159303172143,5,0.10518355576646929,0.3068887277326931,0.0
82.27153176871128,12,6.332283659015605,8,0.2631148820499952,0.07072586276094182,0.0
77.59969523798678,9,8.807694782135552,2,0.3508301554539679,0.26607735531692317,0.0
4.761366513953894,12,1.1159883268615458,2,0.08801857850460942,0.04648568454841814,0.0
30.00783033235331,17,0.4881457721737633,3,0.26211391098351317,0.19018611578644726,0.0
0.010776166112213896,14,30.512232802385576,4,0.03403707295194245,0.05774107721105127,0.0
0.0890170425426292,15,11.248901067948509,3,0.24971841502708406,0.14277720337205155,0.0
44.78754806241429,19,56.692072855892334,2,0.018534971495175565,0.38471326645573356,0.0
46.31575125012387,19,28.899176908916363,3,0.2585830530223918,0.07843094311328723,0.0
69.7096519339091,8,1.5171513828173242,4,0.23750723026543102,0.20049745818964299,0.0
147.97409097096232,14,10.80464680251568,3,0.14954488321348716,0.12494971711139968,0.0
33.314501368859325,21,8.555139292198724,0,0.2501245737866067,0.2616514699013688,0.0
156.25406820548466,9,5.7316401480352095,2,0.20146372362651896,0.18127215341522193,0.0
65.11289215447562,18,0.65083684005751,2,0.03595818708321137,0.26186323498654207,0.0
45.10790965598474,16,2.76236191017627,6,0.04429777994969265,0.054316954595363974,0.0
101.47795294770113,8,3.969458902509956,6,0.15058852370104714,0.1736123689796144,0.0
63.253487611581825,14,6.488182484220054,4,0.21026172440381727,0.06340877230643722,0.0
58.337047485814665,21,20.73522293611093,1,0.15125680141577164,0.08901975427201715,0.0
60.792867535065305,21,17.046826135350525,4,0.1880950353670182,0.11829406589875956,0.0
39.126075385196025,15,20.13252387005735,3,0.197635733758937,0.1918875148474959,0.0
238.50392481750671,8,17.52853192677361,2,0.13920815864626437,0.12085897617878923,0.0
85.55071545047699,9,10.561780256439263,3,0.09845920265209188,0.09415957662181221,0.0
384.3868352708911,19,10.39746059621737,3,0.028851853809522373,0.10778806951548943,0.0
12.691069397508866,12,9.401813040979354,3,0.1222232669017876,0.06326698573351826,0.0
379.1509446291496,10,33.83689159468289,3,0.3060023670809419,0.278570327419064,0.0
33.96388261515861,11,24.241277522249923,3,0.03870100157038678,0.06233539612738459,0.0
63.336492733502524,12,3.3509669064276935,3,0.1286711405233545,0.18560625798650848,0.0
34.75546971255768,21,36.46512538226258,1,0.2199964685740562,0.08992370407121655,0.0
13.422360282015992,21,1.3034609800646926,2,0.23968245682622974,0.1886937778936173,0.0
98.03532864619913,16,70.1742289710637,4,0.44688037521551827,0.11384171117989772,0.0
38.82709899992477,15,38.96619604149082,5,0.3553632385290876,0.07076418293783526,0.0
24.21417460913903,19,14.619130855223366,6,0.09407200550098416,0.19397002442624156,0.0
22.16808184211213,9,58.81321536026097,4,0.2475979107938042,0.1308015911464813,0.0
54.67896354496627,9,36.89443146135084,4,0.025133904323563445,0.05488505453045923,0.0
139.19631651141634,19,8.162669100737714,3,0.10184886579175764,0.1038665059181605,0.0
105.51242170040342,20,53.50791960397605,2,0.3153392807479929,0.04586798045047788,0.0
164.53548180325572,18,28.881590330023496,5,0.07217863878875803,0.20060833205183068,0.0
26.922711436137106,18,27.70612728275676,5,0.3878677933855988,0.13078111551656893,0.0
5.06497671604251,14,0.22179425372648362,4,0.2180872561918338,0.0828463912255673,0.0
65.1957523084403,13,4.8910015312333845,2,0.18127516806724747,0.07546332850856437,0.0
29.063028797500664,9,24.588235486706505,2,0.4124277422411408,0.21120848083995072,0.0
189.45901403824723,21,24.666716759112262,3,0.13455917340106957,0.14561261069445094,0.0
42.130883142384896,13,13.377634386265422,4,0.0642020494529526,0.22344061544785665,0.0
21.25619996989229,20,3.2796550224641017,3,0.15754988042210036,0.10431400814930002,0.0
11.14889590670446,8,10.066411413006495,3,0.06203432124953596,0.12110334357826084,0.0
52.39214732016866,14,32.555617121417015,1,0.21010253749936011,0.08490399231654285,0.0
25.768761598410343,9,41.972409022923635,7,0.12507283700716085,0.10311247618185722,0.0
8.2221852002005,18,12.423520687132735,2,0.2797079161358131,0.06160310963435251,0.0
2.5343743059406276,14,0.26325569557459455,2,0.29146816104220397,0.31588860523839324,0.0
56.35835646166881,16,20.703658674696264,1,0.3102118133443325,0.08846326119066054,0.0
6.248840463379761,11,3.7354429386342876,4,0.3697696180714125,0.19736887483280371,0.0
148.7409006673585,20,6.179460411422662,0,0.3098101738396858,0.23464910655105872,0.0
150.12644271003006,16,1.5462107304846306,1,0.11851732740761904,0.2115937197470771,0.0
48.14745986415447,17,6.174286356897129,2,0.256729414477929,0.18584609627591148,0.0
14.894897781080974,20,24.49800432472902,5,0.14279431972124115,0.27312495526703323,0.0
34.88483827388117,17,25.244420251067197,3,0.2714062462141347,0.15704078374599348,0.0
46.40726740683186,15,3.9603698122778934,0,0.08782231908257719,0.2069001596892259,0.0
40.357362815093396,10,54.56055440223057,3,0.1280387836965381,0.07476884576338232,0.0
19.922665852262696,14,46.93760547692889,4,0.12563170764966008,0.12005605500105915,0.0
71.50227236756668,20,6.846445321444136,2,0.07331515885016955,0.05814545657694063,0.0
165.35250730142135,12,14.572691911239655,2,0.19908512180885968,0.2918741123085559,0.0
22.163337816736906,12,7.91250544374231,3,0.14401501783161938,0.3634052801036414,0.0
49.04691950600764,8,0.3856474273607189,4,0.10943987451734613,0.1029578394171408,0.0
39.78155334281253,9,6.163886904033371,1,0.313455125265333,0.11696921740750149,0.0
12.930907385416976,19,3.6806344142918155,8,0.06179247708169467,0.09772515773487658,0.0
1.1841924555553365,10,2.8132030203045977,1,0.12384357137391672,0.15518553795872142,0.0
42.91139551483377,8,17.612898655587408,1,0.30666419034979375,0.15617857436176874,0.0
139.141155722128,15,2.892636331587058,6,0.22990701170702726,0.08891769195768696,0.0
62.114847903929814,13,47.372677984691904,3,0.16319493387218253,0.06195280880975006,0.0
40.45686828284759,21,29.713225933708575,4,0.33688022783290456,0.06771809251313793,0.0
14.28458380941051,21,14.4526294987337,6,0.2608343165349734,0.22526657408587822,0.0
74.00385061659294,20,16.54001809103739,5,0.13076539781755692,0.1491846267490489,0.0
23.89883634811166,18,33.800790129625426,4,0.17748898824807718,0.6668590164895338,0.0
29.42706531505621,11,25.592918775840374,3,0.06898961777377012,0.04555159846440852,0.0
46.94737033823171,17,38.94411505444535,6,0.09302732071158139,0.08763527103411417,0.0
17.661473210742372,14,14.62274256002942,4,0.7535563355278513,0.19127723835123975,0.0
141.86007999804514,15,0.37645251595262674,1,0.2850915250839401,0.12764057793772884,0.0
144.11919126169076,12,43.34777352764165,1,0.135936217336633,0.22086657542766583,0.0
94.72013672700936,16,1.1472778430609611,0,0.3150358090278032,0.09754147832243665,0.0
104.21991427938529,15,20.75556617657845,3,0.18768761479583548,0.22186056246867436,0.0
105.33965548363595,19,17.464409734895717,5,0.09646515508413218,0.023432572709630756,0.0
46.86980191375552,19,11.698422598545575,1,0.03901734609810659,0.18585015963873835,0.0
14.453145515443879,14,53.021797228398704,3,0.025993262228593432,0.30552788223101324,0.0
328.4557697825391,8,29.937502196113197,2,0.1839207033029877,0.08411557219350192,0.0
72.38554592711566,13,33.96075872884635,2,0.058857954415894774,0.18493409649259052,0.0
62.90566213170318,13,9.444553899078482,2,0.36019618007144755,0.09920790873958427,0.0
40.22036173521575,21,11.38981845822608,3,0.08679981918692549,0.1309486122105718,0.0
117.38261787782187,21,14.267788782499517,3,0.44560026733878405,0.24061374957297152,0.0
25.634127396002093,10,12.598088283437157,6,0.4098200103181575,0.01513761762765369,0.0
93.21471477448164,14,6.6367788215973365,2,0.5752280086500611,0.10719287261753169,0.0
36.74846146150241,10,8.872359097740159,3,0.08790733740310004,0.24270382256990058,0.0
78.65672691217301,12,6.61678456219909,4,0.11820774415795196,0.3431042615950776,0.0
111.58301264467788,19,4.209156564430705,2,0.41251817312151895,0.15284245323039522,0.0
263.5890377446341,17,3.3461759550656867,1,0.24336440459369113,0.2034479610366382,0.0
379.81155866879544,8,37.5362320043667,2,0.14464057795856056,0.2559177250107241,0.0
107.4793213907737,10,6.272584348045047,0,0.20466040649268166,0.15710510378282816,0.0
166.66867246028698,15,22.141807307377,3,0.30742572759063114,0.14555490045081,0.0
180.17215980273573,16,9.476622896131195,5,0.2517003983212437,0.17869579542412262,0.0
100.79363039863412,10,11.333861870197651,5,0.2563886826656131,0.2721832668721269,0.0
167.41884897413112,21,5.1713525066212265,2,0.34009670487221316,0.09270873335261999,0.0
7.289680809326047,19,11.43507651279634,4,0.4414665711815125,0.13929576785641212,0.0
236.04239880495987,14,14.264242657838635,5,0.153894862255551,0.2683602500328901,0.0
125.8465948924996,8,31.862303870089505,5,0.20338138412776408,0.07137742669629779,0.0
11.230555118130983,13,3.4893568657365606,6,0.25158759317154666,0.024096471522008236,0.0
233.39013794473112,17,16.900711139960688,4,0.14601005895189112,0.1232859257626738,0.0
61.670641929910545,10,10.687607377668499,3,0.10656352745249029,0.11449013638723216,0.0
211.3899419383393,13,16.905467302469237,2,0.1704863243963479,0.05692179444986819,0.0
134.6147650129126,20,12.780675196878988,3,0.06994115704425855,0.1077061457758163,0.0
7.978372947844374,13,12.71991059848028,4,0.15383334045468097,0.09008983774588808,0.0
48.38007377317902,8,27.397733202606013,4,0.19113088375081905,0.22565836027192476,0.0
49.06284639916028,19,16.890472589465585,4,0.22722576251988952,0.036852365686021314,0.0
73.49257929552424,14,46.17543020988779,2,0.28490187546662327,0.16383718082274,0.0
128.7214741836993,9,6.239809524731841,2,0.11465699984892476,0.02706526034920032,0.0
279.79102648987185,16,13.455341232177524,2,0.08767228673235093,0.04282559457773662,0.0
128.89776337274017,11,1.8529861666751002,4,0.19972947401616561,0.05333218289958672,0.0
103.08662125388338,19,20.638478624301264,2,0.13924880618043206,0.22631667958332732,0.0
149.899516576935,15,15.215063742938684,4,0.28090792334453524,0.10993556749545078,0.0
0.30617897571168456,12,9.176845461356319,3,0.043889486684880956,0.03415725315123204,0.0
74.17053915351026,15,15.83996589272105,2,0.3707770284984472,0.33077625464961985,0.0
84.49579447354307,18,9.001868348865665,2,0.27283553385805825,0.0967099700687435,0.0
11.30009121221482,13,42.6944383866161,5,0.24704715352012718,0.03972926639356151,0.0
50.398995448111386,16,2.354585065890843,4,0.12729951929520503,0.15998880899813106,0.0
1.6639446399310898,9,0.682428856561263,3,0.19452651139138044,0.04458588748548641,0.0
12.34549363041829,20,25.7863059706712,8,0.3365835773335924,0.047275263593664046,0.0
32.865849946514345,15,19.184845907581373,7,0.20051443744724712,0.2419028520039806,0.0
31.209951954586433,10,11.662482168893733,5,0.1269318610260384,0.20810663764812548,0.0
85.79938547726853,11,7.432815951889595,5,0.07956806530570797,0.275193540291698,0.0
217.89415086099797,18,3.0001084187653198,0,0.3820260591170585,0.12372809425783675,0.0
9.786625675578787,10,0.39858745819678104,2,0.26870398114393357,0.4918896426690158,0.0
213.19744105462297,17,2.462506539781325,2,0.06730086581216192,0.41975879609157185,0.0
186.1609065798004,12,9.96647810082394,3,0.19998069798747198,0.0763444878284626,0.0
25.93711676563715,14,5.408003258734029,1,0.04519294490522433,0.34532393062799815,0.0
30.357261289866333,12,7.8173410277081175,4,0.5314570561135177,0.1302242199795699,0.0
1226.0740936144239,1,191.0853301140296,18,0.8102370228327749,0.7570065634596136,1.0
88.16257436107296,16,17.299464625346005,6,0.16956722045830408,0.17969690034377495,0.0
89.58166497996456,14,31.42061370025541,4,0.14609036380506082,0.2622665482780321,0.0
39.45138055401507,10,11.623738674062828,4,0.23944942571093533,0.037360398929994,0.0
66.81017366425968,15,20.106650349993206,5,0.23411716662376353,0.3790046688353263,0.0
93.96757137203856,16,16.157414372808407,4,0.2603934695043268,0.23839512715872477,0.0
111.18277731963688,18,5.4810825432317545,7,0.28181269454299523,0.03901745604578002,0.0
0.349825319339713,11,30.88695365453361,2,0.21601385430031025,0.09030472644807883,0.0
38.451716990690656,21,19.664655205063525,3,0.2891307822629153,0.37664982842682,0.0
13.688997110104879,19,37.510039004176136,3,0.22152534825411868,0.18936227188643653,0.0
5.237780701801991,11,17.238960078960012,3,0.2881676800731502,0.14401890594421002,0.0
114.6744437663275,19,83.92796617430878,6,0.44418282105039586,0.013017936688945774,0.0
138.34810956305088,14,7.4134265225555325,3,0.07242770333041403,0.06797288373930058,0.0
12.861099460856437,15,6.958182542125831,2,0.10718157527594267,0.07448271193859905,0.0
3.0067582212418027,14,47.25736128458781,6,0.20088571028904192,0.11273287479769019,0.0
3.7325485707171504,13,32.95895487040577,3,0.21995777066081723,0.1226675685223039,0.0
286.0592904726492,8,3.5566312703811716,1,0.5100738713603065,0.08069947072815335,0.0
4.828023704954737,16,11.280380988482433,2,0.03776045321059895,0.07831907008262029,0.0
136.28539377268578,9,10.897036603944867,3,0.25869982269123054,0.0659629680614574,0.0
27.008019286165418,11,8.666028569613953,3,0.4039174082588226,0.09964586320185896,0.0
49.04352964853619,15,12.2299299705764,3,0.11954010593057686,0.24833897250228312,0.0
37.897552844761286,14,11.141111062004319,3,0.2524182550051026,0.09636555219480351,0.0
12.562878356884514,19,71.86016120087545,9,0.1265404174464152,0.06085707864948492,0.0
8.23655347582506,17,18.878764627537922,1,0.14885868594034096,0.2986104478959083,0.0
21.052752624006494,16,14.701358603526366,2,0.26000819447816725,0.03226400306950902,0.0
129.71923244630426,17,20.51434852777519,2,0.07608687390552374,0.08714135593568481,0.0
106.07434255777619,13,10.98741173674548,2,0.14243296706752406,0.2428178420679021,0.0
108.0027398682936,17,42.39353477438386,1,0.2677209844686966,0.04690323163530541,0.0
27.31417382634685,9,22.10994129293333,3,0.03606707981148876,0.08172131130486268,0.0
29.727071774415506,17,29.69791258077324,3,0.2746779937802101,0.18178309566126266,0.0
122.97553615155712,10,11.833552939124768,3,0.15660753776831027,0.21682427903734733,0.0
5.549424291321971,9,28.658385291997256,2,0.25175609378974423,0.05588861832723091,0.0
132.9062559269623,12,80.24274865907216,2,0.02057875484265782,0.1043412323240887,0.0
27.24506947492334,12,6.891656606488028,1,0.48968537032312176,0.0345810783443145,0.0
62.742590574221076,16,22.128278402927883,4,0.1222470050863635,0.0803595767065996,0.0
1.2461852297555507,13,2.401271279374254,3,0.24801154528883787,0.07614701441221565,0.0
15.2245228913687,12,22.41760927413158,3,0.19815262045506526,0.12225905060708672,0.0
6.132910076356395,8,2.2895812158415474,1,0.24749019954484847,0.10562169932629766,0.0
49.87961345378575,18,6.039229586402176,4,0.2907147436286312,0.15414494997864325,0.0
3.8483731433581774,19,10.476164558114169,6,0.0964838676187144,0.19894039490236912,0.0
35.60412267351859,18,13.405839507715452,2,0.10591366508090855,0.0750713681275853,0.0
202.90463527706208,11,23.478800368894554,0,0.1132013282469121,0.06720858052611077,0.0
22.680015905164147,9,8.192730604722302,2,0.09960798946579974,0.18084406989856408,0.0
47.62512484082956,19,35.18529655540993,4,0.3104061557148545,0.05607427300216406,0.0
191.97411976349707,10,4.710056850714797,2,0.1011318238910803,0.09380531661989237,0.0
4.2711635759335085,16,3.8401507302618345,4,0.06136657166779663,0.1004559350962474,0.0
8.835905382806054,20,14.372689877558756,5,0.17034264108870556,0.18124527704075036,0.0
89.00168353609885,13,28.60864604249601,0,0.10494893993809806,0.19327444050532394,0.0
34.426116053350405,8,17.536104122469595,3,0.08401515622906056,0.17956312343362396,0.0
179.46426644291563,15,6.527495901717422,3,0.17122552754054415,0.058056542451725,0.0
27.902085453772823,9,20.872388298420375,4,0.14780512200213408,0.088494975507364,0.0
169.83120001974373,16,13.648013460314788,4,0.12429465217520216,0.07335961311067211,0.0
35.473636983768486,19,47.989052518399674,10,0.2157161616031814,0.03886640177432963,0.0
44.821486757077764,17,17.571327028049367,4,0.29770458465105587,0.38760529892584894,0.0
46.26199048911043,13,0.6170120722172647,3,0.20380415641940425,0.033474798117595767,0.0
46.238674501864104,9,8.472906768592557,2,0.5795274785550505,0.37793861026378833,0.0
40.801913562263046,11,3.3545303528563846,3,0.10795694621817305,0.14659932746087065,0.0
73.6146396129795,11,7.258683655617521,2,0.12427158671138767,0.07888373702649044,0.0
54.794598713412284,8,68.85349258354319,0,0.20837601810176776,0.1307942696846113,0.0
91.97089879876977,14,15.268321909701438,0,0.37564992848066137,0.044857151814062184,0.0
169.3053921879896,3,653.9124292363585,11,0.6476859551918913,0.8424851689337214,1.0
16.208913826580563,12,0.13093587989287345,2,0.09943753138375978,0.2191558213309251,0.0
22.520342393902958,20,13.11775162115116,3,0.19702754730609046,0.050210733330147896,0.0
91.0598821018605,14,12.35975716629339,1,0.18942552054898523,0.01953607066325632,0.0
145.30077127382322,17,1.4917826069440734,3,0.3148360294402942,0.355556648483931,0.0
162.2803942175459,16,11.01700654503028,8,0.1822749016013464,0.07839746008069813,0.0
80.03514853889108,8,7.982030481233775,6,0.0463031992524948,0.10118736266659858,0.0
154.14318142053264,18,26.7117444610216,2,0.08271312078600751,0.2215749765500779,0.0
114.98914788376047,15,29.010118264161633,5,0.16635519966044568,0.1330410196888082,0.0
7.422285791593259,15,1.7514099672931114,2,0.11973528585964616,0.15302804630427858,0.0
37.23928277824654,13,5.112816896056531,2,0.02692828344564306,0.32983194839631363,0.0
92.22006104789294,11,32.84913632742533,8,0.3019344720071809,0.22733537499230533,0.0
63.105148846105614,10,29.726780492587004,3,0.1896148160335623,0.1715915850075925,0.0
44.46560999916575,19,26.39282417283255,7,0.27773215871036044,0.31884179114006567,0.0
206.89523177205788,10,18.876326351159257,5,0.27299194628057105,0.23619813191681394,0.0
8.550969764349091,16,38.1108200063119,5,0.16454989564974123,0.10692063561670553,0.0
135.91756808074604,12,27.611393047856815,5,0.0852787302053921,0.15609543618354965,0.0
3.7456991422363877,18,0.14598766984127515,0,0.09917009079544235,0.1939225528324083,0.0
17.01516538275541,18,7.453783536139097,1,0.19564590209992438,0.21583388217265245,0.0
19.263337317753663,9,1.398856800803189,3,0.16160475590639478,0.0869946096928555,0.0
249.25410822026234,12,0.744078855183343,1,0.06624041777565558,0.15631835212611048,0.0
71.95893120610721,10,20.835252199194798,2,0.23788997377732968,0.11684603985193472,0.0
84.36145308683427,19,3.408870710835364,3,0.11475396950920771,0.2561925235477492,0.0
24.684831376098554,18,19.032962141553107,1,0.1575239833990029,0.14166672669981634,0.0
1.5451433853719732,13,19.349906470383146,5,0.07748494879028724,0.11435014443036547,0.0
80.10909578760185,18,49.731739953588075,3,0.18801083916798164,0.19385059609039332,0.0
11.436676684075556,20,3.3580563245848567,7,0.07774235135698011,0.3132681301033637,0.0
190.89346423387633,21,11.210746670558752,3,0.1716193985536795,0.302205220986767,0.0
165.45077587904726,16,28.900148514582305,4,0.1524973235117703,0.08892744149940367,0.0
4459.0853936986605,3,284.9229871880019,11,0.8152458146591861,0.8807186921438616,1.0
302.3890490049783,11,7.66199174718925,2,0.1358554989995307,0.06913236212036404,0.0
186.27565446941054,19,16.465428774547153,2,0.12035161982641326,0.152644624650756,0.0
9.6202020124434,20,32.043379434453435,6,0.2431960530792017,0.21758928768638514,0.0
15.068389092805914,21,32.16504658983164,1,0.10032512001223234,0.36518006315103835,0.0
39.28010901040652,16,16.240975924473148,5,0.016850015524445098,0.5177412000613207,0.0
78.55886309217881,20,14.903921247629821,2,0.055827994965100346,0.12914998724702045,0.0
627.7160225546675,1,252.5264564190809,18,0.6024141376235188,0.7855175239310086,1.0
8.907150256962872,18,8.11775067567701,2,0.10078951480457819,0.06330563572678886,0.0
180.8310007991298,16,5.91113690613504,2,0.16864781872925783,0.03289997001768441,0.0
12.044659713135408,16,3.6301310984574817,2,0.4936418000196609,0.05197499551576061,0.0
34.01416887126321,21,6.117115119717966,3,0.43858933487382656,0.16939568071018465,0.0
217.97831384000943,17,0.07549620380614452,3,0.23269481798724143,0.0770840724955588,0.0
12.627895860510034,12,12.69832808864448,3,0.062306368576442936,0.24472573777354953,0.0
71.45240186399664,17,2.3257994741503585,3,0.2547808219974429,0.0728760845837342,0.0
58.516224460812154,19,11.484541576419232,6,0.22323216764644788,0.21575408653101297,0.0
242.0043609950838,20,23.69823361540353,3,0.045592483921662756,0.06500765930982094,0.0
2.989836185718277,9,2.227503233720796,2,0.1459548885198146,0.06416836957087027,0.0
3.7675501562016422,18,4.804962590980132,3,0.15412770834833497,0.11451983047566039,0.0
372.5603912112184,17,30.07278372083283,3,0.2885610190293793,0.34601688156589294,0.0
3.993631476633541,8,22.240790540790513,2,0.15937643670458163,0.05484103590674834,0.0
688.6846679638336,3,490.28525438201365,15,0.9161385947870297,0.9490951829407799,1.0
138.81079937209253,8,24.9335709628916,3,0.3721920403760157,0.33116332367240064,0.0
117.30432346432161,11,17.71098653641731,4,0.374509419325061,0.0947084470223845,0.0
8.707001504537441,8,5.236201995563336,2,0.17025036049094378,0.20620948550686044,0.0
114.24529782625669,11,37.940745521995,3,0.27577669744118216,0.05415884505280449,0.0
30.300830513414255,19,3.3201913669783556,4,0.12409259081196473,0.19382233520080233,0.0
163.64245698011126,18,43.6050607563825,4,0.15063797048666366,0.3612390341702476,0.0
86.18974238854113,20,27.681679151963486,3,0.1685549554978585,0.47839246501246585,0.0
29.88372653260989,19,25.964052124392367,4,0.3235528049761532,0.19933655290823465,0.0
21.626209168675445,13,41.86013686872106,1,0.08391623337936666,0.12434413253668283,0.0
80.60817837960533,10,14.522955567787664,5,0.4337170826947244,0.49213925623074145,0.0
50.499327940613696,8,8.305067889430504,1,0.12795581161880737,0.041365792552765596,0.0
5.104092090413706,18,18.055159341105426,3,0.249554469560629,0.4053411019389318,0.0
15.276128074619876,0,44.925255101937154,15,0.7844273766495875,0.7546576331635915,1.0
20.269420317571445,11,16.066421995872577,3,0.22916325412237618,0.2939642086666392,0.0
57.13863265968846,15,65.39162517534231,2,0.13232498972244147,0.14961454596282672,0.0
209.51943352324298,15,8.543961471397978,2,0.40336974447212476,0.24301315716101216,0.0
230.04547462397238,20,35.520431860312186,4,0.3548963533821588,0.07413359284859983,0.0
27.858848123663876,14,11.218534436574146,3,0.4108000495666566,0.2443270710671354,0.0
32.33201669523982,18,5.556673296193698,1,0.19372716979068327,0.03932873341756046,0.0
1.890326166496045,20,0.4907777980851699,1,0.36584573815304355,0.29607072079183827,0.0
74.90010866198558,12,10.661539876031604,4,0.16454088990093904,0.21499888750964657,0.0
61.310803621188654,17,25.050340554837458,3,0.10098155578654053,0.15315743735295745,0.0
42.68886367387302,19,5.377289583364179,2,0.2619544874118029,0.03675561524835271,0.0
1.1021505342092675,9,21.561199931559333,4,0.19413534886348469,0.163941890843185,0.0
0.9745904007836776,17,7.021352195328174,2,0.287798240878257,0.053285100749317124,0.0
51.42276755303139,11,1.2264507721274733,4,0.31966368101012865,0.3329223423216057,0.0
21.665900724224475,10,6.914786175546325,1,0.17226426176273676,0.12081950884068819,0.0
2.8428421251771985,10,0.38105216626331095,7,0.4377444521388241,0.3368777751450062,0.0
49.68442414987511,18,16.435616262955712,4,0.3076736407452626,0.03598011495615263,0.0
280.28459801266496,21,16.43775353220117,1,0.13046138841076396,0.12739919845657882,0.0
4.972792155097651,17,31.810944254965484,2,0.06668897199344945,0.04596530466685482,0.0
21.760096055755515,21,23.34972306406185,4,0.3333946097484567,0.39270722650899137,0.0
13.969759664634704,20,11.957776842666767,2,0.06896725474764981,0.05516167814727974,0.0
8.15957677105449,12,36.32031789965045,6,0.21644344118398262,0.11160650167349172,0.0
67.84310096980288,12,1.482650723772788,4,0.2307465555131076,0.2975140964456434,0.0
45.90324878520701,12,9.502564610868303,2,0.01795848520194089,0.11324629533826067,0.0
167.95198094244168,9,3.6303046953819766,5,0.14250126298648275,0.41982891256643795,0.0
249.25044466153122,20,8.101502564792233,3,0.4789659935364138,0.3478460720846992,0.0
74.9001334105402,12,0.6538788017321293,4,0.2233066368394426,0.14655462749470835,0.0
189.2513654594312,15,24.99735849401531,2,0.24078096243687389,0.08169102431906891,0.0
272.5261455122199,8,51.379161309704465,2,0.29034300939320307,0.09555096427126956,0.0
80.93836407420396,13,18.505683393625418,2,0.12279720278380954,0.04874092216261447,0.0
66.30055946250174,12,13.943611049582161,2,0.12528147982313606,0.03849188011762446,0.0
19.434559841441917,18,30.696407330208846,3,0.08140504483604385,0.34883367648542757,0.0
1.3381558046776496,13,17.10574894624309,3,0.19100562482740313,0.491825720155571,0.0
112.69993180308667,17,4.130117053622669,2,0.20930445769793016,0.023199852880897806,0.0
2.0820309064001847,8,11.66663995570799,4,0.1958770489199749,0.03892952515459454,0.0
158.55788001262678,19,34.41546070654232,8,0.08313188663561732,0.13855909966935942,0.0
2064.5765823575953,2,111.73939273587311,15,0.8376490264330835,0.9466466216174089,1.0
28.11518533859518,16,25.74148551340936,8,0.10014453859843135,0.09477490352959844,0.0
23.338028539772573,16,54.93726304094692,2,0.07462239928911281,0.19779996982380507,0.0
75.70516151761586,21,12.46624208001403,3,0.31068271498884126,0.10409293506379445,0.0
95.74197795655964,12,16.350312673869492,6,0.07244362415170857,0.2557167157319334,0.0
57.161173233075544,14,67.68507326538641,3,0.3106261233523865,0.16082011892812692,0.0
39.37042334353749,12,33.78636358372338,3,0.0749866474920392,0.1736043794591614,0.0
162.37484037839283,20,25.973323085801997,3,0.23451526945950985,0.2254649080736017,0.0
86.85104285279154,8,21.262896776215058,4,0.06355583337425526,0.2506065802891032,0.0
62.033881152003964,17,32.839513329394634,4,0.17405610128274707,0.1392985971449272,0.0
69.1134182102234,8,2.98027274526002,1,0.05351598582151798,0.06031573499568484,0.0
12.748085072372461,9,6.683191196650396,4,0.3186286828633278,0.2657922505555941,0.0
130.20959075628863,14,0.651759254302905,3,0.15528088516715105,0.39316466846735304,0.0
53.22260391195293,8,7.658975847598692,5,0.2881822736727046,0.2339222927821235,0.0
50.65561457359745,8,6.433174543931863,5,0.19455210678891918,0.25557282847007873,0.0
53.7817687578909,11,36.96113507984977,4,0.14118642919936922,0.49321470536871354,0.0
73.09922060349643,13,22.60833108040567,2,0.13325958707234886,0.0652588251284249,0.0
95.19209904934193,14,5.4969572951881815,2,0.14867278272760417,0.06818047672613896,0.0
193.83498516548553,8,26.7360145127437,2,0.11326775915305588,0.31391389693709587,0.0
6.6867700864433735,10,85.85990381973141,3,0.01676998937155549,0.13184640468693576,0.0
108.27255498112561,20,15.223824120799236,4,0.17227676416149143,0.21367410568010903,0.0
90.25014332940798,18,8.397429856458235,3,0.37481127461705227,0.3102972995095147,0.0
4.693315019649359,13,0.021752220789105617,5,0.07440591789022011,0.027021814909336188,0.0
86.70206091769897,10,40.75681192587808,4,0.1176767789172942,0.15116476243556234,0.0
8.258585286929906,17,8.769945478065788,1,0.3293795746503619,0.03458128239811438,0.0
89.66721050792884,13,10.013698792953694,7,0.12125155368211098,0.11768415922983612,0.0
16.870401177334237,9,49.68844301824575,1,0.10796748145561608,0.21285019876486302,0.0
9.94516926862238,8,1.0900927192688672,2,0.10823269256049628,0.05835794773106089,0.0
15.401693164161362,10,26.68815142378511,5,0.3429918369524962,0.03364301105793941,0.0
180.39335184472165,14,10.095418873399005,1,0.08131116264067532,0.40189448594918686,0.0
83.70406906448736,18,2.9517906386975272,2,0.29280446064287363,0.2824495174241072,0.0
24.042631254259796,12,31.70344056492928,4,0.2981869216734838,0.07832352378668592,0.0
139.8648819279141,15,4.382784924907336,1,0.1825700360882697,0.1875380760326982,0.0
180.70324116367408,16,10.526417150833732,2,0.09301780350453283,0.16654627042557038,0.0
60.993108643922255,16,5.540399257206687,2,0.07972926490674688,0.2493701363125943,0.0
58.3783420457656,18,10.196577704869403,2,0.24398662740238267,0.09348878388366326,0.0
82.81328501443986,16,1.1859122445052874,1,0.13760928252491644,0.2259577569887811,0.0
20.502845563149137,21,10.758829325663996,2,0.03255021545453284,0.21343781907055603,0.0
44.62513551267419,15,22.72010601686212,4,0.283376147859739,0.0884536243116234,0.0
448.6904985638164,16,41.20439252950454,4,0.11273968780831192,0.13838975904188025,0.0
69.08822782246561,10,29.793166532993215,6,0.4729952094434808,0.22715484603528563,0.0
317.67279115411566,10,10.71255055532756,4,0.1423841942726055,0.07660799213460369,0.0
8.589329496303343,14,21.504915548846682,0,0.3139773318387414,0.11046507105462092,0.0
135.9587258111377,12,5.079103279631399,2,0.1350861044820915,0.11386599481651859,0.0
13.36940883279112,9,0.9195270346141424,3,0.37613671512640884,0.16842595949246777,0.0
48.998516228515676,9,4.3021032490668425,7,0.35220213530491207,0.19063338789320786,0.0
157.1717857843554,14,40.31635850133231,3,0.31615315675564404,0.21145939400653194,0.0
84.20858674512468,18,36.82947214178888,5,0.2010032199371515,0.18948910847647266,0.0
4.980002505521206,20,52.48435403444553,1,0.09383629763357279,0.24702065953405924,0.0
4.2280869904313985,8,10.591639671383536,4,0.08341904719175795,0.0513474474445601,0.0
71.80037770478084,20,1.12473345025786,3,0.2762043977514974,0.127171669516807,0.0
33.57294352018674,18,12.390743625354206,5,0.14674654189687492,0.1535828799032446,0.0
4.668013561710338,11,12.626461444254105,1,0.2667786362686242,0.28379386703152504,0.0
24.528750570694466,17,18.101032887270115,0,0.150054917047854,0.15146015441296445,0.0
56.67879701157588,14,35.40019598067219,3,0.1528642145615314,0.05117236032771637,0.0
58.16914871960692,19,0.40453444843813624,7,0.013586092291358475,0.1134436479652032,0.0
137.62107441247892,9,20.714515194918913,0,0.04186671204126656,0.12987201621910244,0.0
118.7913352565732,20,0.9233056942651275,5,0.07025908628237107,0.2657860651383517,0.0
22.027897941934917,17,22.21590850078732,4,0.27985331116561774,0.19961599131043087,0.0
10.259728933273049,9,54.88029821072739,6,0.055242159416615616,0.037174216652431744,0.0
57.190092747084464,19,61.2533362035693,0,0.19092471384638668,0.19897829466248865,0.0
179.68948099724713,20,69.49965126770842,4,0.0175622816415021,0.11652870560534088,0.0
78.96472895380695,8,39.40840667068579,5,0.33927256546196466,0.02967950439425615,0.0
0.5188273786704242,18,38.21232630518063,1,0.5378480373659609,0.08466521512354105,0.0
4.2571721165697065,17,27.428457450039353,1,0.18991933449589796,0.12570845581191784,0.0
20.3210685655484,13,10.109893221485876,2,0.12271180120156289,0.2639795147361102,0.0
89.05239749560332,13,59.75613409371717,4,0.2897285863530333,0.1540698285117482,0.0
54.85540330568447,16,25.09204162172255,3,0.271240495355882,0.05992532647224515,0.0
19.926938683285794,10,22.712686134857243,5,0.23734971418686962,0.37548031103859575,0.0
77.3200227604611,12,10.074910384810424,3,0.10620475571832369,0.12946876919612146,0.0
49.54953953834207,11,6.872126917627015,2,0.2307654203160556,0.22035458516551898,0.0
9.430416637750419,9,2.4306598383659788,3,0.23918730070169272,0.12940797731654274,0.0
26.558147871898115,14,8.144963160244258,2,0.011037659752716075,0.26470160202605886,0.0
152.09883954104885,12,36.90627073191347,3,0.25837811163422797,0.06556135125533859,0.0
178.11268130589974,21,12.236712924988131,4,0.08288137053321021,0.18271853137642383,0.0
11.278013273278525,13,56.047772259704935,3,0.168270790572713,0.1756366374184371,0.0
93.79659472100337,14,13.056072676832478,5,0.31398293480149286,0.08785229774135693,0.0
16.514568528604524,21,42.72502739146812,2,0.07041331602602899,0.15534821302846671,0.0
14.355572524796056,18,19.906556018155253,6,0.03337803374873398,0.2620404419952696,0.0
70.2701145942096,8,49.512747190865184,4,0.129887550593505,0.1587531121154178,0.0
138.00179528972845,9,29.176942674504353,8,0.16792025338579541,0.3349921946243035,0.0
169.34280408638674,20,34.35120528659861,1,0.1975721211550594,0.05875207004461428,0.0
68.98342740394607,10,13.73047422793112,5,0.15571139154614463,0.04143069592950076,0.0
75.62947590095156,16,7.469188967687903,4,0.19985933088478514,0.07148796606029506,0.0
66.09714081151688,19,46.90801638029122,3,0.019488588029491504,0.10844963809300107,0.0
11.03801757699327,8,18.770622531445426,0,0.2689700553234197,0.10516263028539823,0.0
14.677221610460855,16,18.396475414426124,6,0.2088428124350198,0.0891140835403337,0.0
97.54165189625247,10,30.57757971916212,3,0.3251125239841741,0.020863486651582445,0.0
14.497598089205432,12,15.340817194261497,1,0.17464204207574796,0.09349897975619782,0.0
270.0942265507285,9,25.437509082186057,2,0.34069788430226833,0.1957605434216146,0.0
69.9593400872537,13,13.617888685691447,2,0.1597945566822762,0.15937279331363047,0.0
16.392553368881643,8,16.13870943383685,6,0.045894370558267665,0.16722439468402014,0.0
21.427574483896553,20,1.5279143651121132,4,0.2897141054601787,0.1446863867843037,0.0
10.412178716355891,15,64.1756412878828,0,0.0845417386478627,0.12155223463120014,0.0
71.90570741480629,10,6.191288267963677,5,0.12397068962239577,0.23527542096195728,0.0
38.29707695737474,11,47.28690169493682,3,0.016017482146500325,0.17469866332095793,0.0
145.14059296902656,11,8.16214493774577,3,0.3871496149590712,0.28574370775796654,0.0
0.15952977277685007,12,3.335702772205358,4,0.29575178002676156,0.19125779816908314,0.0
226.12578346268367,13,21.157855916519843,4,0.20207921235858672,0.21547419589686126,0.0
98.16767259096358,8,15.00849479724967,3,0.12493723889803322,0.1332690214983927,0.0
31.468441635198946,10,2.7679544287091504,5,0.02624437133033547,0.17572199547816933,0.0
185.84266738290006,23,549.9821214696533,18,0.9268682028940594,0.9797155897141212,1.0
151.95541501910859,15,13.548693634362866,0,0.11055403309201679,0.285431021846751,0.0
9.361533904850518,17,146.1623135588922,1,0.12846752062485295,0.0807464215144338,0.0
21.828333312553664,21,28.165164254352373,0,0.2712215348559863,0.09443808495258783,0.0
345.23668496464734,21,12.898460628965143,2,0.030303701499072497,0.12655951283797384,0.0
93.45954011025921,16,7.435851477034424,5,0.4116915083083804,0.15347305462158597,0.0
53.0399054731948,9,14.582894472632601,1,0.11622070070358557,0.15188857796965216,0.0
116.23437805539305,20,20.863704301508825,2,0.025686540907848193,0.1662510994143044,0.0
37.28517082350049,15,14.589805746908908,3,0.16840416848741754,0.11234636481018447,0.0
220.1755243559127,14,16.36194169813082,1,0.22945456358651828,0.05224250758338414,0.0
185.62896744322978,12,3.6953302926687375,4,0.09900181096865038,0.09848283448918262,0.0
117.38042675443019,14,5.093679612635977,0,0.05139330850012045,0.20560035142093303,0.0
69.58127527870552,16,9.18587412945184,3,0.03810261697323864,0.2152490717009883,0.0
98.77120032489913,15,60.63362161987542,3,0.05684861045834599,0.012727901951796707,0.0
26.366189469301034,19,19.806498874595675,3,0.03470046079155274,0.10673833918863358,0.0
11.493775592583695,15,21.433661482340508,4,0.24651394274259925,0.21596478519765192,0.0
72.13793041725886,8,52.22240324800783,3,0.06690376551363432,0.08460539102042114,0.0
51.767830879161934,16,1.8519042945734843,2,0.5641239237198592,0.18937570583832952,0.0
48.01541648258165,14,10.60546166536531,0,0.24183116962440593,0.10751886936568845,0.0
35.31465903338062,14,10.38731060529397,0,0.4296408564991636,0.5178324572012396,0.0
55.548404164201244,11,11.05487965197657,0,0.21401515062238763,0.1048970460512553,0.0
167.7762133835466,14,23.94469716863553,3,0.15565102812100837,0.029983886632594492,0.0
72.38185911683048,11,9.620314372505765,3,0.0889287734481091,0.023962167093503923,0.0
27.419506185662087,23,29.92782930577614,23,0.8807900180842408,0.7640433576805146,1.0
155.69319844106897,14,7.933295783743707,2,0.3814950025257073,0.0908003264771192,0.0
58.030807039072485,19,70.53525825433974,1,0.4754602474798178,0.13775082318288615,0.0
20.119461172934642,21,70.79346522392659,3,0.26226055567205325,0.17148747713633739,0.0
0.6297998179178892,20,42.496870557192366,3,0.3071804339690661,0.07251555425235746,0.0
16.05970856275853,11,33.25301883609963,5,0.16327780329510186,0.31831372933549956,0.0
62.34807104764976,16,2.031546563216342,2,0.2925386623304266,0.12771263666392077,0.0
11.22134236881094,17,54.1933322871477,2,0.27900327007861747,0.2899562367453945,0.0
169.56418761718535,17,34.743727847733005,2,0.36391207536646625,0.11044285450237357,0.0
110.8587394534654,15,22.656195504757065,3,0.08887253824506837,0.06468675656770352,0.0
73.79465303636421,15,36.15588066105108,3,0.11053527355505807,0.10356200164738297,0.0
8.355816776887421,14,8.226240659459696,2,0.18875797997943167,0.2897087767387947,0.0
56.2227735142859,16,60.20179704035463,2,0.1395785973870718,0.1979494208665805,0.0
177.13164921274625,23,1587.2943664932131,19,0.8346213321452904,0.9493492817928422,1.0
6.159591847209997,9,5.853334824789673,1,0.16322731308864394,0.2008484191167239,0.0
43.774905469424034,19,52.48806888171992,2,0.10865441946284034,0.09450782281289825,0.0
37.815163020632525,15,7.4701232900192425,1,0.20479489864639613,0.07996320730249888,0.0
55.274076496720596,13,22.690132115260518,2,0.054403813559859744,0.18207338897868802,0.0
59.671563757766954,17,35.92879809993661,4,0.37943997361990117,0.007752920667051365,0.0
193.3734983928199,16,13.45294345211823,3,0.09475627806277566,0.10247606867489882,0.0
9.668475589653033,9,23.22710322163404,2,0.5471806118747762,0.15424641287361865,0.0
19.06512753441246,21,4.186523617749327,0,0.18176135920931863,0.18679590826367282,0.0
29.270570233178987,11,9.535309783119837,4,0.16671417603587324,0.07302238468981437,0.0
29.429946076536297,13,16.23143038189881,2,0.12693241487491627,0.2053525978489784,0.0
142.05014919141271,15,5.284123565221355,3,0.1823518160164706,0.2481903209358313,0.0
31.13040180155362,15,6.444308477229356,3,0.3172172948710102,0.3667106487806528,0.0
36.85322222294083,11,1.919980924988561,2,0.15342116159490227,0.062965994349204,0.0
98.10561795600609,16,75.30162078987564,2,0.48794198386463855,0.4017030038743031,0.0
183.86718796404668,9,8.123754734103692,1,0.37346479037630415,0.07866660920981088,0.0
53.808678025162564,12,1.0978640256700216,3,0.1614830624978103,0.18797204136165,0.0
6.41513499706953,16,37.09132346460522,4,0.3083627824953563,0.05447933007107373,0.0
10.525753484914713,11,29.615160045926963,2,0.196435320375639,0.1850581109606553,0.0
240.39664900286078,12,20.968490232404204,1,0.14312456332481038,0.1734612790769899,0.0
32.565452863515006,10,2.0654511370233415,5,0.23237381497977158,0.2073211369123911,0.0
160.8313904037536,17,29.484016902426042,4,0.44688887095154184,0.24740351871369745,0.0
78.10409533698993,12,7.092054021276336,3,0.2653386051969243,0.11062509361486121,0.0
187.18199541645714,1,202.87308925440462,9,0.7487479732869491,0.9196904982092878,1.0
33.17461993171469,13,0.9696193723709151,4,0.20605521731335458,0.04812238876519097,0.0
22.85896478286151,9,43.926117997910964,3,0.23304452160972752,0.0868461462544842,0.0
64.24538932118756,14,19.91946374261713,3,0.12744275274383066,0.10143881819377008,0.0
90.54001400781063,10,1.7611589640837078,3,0.20279313093034887,0.26191162706483345,0.0
2.445303837810177,17,18.23308321655935,6,0.0413964031202556,0.32015080582736016,0.0
137.74143696624546,20,7.108665606193174,2,0.38426838012128356,0.16985431640959264,0.0
220.26132376877908,8,22.481471202850948,0,0.13002341079951854,0.08287438655117985,0.0
63.28695191886115,21,4.853394871546371,1,0.01896752409006582,0.2593006380772758,0.0
35.530851238900105,11,2.1606226783041698,3,0.008413564024812425,0.14789392764963114,0.0
127.68042906611919,13,2.131415936703495,3,0.24312589975678722,0.162729500796326,0.0
22.77290338192508,19,5.749743057752125,2,0.4779899024214488,0.17119908522295027,0.0
151.7564646587748,20,8.58984073320337,3,0.15360075569702644,0.18170237379950657,0.0
22.69295170365818,9,7.6860614081337655,2,0.25673267421016976,0.27703347928319383,0.0
141.6351353937888,19,33.21649559728031,1,0.19121097287380834,0.21580273745984216,0.0
32.457111727213494,16,0.9921234611439489,4,0.07946163862340108,0.03985055008301514,0.0
195.3859123896048,17,15.966082655527032,4,0.05969206680462449,0.07158742752143071,0.0
38.20318464868302,13,13.746853560563437,3,0.11889957470759084,0.11537785948750465,0.0
1.5440935492468675,8,26.065025027579544,2,0.20685118586003926,0.2535108404421993,0.0
9.635542802959714,14,7.97299632595942,2,0.15972124680344923,0.0665401339522139,0.0
7.570332704929676,9,16.92557425976667,2,0.11714149903600386,0.3398718498306402,0.0
8.55523691135495,18,18.152368936515348,2,0.15871534736183815,0.24139609376211552,0.0
65.38883260491944,16,0.7375801806133404,2,0.4520381972040947,0.34982521455923554,0.0
112.00807388834033,15,9.548812061704442,2,0.0668440694767809,0.12852346547845586,0.0
31.269423041158774,13,41.989488682021374,1,0.16024528213038808,0.13837927294182134,0.0
140.5996326559175,10,8.575692407677863,1,0.15967679790603415,0.2924653761963423,0.0
180.16402550281728,8,23.404420007402308,2,0.08613917957006005,0.26619004525081846,0.0
48.461531713703884,8,10.272944299650508,4,0.30279274187471183,0.4277556427328798,0.0
20.333653379246904,8,3.1777789647759995,2,0.21531837938900725,0.07442476291107963,0.0
83.84391186160408,10,28.7336724627658,3,0.2896953104490794,0.22110095190630086,0.0
4.945206984360652,17,0.8681476466351036,2,0.1505300788757607,0.08373410340507376,0.0
44.03952162507247,13,4.448884343437393,2,0.23688519927575527,0.196113864230095,0.0
34.53983128669461,16,9.32110716839521,2,0.3654970644689085,0.17653857502595818,0.0
133.90694577760308,20,24.17907815762131,1,0.18744363500908026,0.30402055863033983,0.0
108.37675024580949,20,10.512488086712038,1,0.13820284875099006,0.0741408202875191,0.0
111.1502165273565,13,1.3470522370567468,1,0.04302519157214174,0.022412527979876515,0.0
51.03962977975742,14,21.495328042919247,4,0.32994640831483724,0.06175084903148285,0.0
30.25739110500468,9,19.694034465943282,1,0.3344181207298361,0.17487684438431822,0.0
45.4583347423616,20,23.356404462306894,4,0.15725150985508582,0.3261107667276072,0.0
102.62331822823369,19,15.816190635661497,3,0.13767287733799743,0.11418001649375782,0.0
87.02024600817252,21,19.180004334810974,3,0.021324677132430508,0.12474269177967406,0.0
74.66106125559338,11,3.389715624151183,4,0.31239474720182575,0.045438634296734164,0.0
75.68243776299481,9,25.670670991367253,1,0.205161929590544,0.059035814878377814,0.0
13.017421900529719,16,3.491744794614742,1,0.384073857402032,0.10299635071263462,0.0
26.925537524806074,11,15.469078515448647,6,0.039262124640549,0.1812459352773596,0.0
47.789127909204566,16,2.4321963898018497,4,0.08278364580516957,0.15939504945529223,0.0
119.94291186067677,17,10.244706860851633,2,0.08514924701879167,0.12683767353882702,0.0
147.61208696587613,17,2.0629352424078955,3,0.15600551801140486,0.353442735130877,0.0
39.95417312652756,13,39.962834247875016,3,0.11809862428158009,0.2564883098397056,0.0
2.05420876331795,15,2.1506474392975465,4,0.23091684163387102,0.2705649976929791,0.0
12.145593754510964,19,2.2811253395954485,2,0.10575554903450085,0.18871695818126646,0.0
231.65106077591355,18,13.69301932854219,2,0.035591183146366244,0.1454449569140012,0.0
436.5747704507057,9,2.5657596484428193,2,0.17294482965658586,0.08439425804667025,0.0
80.83499899939116,17,5.478078779840388,1,0.1804296187535743,0.08459734197150699,0.0
1.991537782600905,10,37.78187929796862,1,0.13459892126672274,0.17520222485070908,0.0
62.34349753114087,19,8.512553221470046,4,0.09834666819110693,0.09472545784383973,0.0
53.01533468298732,12,22.231452303569135,5,0.16517667808681594,0.0289689155196825,0.0
321.96338536474985,2,325.3160773518035,18,0.7061851758814311,0.7560327772995377,1.0
101.65278757976752,13,42.769691457482686,1,0.11925181943257561,0.18185820191137042,0.0
89.86182247513054,20,4.574566881047563,3,0.13186073054789546,0.0959509642400376,0.0
193.32318276911766,14,10.69923516246622,3,0.08097621841474607,0.17733515956169216,0.0
0.4194668667395981,18,25.955677009163413,4,0.22663097702969556,0.05810278113952166,0.0
10.245677012285716,13,29.449469502926206,0,0.1044430956727585,0.16788132853415738,0.0
102.48344781159244,20,66.5148217370546,3,0.407484942504125,0.4144161614366773,0.0
204.5975486276501,10,32.11271242661618,3,0.2755235301948037,0.17567765292735543,0.0
369.2891572334377,21,19.85859389390454,1,0.371794752197186,0.03930147325568858,0.0
7.030263463968752,12,24.024693226704244,2,0.130799489574654,0.13131737595049825,0.0
72.884352990662,17,11.76694877740153,3,0.05636774956300645,0.09106025649558243,0.0
123.4192574306496,9,24.904096014246583,5,0.09588048293878786,0.09955733063395437,0.0
110.89644470969681,14,12.545089694493402,2,0.1682321597073321,0.29328701554926223,0.0
95.15778150046755,15,10.357677625028622,2,0.11548141850354947,0.22651738376121863,0.0
29.90329741486303,11,13.416216822054725,6,0.2013585626811152,0.1012824492339964,0.0
90.58756825768184,13,23.603921581840478,0,0.17229747393940464,0.24876087297333496,0.0
11.776645654991242,14,14.058892991791952,3,0.3387915391669308,0.4447624072970186,0.0
45.32086328065999,17,1.9796259127318496,4,0.4166020933324071,0.04491960500307019,0.0
62.42914551497084,10,23.416482352781408,6,0.403989054176952,0.0547150546227157,0.0
77.60244922791448,11,26.628699581766632,3,0.2249381184571754,0.2322939727019665,0.0
152.41588984353638,19,15.282001320415436,4,0.09134484392045156,0.01578076287364842,0.0
45.649919930308585,17,10.177930112462496,1,0.4618703351638731,0.22454230430883912,0.0
5.463150445884061,18,6.396115616772439,4,0.03461317321682586,0.09252089737093538,0.0
80.21359355863078,10,13.630602553626613,6,0.2122016399532408,0.08416159367928763,0.0
6.408303908795608,9,14.49265276246141,3,0.21655849767595498,0.04872983784563107,0.0
55.46981681144671,11,39.0821951540432,4,0.1272752080836501,0.24698347931606915,0.0
32.87880638441333,19,19.61801379448289,3,0.3703741417900246,0.0913963771914987,0.0
114.51598862053925,17,16.003215943000118,3,0.21450310115191137,0.1297615504436642,0.0
33.49396748360742,20,27.16571104225464,2,0.1345399449490523,0.39758269853852685,0.0
87.0485132834888,18,2.7475897501084194,2,0.08282676842092915,0.057246117236711073,0.0
47.863949867816025,9,13.146175532071538,5,0.33896099183470624,0.1111142374631214,0.0
18.9826264647481,16,15.334079401872172,7,0.01712577743483241,0.18172678074313472,0.0
10.004369787693026,21,20.858949826465143,2,0.0753540305046055,0.1108696365333608,0.0
2.9283283368685598,19,10.58009742346163,2,0.13315222131666796,0.1440210191886426,0.0
683.9998542106913,0,720.9922478706284,14,0.3874612715992495,0.6679907176441225,1.0
34.575329557430805,20,31.58723165567611,7,0.3444940291018871,0.24430280466022217,0.0
32.54040087479161,18,2.1268205474575215,0,0.2641349646444656,0.07828700688928336,0.0
74.06597345030336,9,0.2427172076906267,5,0.4322372330664579,0.13314778431583413,0.0
292.57323634281437,18,3.8900739920985554,4,0.2541025103682264,0.057598113184742186,0.0
118.27714977462229,10,34.59105384005914,4,0.30936729214996594,0.2640207406774906,0.0
87.93236876916066,16,3.390134829884939,3,0.3871146665448665,0.23871681190500815,0.0
5.50482539779975,17,28.64889857526415,2,0.15797091761115253,0.09559771859877916,0.0
87.49873835260101,13,15.820742122478851,3,0.022673665383513623,0.13251460251518013,0.0
66.78025595531903,18,50.63299796109789,3,0.30529416283458494,0.11495514596608532,0.0
6.6797228616571935,9,5.131532345047603,10,0.49852542353256507,0.3703083658724044,0.0
178.43848845034688,21,31.906273200948124,4,0.21643032913021984,0.24198484722321137,0.0
136.78589588569568,18,136.23594338572244,1,0.1706676718831305,0.36800795308053913,0.0
15.803255151512172,16,13.654325030422235,3,0.147704752449535,0.23246968197990855,0.0
63.51867816013556,14,43.70714794801862,2,0.11408925300937094,0.20565473549346266,0.0
82.98690655097305,8,3.6693715855856768,1,0.3931252349577585,0.22244491985525613,0.0
64.6584385545065,18,6.349155322729329,5,0.12467113460637402,0.19359929274561455,0.0
98.20019404746586,17,26.825194110481828,3,0.045342341786214845,0.09907348176997118,0.0
23.886870433920496,15,36.16744706379717,4,0.14671120808360646,0.1667970461438769,0.0
94.25435759425467,13,20.51057782453598,6,0.4544514114358426,0.08284393493794188,0.0
76.03153380611492,9,6.530341768819166,4,0.1151952199914913,0.34383630094207196,0.0
35.542569792746775,8,75.00661729012918,3,0.20584530247520244,0.07187349749550842,0.0
51.3160265675497,17,31.587454205053888,3,0.015318405220622448,0.31580376448716724,0.0
90.78061093450059,18,93.33023424202581,1,0.14155166606514882,0.12091982595537881,0.0
55.88157062637108,14,12.738502768976776,5,0.31319495648659396,0.18664424736962457,0.0
117.39790067296708,15,8.331090083313596,3,0.11884345433735319,0.34432166671952213,0.0
113.08672224957597,17,0.7073645702870255,1,0.07536156554985801,0.13710541067291304,0.0
113.58427803850165,8,3.4354849431111734,2,0.4251620185409616,0.31491145381926827,0.0
55.803749252658086,10,21.676048069692236,5,0.0944422095909144,0.3733689124390525,0.0
101.56511893109494,13,10.04395133671368,6,0.48645482373404236,0.3385587320466911,0.0
148.57012523336732,18,23.458435531501113,2,0.24272676771482063,0.12215059173245789,0.0
20.626007802643905,11,22.291412110014726,4,0.3410846641978686,0.34551514779227455,0.0
11.644573570159269,11,0.4895026217842429,4,0.1086295835510595,0.053903300273069076,0.0
3.434660664550513,10,31.603469078182815,7,0.19437294454167525,0.18874937790309368,0.0
37.18400505274923,13,10.063929680352848,4,0.280719702984508,0.17600850420105726,0.0
344.49566177358497,10,13.455287837988802,5,0.02523052240399673,0.14706207359191603,0.0
165.0513435425647,12,6.938904127449369,1,0.16802397651105594,0.17287353837482067,0.0
141.16462921927473,9,14.654302787712798,2,0.07839116212241234,0.06597767076256589,0.0
69.07312212875478,12,8.67780346475951,4,0.3740402253309214,0.17525796059225984,0.0
0.9985286780022417,19,6.129439486936574,3,0.23450424636863174,0.11191471815342073,0.0
122.9931681801378,12,0.07446044252246661,4,0.22420838531873666,0.21626037348897445,0.0
66.59678459745244,19,41.08292695887231,1,0.056920701878195715,0.25513619348145217,0.0
146.66057457917088,20,5.777452320121307,1,0.14755131619413345,0.07881270338218203,0.0
222.53247508595135,9,0.3965508884403023,6,0.05240066929681877,0.46422013189423167,0.0
31.278861617378414,14,18.254160656150574,3,0.15624964991823062,0.08679497341493635,0.0
116.02837591739082,21,1.551916375633538,4,0.06629415541255528,0.17549906157855455,0.0
48.714775028782,9,3.123247277071907,3,0.16474968597943054,0.27032319201189114,0.0
119.4158252445007,16,7.027205720128464,1,0.05615876875314514,0.1627248123248397,0.0
63.55155165869006,17,17.704292700198376,1,0.05329420662344109,0.1913082542766315,0.0
7.9825572883936875,11,6.376906032796188,1,0.39582665257688693,0.14807408871678984,0.0
22.853569483907034,13,50.02328423629847,0,0.13863648390444036,0.11588073295813486,0.0
13.582688263960849,20,13.381693861109705,2,0.040793979686911515,0.12506815066867233,0.0
2.899120232919359,15,0.31467502228806266,5,0.3434178830847314,0.28152541285086136,0.0
10.02248350769624,11,12.593735222636022,3,0.17575555701219914,0.11422288059895395,0.0
42.706072438059635,16,31.740022330742907,3,0.16526970158930096,0.10858704289421783,0.0
12.179730209683656,17,12.890670867499669,5,0.36879872260061175,0.16837316067686903,0.0
176.65259524296533,12,0.34108833220846546,4,0.3968396462128057,0.10558032401399468,0.0
19.943711973635295,15,7.11826790688362,4,0.1731782866657377,0.07895711327922149,0.0
225.21842746094367,23,17.551441927997956,15,0.6882460433337739,0.8253566367251048,1.0
125.69094622294465,21,5.020447719076307,1,0.13812960428713725,0.23223057131415595,0.0
21.021556422643872,8,7.791878609489736,2,0.3492989339003964,0.23598243258378782,0.0
130.15966447951826,8,26.217524639116437,2,0.22236461544750225,0.24406180351412815,0.0
169.17580153916157,14,43.78670785945417,3,0.06435746311900523,0.08832457783415118,0.0
18.081208538693282,18,4.672134945837357,4,0.02719634638957075,0.22110506854039474,0.0
156.7830648246601,11,20.033072240772526,5,0.38851126580177925,0.0676468460127753,0.0
151.58176117673966,17,28.66426754821534,3,0.19833554242061255,0.23115905473178172,0.0
26.356274232912966,18,11.557434265203279,2,0.6098645623546801,0.020544778269150597,0.0
98.86152501896879,16,13.203871063510164,3,0.057692496937322174,0.18985998588017597,0.0
3.425520370481165,17,8.422961676026281,4,0.2380030926825316,0.332428496202097,0.0
1.4849509928612805,17,6.011580981038172,2,0.42427770986970254,0.19940109200996706,0.0
111.28112232540067,8,9.238426633478706,6,0.10756736844915124,0.2795399360153216,0.0
108.47432129675924,9,15.815426787984432,5,0.3999857509956703,0.3587334513286006,0.0
0.942053809158562,18,24.049110703592575,5,0.2546783146934369,0.13998043528844772,0.0
50.04050576107151,19,7.186114320526892,0,0.23883891845695565,0.35173067235890193,0.0
7.031338095686724,20,1.5635994959566863,4,0.43819464371977707,0.06170091626218135,0.0
46.272787779046176,19,32.22485617125175,7,0.27170752324450054,0.3492916594261244,0.0
20.748795654936536,11,2.135345226267211,1,0.05972997192578377,0.09178507300926565,0.0
105.55040831942149,13,26.02687404152215,0,0.22894976987290025,0.12648235199019964,0.0
471.34111872818823,21,19.486809856299725,3,0.04720697304383085,0.09282560899537992,0.0
1.4166586165172002,14,6.7597480954582965,1,0.0758106113897269,0.21587493164482538,0.0
22.01092356946964,16,16.467524730627062,2,0.3468485324819611,0.2315297576695591,0.0
200.99196346193855,15,10.017093575808051,2,0.12480084604658084,0.17092107930931752,0.0
169.35585418763986,13,10.317952256164398,2,0.03475806948359209,0.3713451943491611,0.0
178.46449833578458,12,14.727311946865981,2,0.09946508112064141,0.3094633854153894,0.0
17.750761434301808,13,1.993549731262435,3,0.1241358879956749,0.09882830317549324,0.0
117.71591380670854,16,1.0655278747872579,1,0.4534525945951302,0.06677261773549227,0.0
112.6081148124591,17,3.8276703660496274,5,0.3875626822353461,0.14088760968066824,0.0
84.98443583597333,21,45.60934560699969,1,0.3023461258061732,0.12766128844774768,0.0
259.3718569206553,16,1.3420193289058835,4,0.1913078329715703,0.14376108713862382,0.0
26.556216533443955,20,2.7230973750708114,4,0.05504244111980808,0.1413488276776751,0.0
57.43157858603426,9,27.9658504244224,4,0.17807797760032942,0.19841290455364263,0.0
8.719591974135065,9,57.37645431070141,8,0.21575022254628384,0.07512579502766666,0.0
16.949249463415654,16,2.289163393617965,1,0.2909595716138166,0.1678275800404111,0.0
25.123382921307854,8,9.313210501739315,4,0.206629754222885,0.16436628827107988,0.0
28.463554959370295,19,6.325756500124083,3,0.31332738472773514,0.20221613903264432,0.0
4.385898111357397,8,2.5919430832743977,3,0.36627156140384104,0.11662801571479602,0.0
7.430872628829405,14,36.2046900046681,3,0.18348055776529826,0.06468817929248945,0.0
74.03402615541339,17,3.8401574866585597,0,0.25707125959432947,0.3041376161069429,0.0
17.716056488583575,18,2.1135773816247996,4,0.32619047570339244,0.09214219123462726,0.0
136.3063781311156,8,21.185305183401624,5,0.4098516390789821,0.24361610152998775,0.0
14.733411735169428,11,4.168718000642503,1,0.033407115564116234,0.05014298825586006,0.0
14.648594425035576,16,25.059639127583615,4,0.35612592725929476,0.04906376144926694,0.0
128.0752085854776,10,13.60749367646388,3,0.3596023440717104,0.2119800592901847,0.0
110.08991060853725,13,13.069737349450497,3,0.09039554979917948,0.28183469889644736,0.0
34.08851887667962,12,8.815939981286151,1,0.3418577866066529,0.14508641033127087,0.0
209.38472777268578,13,9.467770536166112,6,0.06934530293526003,0.5087094961154593,0.0
104.21179281731142,13,13.851174008353318,4,0.14454994580115785,0.009536462343019893,0.0
16.212605977234322,19,3.4575161363764835,3,0.3248556487659799,0.2706587542659642,0.0
54.23130527363216,2,1213.4219141606093,13,0.7807340754501069,0.9548266543254987,1.0
124.26250747309611,9,17.09330885187332,3,0.04468651275561973,0.13558477005122077,0.0
53.26959352509582,20,12.642473292014294,4,0.4031101926716442,0.10084824132222474,0.0
143.49288381667628,15,13.328025711500533,0,0.5340950345906841,0.22495676003234086,0.0
49.0364779240873,10,21.13893335820585,3,0.29409428591363374,0.265751753643508,0.0
0.8146283002034469,14,99.89346913620503,6,0.14786360120261136,0.18461342473896547,0.0
76.53779463305077,9,6.2682654026521085,1,0.17826933614261894,0.10090016342357672,0.0
163.15391449814908,13,30.92631867332663,4,0.09227708660063623,0.12082926273489912,0.0
145.56748130395528,16,13.648814598294003,3,0.4400547586201833,0.08092564342001911,0.0
57.79970719378206,18,15.181080274980676,3,0.146391025679039,0.012936853006600519,0.0
30.900222534564218,21,14.13613626342076,4,0.15902090217163434,0.2535451907959047,0.0
111.46454887256346,9,4.300428738714524,3,0.16463176156682144,0.2114250542204868,0.0
268.8875268719605,19,22.365735329667864,6,0.1917447078189362,0.053719512028807426,0.0
46.43169559118975,16,18.015767948382322,3,0.11812712618816106,0.12774851160604864,0.0
133.60716270751016,18,12.491545322286502,4,0.33898100653249513,0.1631455929709096,0.0
75.62754544024583,16,0.7246123913441997,4,0.14696688262761964,0.12710725965695346,0.0
234.13234639080028,2,605.7219635748119,10,0.8164020029347973,0.8407005377087936,1.0
176.73851162183934,16,11.886867722862558,2,0.08307383319146822,0.339460976510137,0.0
117.91119733770915,17,10.203134004933377,5,0.03406092949799278,0.32199721359121225,0.0
16.32930358551449,11,28.38242647677058,4,0.2993221578631758,0.22857672666160855,0.0
94.6338221733079,10,0.19819334600904823,3,0.2543312719546636,0.2724133499952627,0.0
149.45895195978946,10,18.757165120838913,3,0.14697855548892427,0.21415856353938453,0.0
121.06511202324553,18,19.138713543801575,1,0.2250514581982372,0.20673434561280005,0.0
51.5622573965977,11,8.135220294756664,3,0.1499112231862239,0.390349430823024,0.0
8.905412112877338,13,12.514391704425964,3,0.12508909841580024,0.40708313060161555,0.0
200.31647854317495,9,7.733827405843328,5,0.4152687543669076,0.21142630345163027,0.0
104.55276568597499,8,7.867406654747895,4,0.11291052398563803,0.30542903622533485,0.0
221.6639510405946,17,6.435197134519726,3,0.1718917787200157,0.16632486619196923,0.0
49.37485662816914,10,35.078125817599584,1,0.36386351801631284,0.08801829979735419,0.0
35.70927669662056,17,127.27874526367492,2,0.20286350146623905,0.08032127539384919,0.0
431.1910487088067,10,9.759650459081243,2,0.40010418791791796,0.08412373194785634,0.0
48.739270861663144,14,17.320496350243054,4,0.24565718462183214,0.41781926567130456,0.0
73.40669748042775,9,10.830187953020257,1,0.13558985210976257,0.3424196747901324,0.0
23.109880761541266,15,4.116735165831197,2,0.19536708041432826,0.15608347326141062,0.0
175.6766478784027,13,1.8221854108643067,6,0.12408820011851263,0.021770271057307247,0.0
54.92478167197781,16,22.038990608143855,2,0.23037297684821648,0.1917006927581144,0.0
107.73639597305166,18,69.42566439501134,5,0.15270526393299746,0.12030540134140794,0.0
111.66702989304618,18,2.6807283328513414,6,0.09053694254042106,0.17396551691673073,0.0
179.96315922317947,17,46.63546857231361,3,0.44475083562513523,0.14355356100626396,0.0
92.5583051955769,15,4.84450399623558,1,0.14823596134918898,0.31159121973539833,0.0
64.5687730986679,18,86.39500753113053,3,0.21985088677293885,0.14610157806527396,0.0
34.40190214023285,21,16.180104350564438,1,0.27076415372751683,0.16863272014488273,0.0
1.789755818757909,19,7.081990346135818,4,0.1693939307112914,0.3155586651631114,0.0
7.482419344988921,14,1.674956706128036,3,0.382508901396197,0.07861046068354219,0.0
175.2773078336564,8,10.324487682559099,2,0.41445045453329715,0.339590576854694,0.0
1.9591353016424253,11,40.86541846459623,4,0.15180819386198227,0.4849090049837951,0.0
81.22001930825343,8,14.917716944931122,3,0.2003227759067446,0.31503451942609423,0.0
28.22456092702232,10,4.383323169276049,1,0.34360560015864605,0.30140039418861314,0.0
15.269753515303648,13,34.67141244989213,3,0.19093815869939848,0.17404784257717743,0.0
39.19332895732509,13,40.56927794210444,6,0.07330907466551571,0.2284411957322232,0.0
5.716072600682582,9,0.20244383602041593,3,0.03077719109314517,0.10792186478641771,0.0
392.3054584454033,14,72.94354873747938,4,0.12991417497544758,0.13861172246796252,0.0
85.54511195065473,18,0.37259371024340227,6,0.012830304708614555,0.11857920643544684,0.0
202.91066414514114,18,28.194637150559096,2,0.07685797311910743,0.08936688600092334,0.0
88.87073739360551,18,4.898176595367968,2,0.12352001640799873,0.4118264409539765,0.0
34.228587447467326,20,20.713302783219802,1,0.11328757680979579,0.05261541816754498,0.0
25.412289199042565,12,10.039302812479304,3,0.06401169018614387,0.1298684112100325,0.0
24.119425063781613,15,16.541323397089748,1,0.3620862081276828,0.3658811965304951,0.0
60.649835803685576,19,11.269103521911088,2,0.10119487086328144,0.13249224697455597,0.0
64.3553133266359,21,18.97225263412783,0,0.19286598433881288,0.19532651602223416,0.0
6.812391991116494,17,28.59905425442467,3,0.38945944092680784,0.09464565389793657,0.0
63.001361935376366,10,5.712843739784292,2,0.20188561033227267,0.3164776022104285,0.0
35.05203509891443,13,64.0698227614766,2,0.08886821298003666,0.15730170112172356,0.0
33.538511873359184,17,6.792946459657628,4,0.4591298666502655,0.3184838483600199,0.0
6.61894401444396,16,10.150170545168482,5,0.2594225627484673,0.28850715165780155,0.0
107.02542207789324,17,9.724308395604956,0,0.08336283079385765,0.06110708582595894,0.0
172.57892544807837,23,1279.5447720695265,17,0.795427678844438,0.9352854281331889,1.0
177.95527261632228,10,4.283745442696296,1,0.17033617917534227,0.14200406928820947,0.0
6.154341241103708,10,20.88428086055055,1,0.40617810034122587,0.14861746344115273,0.0
44.30257289502145,20,13.150712681055818,3,0.206428113152141,0.04105613512533674,0.0
48.16487775480371,16,15.191413097635182,4,0.1076128648236198,0.29686537671466384,0.0
4.200381654961875,21,4.204435222563366,5,0.32740210465870967,0.27043965725958463,0.0
82.62586120755657,18,31.408632046131757,4,0.17728600078027523,0.24876756905719966,0.0
43.25702581944121,16,2.1509997485652126,3,0.2864482220160851,0.14794633209954797,0.0
188.56245669882037,20,12.136092522132628,1,0.026848392380249973,0.28076531657643583,0.0
96.63039727879104,19,15.57158998948902,0,0.2646688371098751,0.21941112563637072,0.0
182.55923957287737,16,14.119438169293792,6,0.20326338017057238,0.07284984281335552,0.0
126.59079121580943,20,52.11239044554722,3,0.2736666638584073,0.09661060693678629,0.0
12.734970755467776,20,15.261521618220568,3,0.1643385822993552,0.1331983837803402,0.0
87.82151081339778,21,33.47485480895053,5,0.13810567105938623,0.23165511005974868,0.0
26.099250622575006,20,2.1502300002847896,2,0.19875827241132507,0.15670244823838117,0.0
30.73257506358948,12,5.438411147591037,5,0.14542902977662564,0.07966675992117869,0.0
31.67266754426851,8,48.03944702671608,6,0.09755999999753338,0.23340110440746634,0.0
46.36485937990457,16,7.034018132598703,6,0.12304747376413085,0.05857373848436532,0.0
56.36848569246147,12,1.4141553757091452,1,0.22076028299065956,0.0787694646925958,0.0
13.598273011004762,18,29.2267372506551,2,0.06963070281191898,0.04832708526007757,0.0
5.756108858530387,21,19.88074885066341,3,0.1327686834351808,0.03936867990124762,0.0
24.696119813361243,9,21.96904922448102,0,0.06644138460137818,0.19634706892620607,0.0
38.210808939573425,20,2.9945889597092243,1,0.1949319953971218,0.27910005227861,0.0
7.068506389340545,13,20.09235436323585,2,0.24966642301924416,0.0813378195391655,0.0
30.11559857010964,15,20.156592028149735,1,0.15584443082613364,0.2976236210552281,0.0
25.62431015430196,8,9.966246471920257,2,0.04523538376201843,0.270683105611402,0.0
111.34479102618796,15,12.411158112724603,5,0.18498955364091366,0.15496434174323323,0.0
697.538729231538,3,2802.065461900356,13,0.7985464924149529,0.8590741407950157,1.0
74.32769351854796,16,100.37167205354835,5,0.1583695732418263,0.20199284179228882,0.0
29.25881183047956,16,27.166481637387605,2,0.314803771046498,0.05832684533847401,0.0
162.16159401526724,8,0.43957215701219293,1,0.023395137006208887,0.08952741561944526,0.0
63.74325186506517,12,37.034896641563144,0,0.12800090500342876,0.15374916064607064,0.0
104.9396419354249,13,8.541942476743497,1,0.16463817498796926,0.3050071667852448,0.0
77.97495452930627,19,37.62152484094084,4,0.24847562163119646,0.019169621932860634,0.0
5.143722402170124,10,8.356031123248176,3,0.15134690158996875,0.09090042389979922,0.0
9.554987398487537,10,0.37017243347119744,4,0.314093595854193,0.1421458596367158,0.0
131.1610126685958,18,1.4384141026790465,4,0.15043998436758088,0.14480867018049898,0.0
76.36245724141742,16,1.6454835639950962,3,0.6302260183132448,0.17864406459738072,0.0
1.9438289184684052,11,68.98342968390806,4,0.08013518097330535,0.3146364072519317,0.0
23.117742844909586,10,6.247207047643311,4,0.15079707371687512,0.4939730968176716,0.0
2.151242817945351,14,18.39528444836543,6,0.4008505102099598,0.19884424342332732,0.0
0.5521379537195814,20,43.590847058153344,2,0.0861317307938261,0.10698213540525861,0.0
104.99028504585124,8,1.5285796150845226,2,0.3425547770160193,0.17337133577760874,0.0
71.92408229428933,14,3.31104047721404,2,0.3733655278512816,0.468155996588751,0.0
128.24235590754878,12,5.865358601756027,0,0.14760496776488718,0.18514839967922092,0.0
158.90354105695022,14,28.99170732100424,1,0.32719287270691577,0.025698836661519467,0.0
233.45858405874307,13,1.1073392832345572,2,0.0667728521768718,0.12131809807199936,0.0
7.196791271704424,8,23.54538713761496,0,0.019582040690610862,0.39572797057112724,0.0
24.652811828706493,14,29.305036743887513,5,0.03646180703082812,0.09738974144254094,0.0
108.11145225508977,19,62.13004489600186,3,0.20053527640549398,0.12114748550323608,0.0
108.46785245268646,15,9.950165233873863,2,0.254955825964085,0.2265344721786725,0.0
34.19345071561722,18,0.16599289820913746,2,0.05380365611721258,0.06832501592924868,0.0
79.73973654411932,19,7.927638941152009,3,0.021381842295427857,0.11352210456152821,0.0
7.137075012040251,19,62.412328723594754,3,0.18633615841864012,0.09547496937733772,0.0
9.412472390245801,11,8.201832293578796,6,0.13115197873409817,0.2530736469908718,0.0
112.27467506560328,11,13.766183816729242,2,0.19438519564547627,0.11779393698654438,0.0
16.519638108691126,11,37.20963452832703,3,0.059716681964755394,0.024589446678957984,0.0
176.96639199544197,12,3.726346095881714,3,0.18178872195581078,0.1769285470085701,0.0
73.03540430207626,21,2.7128192244118847,1,0.06577100883557792,0.28509825882484474,0.0
15.573909960631225,17,24.58272132149991,3,0.27653072810273155,0.34529156657602694,0.0
162.36020305361836,19,22.657548932016148,2,0.10940469983328223,0.21430567502470643,0.0
13.567703353168415,16,37.25974874499834,1,0.16104729308637106,0.10338615716829766,0.0
12.076359849841669,14,7.98882514560829,2,0.09837637161041764,0.12754258053381343,0.0
119.45556061099425,19,3.5832685338398402,2,0.25068938867645446,0.4673688719275178,0.0
43.27073548729135,15,8.965355895780952,2,0.05768009339878226,0.17280941903873678,0.0
138.31845711853754,18,12.17121316305528,6,0.11152063942029082,0.1646420147255658,0.0
197.08079077070732,17,0.7613686235639614,7,0.12825782173834085,0.04420130290510434,0.0
139.8117901020251,18,13.729200287159145,1,0.26311192339753997,0.08952447271996565,0.0
179.61649819044166,15,4.223886348944291,2,0.26465599413257895,0.06071897002743524,0.0
50.93533702176615,13,17.80156465150629,3,0.30796043776966237,0.19866375404119868,0.0
2.062172351734133,8,2.282549470906701,3,0.29729122423200927,0.15173580327002018,0.0
38.96841429768175,9,48.498518831964915,1,0.31529219924446356,0.19728460503613754,0.0
78.19864671911728,13,61.18477134518872,3,0.4673526091733593,0.17386498246400126,0.0
6.0556659246601985,19,21.948468128625834,3,0.1314395409004216,0.11593209050054516,0.0
58.56098576204278,10,0.35989457055902174,6,0.5008446441338658,0.11556878823756699,0.0
29.720868549817855,12,44.253747066878766,5,0.3391078272438753,0.24932297873397694,0.0
138.8864795102169,8,10.785689079955054,0,0.04477644553057872,0.21192797869006466,0.0
27.772897268132528,16,69.63674558699375,3,0.2622802600158122,0.03651148245058853,0.0
14.895482486699143,11,27.36534960288305,3,0.0240586879702767,0.21809905567678917,0.0
63.45373463031436,16,38.230835995866514,3,0.16387766844764748,0.02947657026567432,0.0
71.94647309512146,14,30.844993716842204,2,0.1417227040683694,0.16601333739123342,0.0
20.548605442892107,10,42.352125505242675,2,0.31710124891913394,0.09101728756309913,0.0
14.74061889515193,14,2.5587290494406947,0,0.18380644318539,0.06324504419234588,0.0
27.96921753523021,10,14.350093352574035,2,0.295833827238574,0.035534588682965426,0.0
225.98368289268183,8,10.62036218367333,3,0.18594185568790764,0.1645095348332305,0.0
153.1398923893712,16,11.506907465617504,3,0.31586255294475,0.17903605841039674,0.0
148.81527099198473,20,11.523786201621359,3,0.24406160036699764,0.13704593903417484,0.0
6.289268275933586,14,44.04516098385922,6,0.21653593785149283,0.18320807237880932,0.0
15.78782518897183,21,4.298017560479779,2,0.12194961665888004,0.28384852527426,0.0
192.15232139189143,15,14.629791373781242,1,0.28175998059237306,0.17383424173598894,0.0
42.00148028431152,20,70.25670068524018,2,0.026259640916916155,0.079882015341487,0.0
6.081047060430977,21,12.304594940115583,3,0.05480885995188801,0.003037111833726016,0.0
70.46688518591532,17,16.451989015194503,1,0.10919962809951472,0.2770458766447872,0.0
47.878027833616976,18,0.8885749521017168,3,0.17427918222614822,0.10974829007927976,0.0
27.06618741694841,16,5.456286779978987,4,0.04030522005293682,0.2164283774287249,0.0
58.94736741566392,8,44.87731828222764,2,0.4296279012368905,0.22898935198130094,0.0
68.8124722113268,10,7.596085323177084,0,0.2670457336301217,0.04581193574125877,0.0
12.151851825650308,8,18.459760220540723,3,0.25473259941068827,0.1356854528799069,0.0
35.07993878483366,9,22.081862882068393,0,0.1712355393364929,0.3360088404952673,0.0
171.34613318677583,18,0.05343467827833219,4,0.15366639343713506,0.12489685157513498,0.0
20.891180641481434,17,0.9711739557512826,3,0.0693797327351224,0.1732512409513829,0.0
44.56461541988915,21,19.583156901109984,3,0.14093097551306966,0.11022791281147469,0.0
14.664090810806156,11,23.31000109191349,4,0.0033690039279870242,0.00649543786997503,0.0
24.012417456047544,15,17.29848410151734,3,0.1563902196487703,0.14072748453369321,0.0
181.5124211544706,20,29.94734894013886,2,0.0456800503774922,0.21172322224209958,0.0
51.05331077246076,16,19.077639680920736,3,0.1306534499897114,0.09862441507670813,0.0
163.5744144081949,20,0.9147421496685182,6,0.41327909261985457,0.13616601756543137,0.0
41.96039292031547,19,3.58606809343027,1,0.21411895753270688,0.09685126890526667,0.0
34.845441740903226,16,30.861986556125704,2,0.20161473678583372,0.22496559385409426,0.0
100.81442406971428,13,19.90983364579315,3,0.09869016245219019,0.40952060121948747,0.0
90.02674388018292,8,7.832071165644684,6,0.4403452295767823,0.2033156653644638,0.0
77.90156827159608,18,15.254451624637749,1,0.22142364732973036,0.1402706788460888,0.0
115.3803602986109,8,9.229382800430265,5,0.02472705906339233,0.04917771427812122,0.0
10.930986818312569,16,17.843243488921225,4,0.1569535110718168,0.2149608116679534,0.0
227.05017169863993,9,8.874636641601505,1,0.12927725892055425,0.12319973821817588,0.0
130.18276137995508,9,24.36713314647493,1,0.07029747866817583,0.026042871753719225,0.0
88.19034973077513,20,0.44811549100980586,0,0.1697465154014553,0.23260848912860588,0.0
184.41837591234355,13,33.905783499669404,2,0.11013775360606202,0.24801211727622285,0.0
50.593245691181885,12,23.336434131124967,4,0.334023053136648,0.12997670282317744,0.0
203.9548303415524,17,0.9509255275135082,2,0.16947960341698406,0.09932286784834843,0.0
25.093968950283507,17,2.35304419752972,4,0.22195724260417318,0.15629904981925127,0.0
62.23283541557937,19,16.413038486680314,2,0.15156066997358505,0.25499878287039485,0.0
60.34390837027701,18,17.423024191408192,3,0.4795325791453016,0.5061680581447517,0.0
22.170502622777455,12,4.1350919177231535,2,0.1315214213524201,0.07333151963784072,0.0
88.45635122081744,13,22.192633634575426,2,0.33781710236758816,0.10814386831796653,0.0
114.36141975230922,21,12.439540222963812,1,0.2777344868965364,0.09885230861315007,0.0
142.47426695696242,11,26.9186501745682,2,0.028985396394586336,0.40512856760513477,0.0
71.54870108591953,13,5.794898724070063,2,0.18097680940917935,0.3393943922138281,0.0
10.732793713593159,8,31.7632208465268,2,0.1396824634919471,0.14545975587190518,0.0
284.7199119385273,8,9.974928509688496,6,0.22329210777795813,0.30300849567526694,0.0
73.68887262536882,14,8.726461488040826,3,0.5369046411259787,0.11105745694404631,0.0
19.781458949394448,14,22.503505870862316,2,0.20209685171933964,0.07232713453268125,0.0
22.081516948023946,18,0.28759756664082436,2,0.2144858388522829,0.19337097804264033,0.0
32.578688327090795,19,6.3064428936210915,5,0.3542620220601311,0.19566628988008525,0.0
73.0163722075116,11,31.432243564204434,3,0.12943435501657308,0.043992315592592514,0.0
1.1072719087141185,11,15.503607807267649,3,0.2374347261608775,0.04439509881747284,0.0
12.307511598888041,19,10.761146075988474,4,0.041702446520920686,0.037602355164761285,0.0
147.67305659469076,16,9.145638598716,3,0.016927317495824608,0.07031699528984842,0.0
45.15241800781468,20,7.739189932547034,4,0.11516547677588215,0.13022421214631708,0.0
5.165325625865176,11,5.876936156788636,3,0.24364186344404892,0.18715951649493084,0.0
62.174390854419954,13,70.05885006930183,2,0.1199373626659769,0.12714836940558724,0.0
2.123676417173569,12,10.228369131464735,2,0.24247777024606817,0.2508918444903791,0.0
181.66011594847322,9,0.20798968289669,2,0.07278348096472977,0.27993489153221096,0.0
94.58267900351859,12,2.551371129504288,5,0.4220052889988914,0.20602834848260587,0.0
22.584547951611277,19,12.71543454885375,3,0.09734466215901806,0.35445979723071624,0.0
38.65882955273425,17,5.82296393369778,5,0.06797483632564488,0.13235916355863844,0.0
22.661093388629354,11,3.4074022936931363,2,0.2722697329341524,0.14195730487772018,0.0
51.43512116540194,17,10.476199365045494,3,0.20258264405712198,0.10702994692576176,0.0
176.58587810774137,13,6.000905896013204,2,0.36658529363625453,0.18441373263845529,0.0
21.868689356571764,12,24.194025887859812,4,0.3039067694340032,0.11224133643063634,0.0
56.88706199918524,12,28.930973421362154,8,0.14128838792684625,0.18973499402952046,0.0
7.1509711704359304,21,3.1338419173171665,4,0.30822598452682687,0.03339983192712894,0.0
318.1572588625617,8,19.18073321600683,3,0.12804991919211015,0.15920500678688654,0.0
13.159305610107271,16,20.224055395763607,1,0.38155725074994173,0.15642119044478608,0.0
253.74693756478285,9,1.132205117494792,5,0.2069229076310126,0.1101941224059487,0.0
50.441019556112714,9,46.90328710120791,5,0.08693630394433911,0.33871400285579284,0.0
31.821124930372125,14,3.8258555028905543,2,0.09864001192983846,0.1997122941492742,0.0
87.5033513990521,18,4.438328391343606,3,0.25166916828653274,0.279568805837067,0.0
137.49387890052935,10,19.41494598826224,1,0.14344877201630707,0.07772844031007929,0.0
6.724060114205603,10,36.37095294032971,2,0.22351542554599504,0.1424898747255661,0.0
58.74585440373042,11,95.19369894390391,6,0.22859436987237278,0.09392160268978277,0.0
74.74319620313318,17,10.462404196325132,7,0.20222198004463607,0.2645494755244603,0.0
43.34869164087138,9,115.19999655908293,3,0.10221657591141091,0.16999947227332213,0.0
54.271574186811094,17,28.46799859387325,3,0.30026589156662314,0.266582877168115,0.0
10.090660274956672,19,2.7063657406941646,5,0.13618599965251915,0.22106969548226157,0.0
75.26664061753918,20,13.803610149351922,3,0.026009359730442137,0.06583297650177491,0.0
97.1269581504684,17,9.964181001166843,3,0.19757087956884528,0.10074409143117753,0.0
29.14324401511857,13,24.908969253904104,3,0.26784225310335863,0.12039062633574994,0.0
170.91668992704444,21,20.919200927910566,6,0.025197429175587694,0.03759236173098099,0.0
170.7561721806556,15,37.41649813337642,3,0.13660851561323595,0.3161748726247437,0.0
46.64786727454431,18,0.34955645880013164,3,0.17423813056966875,0.0944337091279421,0.0
171.83380451300678,18,2.5011369022530294,3,0.19413152269984504,0.0746276604621558,0.0
70.93864435699507,20,6.919618959614723,1,0.439308263342675,0.06304716346596317,0.0
101.60951517831731,17,15.250863993756202,3,0.056544939002819164,0.03635325568156834,0.0
184.07359496070615,14,13.862034230370298,2,0.11402726892578775,0.1492335009535273,0.0
230.6524437080131,18,11.046717266330337,2,0.12288637816104298,0.14141338259177322,0.0
25.928632566811352,17,52.5003053190071,2,0.2743982116524069,0.252332931431049,0.0
55.1636086978747,17,31.675184486523236,1,0.20606522113036105,0.11464063508857038,0.0
32.662491237146696,17,10.510023589475487,2,0.08190074298939037,0.1265534595405424,0.0
273.207353844007,17,6.945701761308892,5,0.016776276641991474,0.14906317985778172,0.0
131.04707798972183,18,97.19758235312335,2,0.2574532721000935,0.12995186002390488,0.0
9.982333133920642,11,33.22783141405224,1,0.059051125075700525,0.08223070222326849,0.0
32.47262398695907,14,3.0280266018582145,4,0.4157856401322694,0.22615449872460175,0.0
134.96589722317077,9,5.005411431888942,5,0.23182481968271795,0.07630203283548816,0.0
66.60843101669263,14,25.403067511762263,2,0.07308534673939339,0.23129836212597993,0.0
174.37624648804416,9,1.4348642702282377,1,0.09692032185998323,0.23451412462263166,0.0
314.45057066237246,17,79.16820737737041,8,0.26485876108134443,0.10248546122748539,0.0
111.10051168043398,16,60.50018953054739,1,0.19609217198389597,0.15001827259199413,0.0
102.5409442452643,8,2.236524342656814,2,0.12166132366364393,0.1485029660877839,0.0
91.06661189011577,18,15.44673224604805,2,0.11739389088568139,0.4917347723775346,0.0
11.461604551832211,20,3.0345669212464053,2,0.07225521438759361,0.29747434312055,0.0
59.28644726272735,14,14.256488276104676,3,0.3997828764673491,0.28386191234219843,0.0
2.325673734368568,18,28.718809032380264,2,0.13931621067282193,0.11091209195813163,0.0
9.379510807902188,12,28.44994498152078,4,0.16705455395190552,0.08884690975026702,0.0
309.4593933275913,19,13.206300025478516,4,0.24438362458774707,0.08424020441916093,0.0
59.47298800901621,14,24.3420677624975,3,0.18724485631005572,0.0688264931275103,0.0
153.3909613743535,10,16.56815420621825,6,0.2369325858721382,0.23783678213096685,0.0
19.54322613508315,21,30.86568325487317,4,0.34102497243289154,0.19166907424393467,0.0
1.1588689097631475,9,12.577582895156862,2,0.33824181884040483,0.019949661607389774,0.0
5.394207025528841,15,4.096436273505745,5,0.25723094203085844,0.1779353318572189,0.0
119.2022846672734,9,4.936953831629522,2,0.05289962106375005,0.04099140108817955,0.0
142.04856569134384,8,1.3757106498598595,3,0.5642262710140321,0.0910535911769197,0.0
88.93895868019514,20,30.582767642449763,0,0.09244348446728885,0.12759010092068548,0.0
62.74002404939071,8,29.238190905126924,4,0.3044516506236003,0.07634216299504396,0.0
31.673785774103887,8,25.201627514564354,3,0.04686262674240589,0.018062218581310845,0.0
40.60053007961565,9,16.141566037749243,2,0.2866258374226077,0.07375223385876516,0.0
68.85279430116553,21,14.741505785655919,1,0.20391203502598776,0.0443188472474036,0.0
40.05212519166871,11,20.120444678712516,2,0.254547507025459,0.040927965702122725,0.0
9.897022360795436,11,4.180388339450495,4,0.04637562762705737,0.09596040507516344,0.0
50.788490970391535,18,58.022070285861815,2,0.1873464922394146,0.6202790339460627,0.0
24.273018508510656,18,21.56565733795572,1,0.040158053742179865,0.14543208142084435,0.0
30.858834093160663,12,48.939434906863966,2,0.21340734796976324,0.08280069678116524,0.0
106.26348630115203,11,16.200800092002854,2,0.44758833772035517,0.18474763360853,0.0
70.93692904029099,8,12.570451437767002,4,0.27318491516425525,0.12515621822278897,0.0
99.5874785388227,10,22.826463202321328,3,0.11743728662978822,0.07003260575287358,0.0
126.95541143330802,18,1.5447831055090822,4,0.1244204814517383,0.0031024091872098565,0.0
40.01134345504571,15,19.243262053259503,2,0.1928139871224341,0.33787623257557853,0.0
2.088596138949855,13,7.334510872853568,5,0.23116318843963624,0.06251021209209681,0.0
252.9082855818979,13,54.75066036243159,3,0.053354368043061054,0.09547935206988825,0.0
36.673304576561605,19,18.782434982406993,1,0.21169343192769885,0.07272507174254772,0.0
65.75859903091043,12,25.044501815701146,0,0.23170467532622016,0.2840404425334295,0.0
108.65745489878684,15,4.072933986192594,4,0.37922307513142195,0.2506310108929346,0.0
82.60445068509671,19,5.567007198124026,3,0.4990086258177886,0.02159741264737642,0.0
17.714762388081695,17,19.602342233990527,1,0.3470482825102474,0.21918465029894627,0.0
66.61723711547181,21,54.438915711073015,3,0.29015499902081543,0.17692540483326305,0.0
234.18088935553203,20,56.58612544425266,4,0.32874579553621935,0.033062250039026776,0.0
98.50000493636722,12,2.1068824821495187,2,0.227490585716149,0.06616463243704279,0.0
124.32591971788781,16,32.269871980158584,8,0.25630661773288754,0.34923205691604786,0.0
210.5801205139365,20,26.14419995972927,1,0.35713351491957884,0.11078395371821059,0.0
65.09895936481823,13,96.3001958696396,2,0.34651471225100583,0.22009504818645947,0.0
70.32495458301347,13,69.78275717315438,1,0.3066273850675334,0.22277872986057853,0.0
39.66261320521642,9,5.095418573364925,1,0.39739795485817303,0.10925794127778983,0.0
104.44532618842265,15,12.279584649782374,4,0.3543354572967548,0.09946793584322289,0.0
44.300529540688586,19,79.40490574702656,2,0.19382598044529178,0.12320609167109114,0.0
127.76678034638742,17,7.12577136385553,5,0.1434415806164363,0.2201253346927756,0.0
150.16910488260746,20,25.214647585712513,6,0.13949317197570504,0.2467580972288848,0.0
214.5378819178991,21,6.088707543324383,0,0.19511442981654023,0.10597647405229525,0.0
104.3854244818022,21,5.5769280042098135,2,0.12137725236343032,0.26492313469371537,0.0
18.77534465992192,12,19.518021254874935,4,0.617878023796238,0.1638077108764598,0.0
11.063707545047093,11,7.516456608516181,4,0.1679542531673977,0.18682283342857847,0.0
121.61234328985279,20,9.841909386203756,2,0.45489910603608713,0.13725974917661307,0.0
24.232647418615223,8,47.31300098252709,5,0.182774313640814,0.08438351152781229,0.0
89.88812357154447,12,11.481624094112519,2,0.224661286469893,0.198271442248458,0.0
168.71291483522867,12,6.918707957007006,2,0.2891477826808365,0.4488645697370455,0.0
14.013189996343522,12,15.007364972097115,4,0.2569800332124035,0.27122536670109615,0.0
122.50925188666669,19,7.617806632348306,2,0.23819697754764313,0.10388188287474348,0.0
70.50779022458326,9,24.825737334020218,4,0.07125136927413064,0.21583078339241027,0.0
86.87954135164364,11,1.87772580822,2,0.10902810610172455,0.0849646092255209,0.0
126.05815492541939,13,12.389399632518359,5,0.33884060758444223,0.1017747141647038,0.0
103.35372539910963,17,21.800885505572634,2,0.5005856326912306,0.06254824896673827,0.0
0.9783155487175446,12,13.522154146486141,3,0.1854313503524307,0.23245610170462025,0.0
1.367433604677376,19,37.6118950196906,4,0.0969412025083035,0.36258899968227293,0.0
77.50652855482275,11,21.923267669720502,2,0.30629639355375166,0.09167053562563422,0.0
3.270686300879918,19,1.4159102952289042,4,0.29326059402156557,0.12296097236774768,0.0
45.09417525484739,15,32.43626497382531,5,0.41719010394258954,0.07506817576438259,0.0
41.77854096492011,19,11.463797961916566,3,0.3907813463572044,0.11664947351311156,0.0
2.0417622921914176,18,14.40601074352948,3,0.1078489794013092,0.22751593496085315,0.0
114.45358993012161,13,7.156545326013562,0,0.14174868136034594,0.2076415806326132,0.0
17.90397399133089,18,86.98323539935055,2,0.2104099027551156,0.05685466980416276,0.0
296.2159885277975,18,88.41588311702738,2,0.09413486996002958,0.06745585767686657,0.0
127.38180311453115,12,2.4330796027788533,2,0.28859917220697684,0.20462349130834578,0.0
248.88820237295053,18,14.340864504879349,2,0.13123434717826943,0.11910140989266695,0.0
45.35944244762543,12,0.6938103155536635,1,0.13989883157311084,0.06408584552929762,0.0
50.2351740803606,16,44.850232360223615,3,0.23872190256125916,0.21271970749203817,0.0
62.90823090819284,13,10.11384059761625,5,0.15657798045463095,0.11642485516254074,0.0
433.5286023590145,12,30.799893222740682,3,0.24180347462521712,0.04788639965417087,0.0
158.07573913597562,13,3.4725555271108894,2,0.2708222697494331,0.23295465604341956,0.0
134.7259862445203,17,9.641580264277332,0,0.11209342250372617,0.1711028073967522,0.0
30.472923583656826,13,54.37307157255912,5,0.2668093782390264,0.08630893927256596,0.0
32.95268638899459,15,38.58468594657601,3,0.10825962386377412,0.2795737447250629,0.0
80.29578655476291,19,2.156697512417126,0,0.14790049003670178,0.38040376206778037,0.0
40.62224758837425,11,3.2155248420716465,1,0.30097544092219825,0.20085226419977723,0.0
26.64609397301691,8,0.6692231039297551,1,0.1715183450715209,0.23322891348609756,0.0
75.39718087636099,11,6.888841036484018,2,0.018836172473084407,0.10926746788737081,0.0
94.65057904292591,19,41.09361212715436,3,0.15989162185140865,0.1367737317637688,0.0
92.34636669190525,10,28.35445763090126,3,0.2686158186823293,0.2797917800200269,0.0
72.35484912802177,11,0.5746646278479216,7,0.1226944515596345,0.2358466994550127,0.0
251.01062287682595,14,5.926224399384649,3,0.24020386442454741,0.2935819728202144,0.0
30.022895878727137,20,5.812395682537879,3,0.03194327576480294,0.22648137793547155,0.0
80.88710366238836,19,15.183846536496509,3,0.07690500000659288,0.2090536739886349,0.0
85.54059076136822,13,25.34871142295515,8,0.36000810727750954,0.061365542320808625,0.0
88.2301422723676,10,2.967562783911441,0,0.16334388070498515,0.23374109805840348,0.0
54.28040874983634,17,7.289326247693943,0,0.07747684046043142,0.3120371595378457,0.0
138.9806353953561,10,15.865125797304906,2,0.08383095523373024,0.05708809178268362,0.0
264.5298788009944,20,70.50293535221506,4,0.12526339238414352,0.2253294828552802,0.0
28.81635808597903,16,0.3460094920661796,3,0.43953363201434625,0.10628220468372344,0.0
134.4417848807049,21,0.9306115504880248,3,0.20002535955028342,0.03150438772977177,0.0
25.019443871966587,13,36.01946589700311,3,0.05726024269347334,0.06942802198542518,0.0
72.0061084008051,18,2.7996024342523906,2,0.2509172258724814,0.17978662472992826,0.0
16.39191561365592,8,38.36623458313746,6,0.2813864984963157,0.21501105964253675,0.0
42.46062508043022,20,35.73528344878848,4,0.2496308248273744,0.2374103562900321,0.0
10.987169606815947,19,6.430827437035122,5,0.16490761439731244,0.011637023865399942,0.0
103.76632417317465,14,66.20024778757954,1,0.047763956411063575,0.11606844713145446,0.0
16.033690531331185,18,32.28983756441421,1,0.10580953752862944,0.07446144293298473,0.0
86.37603280268102,11,60.12958614318994,0,0.05657611295356425,0.1788559148011,0.0
35.07105313325392,18,6.395859861528575,3,0.48492408578824187,0.08631082404939525,0.0
202.82859669626131,20,65.22876383755296,8,0.3476095996004183,0.028597740393212643,0.0
276.59292238028434,9,4.903888748221107,6,0.2011838613745921,0.1933069258764328,0.0
111.77763133008513,18,14.34954037291314,1,0.1305375084729379,0.3947073600115583,0.0
297.92822475472747,19,29.435428769013402,1,0.10912091497737388,0.16950258253962014,0.0
10.62272497217811,17,1.7759649939003186,3,0.15616023243947197,0.21783650003819302,0.0
76.03232156730982,14,53.44347388641188,1,0.07173521809061952,0.06332008854282505,0.0
33.98403409704851,15,39.73787206332632,4,0.6115596069345824,0.12252659878054789,0.0
342.7092460442031,13,2.904748355304088,6,0.15319535563827774,0.061902824776175855,0.0
44.479752134696696,19,5.941336596343007,2,0.17756685019701607,0.2250262666354723,0.0
112.53345766584444,20,11.989761376335151,4,0.2725928687940268,0.15883288376096927,0.0
280.04883635395197,20,24.44881575645738,4,0.29517805778490847,0.10423282763108309,0.0
24.201841993529314,17,31.35521038253126,1,0.031550871092436004,0.20835655865475358,0.0
37.1118546378072,14,17.268682422789354,1,0.17086411714466873,0.04367360305033709,0.0
19.831170357761838,11,32.696273322120966,1,0.24094668513961748,0.22990046075307294,0.0
98.76727995517484,21,28.331980752402632,4,0.15596698934252087,0.04151888128379139,0.0
91.27966565897923,12,3.197421103979165,3,0.25048057920570493,0.3519591045857875,0.0
144.3779606197605,11,4.040463265211943,7,0.13300340102866318,0.24872719517946615,0.0
40.407855480222345,21,2.1965753195110427,3,0.34147200463787897,0.1635516011022325,0.0
69.8145383275971,13,49.10457922512886,5,0.38422459474705545,0.07451852318381808,0.0
67.01910980545175,13,1.1456515711632,5,0.12456161429440589,0.11098073332933533,0.0
469.7482767968746,17,3.8461291367631683,3,0.11434932967813284,0.06401041848211217,0.0
121.84613136202246,14,14.755495851553013,2,0.09587551677721246,0.1890665697214789,0.0
117.20026781824131,13,9.65105872953843,2,0.0554461283265379,0.17359629986378408,0.0
196.65676486170412,17,13.71941671170509,2,0.06486659418572782,0.024398289049423785,0.0
26.317528734927254,12,22.524516452575156,4,0.41910041100679707,0.014412368076820859,0.0
87.53709112127751,19,10.863111451167256,5,0.19340430793481056,0.02832267943261111,0.0
13.815534036902319,17,97.18039471382495,1,0.2784785772797783,0.12017240269691849,0.0
275.5262496423369,19,47.30995465587313,6,0.014850803033532681,0.38464868047332573,0.0
97.62742112958385,8,5.039821484261933,3,0.2251312136413763,0.3246431008112067,0.0
12.249482724866812,10,19.508763563465163,2,0.09324961861286653,0.1378515114596092,0.0
116.97576882713801,10,35.687107277797615,3,0.3395928202359969,0.14180109139639333,0.0
35.73221340518464,10,0.08707061322820844,3,0.1696117878676135,0.03707600414519704,0.0
56.65562442476776,17,2.2133254699683915,0,0.37164634966265825,0.16060084875006747,0.0
6.980200121921673,10,5.858259252550847,5,0.18786991658800348,0.07935654715766138,0.0
202.80138237647418,9,29.059092078474325,3,0.5168393501514377,0.03506131010042864,0.0
243.29484088884112,13,17.307878140496577,0,0.3310331859278802,0.12641386963509954,0.0
94.9831845691578,10,18.519114010593974,4,0.23133580443994511,0.0872086969106924,0.0
37.104287260503554,15,1.2348407356707867,1,0.23249695153622288,0.2165367653071117,0.0
28.63443680632374,17,21.686992990535956,3,0.20109270284655748,0.0795780740850777,0.0
53.772332715198054,16,42.66434995377431,3,0.44917395376859537,0.05902751564813343,0.0
317.88008825561917,15,4.672990654391293,4,0.12295938477360381,0.18861859182949253,0.0
268.25411115325534,21,0.03171802686720171,3,0.31881860546812013,0.0849007064201118,0.0
38.49353246634606,8,63.663228313218674,2,0.4134642124447088,0.13483708079135218,0.0
68.17686366757302,12,1.7930474286445803,6,0.01606374493458797,0.0583825094506173,0.0
4.914899362299725,13,14.81245302212281,2,0.42024489641266966,0.3025393489816876,0.0
349.52035828447123,17,13.05856359381094,3,0.38814921077393366,0.11436053423293148,0.0
213.61103395194613,10,10.749358429192133,1,0.1497213088148576,0.15445821033225446,0.0
37.903350278747475,8,7.838866428755928,1,0.41484610470872646,0.12604389708366445,0.0
67.03366657239548,8,11.503131950833083,4,0.44218113997010877,0.200875534077161,0.0
11.285250376212835,11,56.8201545347532,5,0.0753900799924468,0.1581634982797024,0.0
214.75497952437598,9,29.92416485845897,1,0.033529983375678786,0.04648579042487457,0.0
51.39049133172749,16,46.723070704259484,4,0.0542462589700466,0.07420053561222792,0.0
294.1263403700337,8,43.53431476468092,0,0.310015780075587,0.032507472755180344,0.0
20.31848243553688,20,10.803300931901349,5,0.06812417975648559,0.015117475664760656,0.0
137.7182248692053,21,11.21857996524296,5,0.07632935542186,0.1425981733358933,0.0
72.52346248804128,19,12.690342710920259,1,0.22937451367800749,0.21015830377837216,0.0
33.47251230162104,14,27.1285382950457,5,0.025814405698716916,0.25434870058021053,0.0
9.896305983732974,18,1.5172995949267307,2,0.06447862846719209,0.21778713120333934,0.0
86.73760880472318,16,4.177123324878238,4,0.1916389556777154,0.1562490565419242,0.0
18.536195260164007,15,20.7528093047692,6,0.2027851589053496,0.09538791435281102,0.0
30.19105204891172,17,1.0263346704355898,2,0.08785349431816632,0.175120901084667,0.0
14.715193193852635,20,8.03329660981498,0,0.13994506633773224,0.04841285148133228,0.0
20.522835527925377,16,32.038775381258944,3,0.2259689688881062,0.32251262965765237,0.0
158.51414275799698,12,19.366878539767324,5,0.2103773583540311,0.25111793826067713,0.0
258.77394838870305,15,13.812222584842708,3,0.13024195360917595,0.11483976840639692,0.0
66.05620637473048,15,26.233901487432817,1,0.1574403409714257,0.1325365491108345,0.0
17.898949736356013,13,27.222568224167322,7,0.09043939937261836,0.1788757554215219,0.0
97.70013710547909,16,28.28429938929188,3,0.08406453181161506,0.18319372874469583,0.0
323.0913732812736,17,68.75454150302326,4,0.2833001673912727,0.1690617297795632,0.0
51.838626571065625,8,31.187091867186933,5,0.17337491837157637,0.09861953367498498,0.0
30.13001735802394,20,69.11176783882624,6,0.12754117547326319,0.16203188699148113,0.0
18.014381845361836,14,9.505112535284841,3,0.21851823612957766,0.34499385488941026,0.0
240.63596320831917,13,61.75559253814125,3,0.41483174048747173,0.2554684757133164,0.0
180.56771680472048,13,10.15693344230028,3,0.13091007420436412,0.0528846878338211,0.0
83.41063411262013,19,52.29303033448304,1,0.13422291444506976,0.1764672792468208,0.0
201.91403809224335,15,13.209420832960046,0,0.11218554648393277,0.11893023876018273,0.0
65.80186567461223,12,35.56142917166495,2,0.4427319148280288,0.046018611377455054,0.0
25.34053403429614,20,7.288685999799354,4,0.10554269439641599,0.4014060541056551,0.0
5.041826204813073,18,28.40137639348781,2,0.1330860668123488,0.22562844317244504,0.0
80.27953524164248,20,93.58184362003583,2,0.32166786449666346,0.2661200506504962,0.0
31.87890676403118,17,19.70524202316745,1,0.02597846877252261,0.37860932212022624,0.0
90.16743219569287,15,54.52539801999364,2,0.17221507868319277,0.04046843349522914,0.0
93.69590067746063,20,30.812488703508365,2,0.13729819174976604,0.09578003472293,0.0
99.7453091480013,23,14.075574651913191,10,0.611800574430667,0.7824227419630282,1.0
80.05997638681009,18,43.50936156604626,3,0.18336217797740875,0.14981727651930044,0.0
61.9649888456739,16,5.096555843854212,0,0.1843711720651183,0.23132686116657747,0.0
169.14222303179858,17,7.904535874087788,3,0.20605424278335369,0.06746143939545679,0.0
49.879447821685034,21,22.870928614035147,6,0.19055777823711215,0.3844071996379251,0.0
32.62610524410475,10,17.71960189516076,4,0.11602846152571727,0.16720756999812367,0.0
6.466383725946026,20,10.862661455541723,3,0.10768220000413048,0.2349674888218209,0.0
40.55789940132489,9,15.465319354835003,3,0.444473034843667,0.17405374001681304,0.0
86.76940067293458,18,21.064690697413624,5,0.5534402230769696,0.007091129698083388,0.0
4.138567976278382,16,117.5949421165777,2,0.20775911386880788,0.2001191650327348,0.0
46.44855452360524,12,19.6281648733749,3,0.08381306958429134,0.07533047385207281,0.0
5.123958839092564,18,10.822868125083126,2,0.050289453875468834,0.11142069926357669,0.0
21.826329604767544,18,26.911339440702303,1,0.3023661053816183,0.11801124224518933,0.0
306.63767681228194,8,44.376398552876495,3,0.4749718356629628,0.1622709349433284,0.0
17.517540560576876,17,27.2839824957021,7,0.09516433645803501,0.06990364286084938,0.0
263.247686382632,21,7.037184358921595,5,0.07089361428760095,0.10734289417548597,0.0
67.88979626145507,19,6.728064467761861,0,0.12386502995224774,0.11079039385281772,0.0
78.22336552522994,16,5.882140460457807,2,0.016622935752691918,0.032480330941210486,0.0
249.73780385127796,15,63.46027289919292,2,0.19084452829234191,0.06014559353189507,0.0
87.1381798397865,19,8.077699255672186,2,0.11167551720868245,0.15360445644154413,0.0
133.68218968557397,10,2.1874570770712496,5,0.46286531368377354,0.14598831112537522,0.0
53.408011243859946,16,1.1678413294499197,2,0.1803994627230951,0.04421719785506335,0.0
110.89090041727992,10,39.227172047359005,3,0.20727021364531065,0.370938225437671,0.0
6.90886910712317,21,15.696413394346369,3,0.02714890119026386,0.03663475491844665,0.0
18.351472826318464,9,29.920117668562884,4,0.20931358388338048,0.4302929293847455,0.0
56.16792098011664,17,85.01253305187859,3,0.6569132367997477,0.20418077445396116,0.0
3.3265161533833942,17,0.21459290334044395,4,0.32227967184747475,0.3014311074276275,0.0
37.18206594443912,14,17.063991230681154,8,0.31440782905751374,0.12046047008926916,0.0
1.2411698771531978,17,11.686195653221077,4,0.15648661989750234,0.4631645395356634,0.0
351.5251113213203,13,83.5254611228431,7,0.08905426615970032,0.2431352838574747,0.0
207.48668459802045,18,39.83543227679141,3,0.09936927307110088,0.04394922930678418,0.0
55.27527561279488,14,20.408711847801886,5,0.243513999259493,0.13771198324168019,0.0
34.16430091883633,17,90.53748750769996,4,0.03433170307839827,0.08947866861715148,0.0
37.64252970242914,21,10.583918915616202,5,0.025833929827512373,0.06285845286558306,0.0
13.045975748486306,19,5.9361646159663035,1,0.1068142333120513,0.14725338555608503,0.0
9.80909254348855,20,67.62465685387723,2,0.05370365156125352,0.12185082232813156,0.0
11.815064865752563,16,6.365417832143535,2,0.3918915245919044,0.14013001893017238,0.0
113.0937398253213,12,25.875838529292878,2,0.18983354267612593,0.028198370876128854,0.0
142.99515631221146,10,4.691291526669271,6,0.03970351723864274,0.07680849953328085,0.0
129.1314055765077,10,14.012813548509506,0,0.16451896107042324,0.4252152201448547,0.0
21.39293501724445,9,37.10509972564395,1,0.28020114085705566,0.0890270755539005,0.0
126.4721813739335,15,0.428400514650917,4,0.04020012630161066,0.05099869863723379,0.0
79.82339677527412,19,25.691329730005155,2,0.15158638094352686,0.01756017627819294,0.0
131.63460280996793,12,8.997603267363584,6,0.04499028197473868,0.11150800104975857,0.0
5.59987725181866,8,21.912758503279846,0,0.36920768702694945,0.36298048376320824,0.0
241.9687725945944,14,25.649298888318526,2,0.4162197331366393,0.14182362098287796,0.0
62.26046674392804,9,18.508249166895304,0,0.19622360308610973,0.1010815955912952,0.0
22.84155411869446,20,29.97501282176795,3,0.1271368485783807,0.06057929440940133,0.0
0.018165119626677884,14,38.36711893409256,5,0.10065393796301382,0.16188455906347216,0.0
44.617510628476886,17,42.228259440327854,3,0.15837522864384806,0.1257145043062397,0.0
95.29930758830773,8,29.63357559368115,2,0.0035845796275316066,0.0832654038902428,0.0
77.91647779135849,16,26.444639466903293,6,0.4974675006737816,0.17684492545629285,0.0
290.09526893765417,13,30.616074893238633,5,0.3339158640915888,0.149951340231098,0.0
94.98265207819792,21,20.0313109731627,2,0.2266103377190397,0.16131189990819497,0.0
278.73626998145573,15,6.506727323221809,3,0.22156109096698892,0.11246090190856207,0.0
87.84012941968521,21,29.5650734499866,1,0.02568769922815109,0.5176433897467876,0.0
0.44168095498478177,19,4.969213653580345,1,0.03854356984739985,0.10447942298984036,0.0
49.1669573896558,15,13.654206309623675,4,0.03477508820361038,0.14713095058430356,0.0
66.9644084741242,9,54.15411931166272,3,0.293163081254781,0.07195269129567892,0.0
31.363965302738745,11,33.919055166235566,2,0.15573600519995506,0.1874912868071145,0.0
13.61342186804343,20,1.9780659078312635,3,0.38760870091697264,0.0384184080443566,0.0
116.14642080386176,17,1.6248924578536492,6,0.2513303555519399,0.1498148207383379,0.0
103.16195776880684,9,27.924632657508646,1,0.14095427710345448,0.07421477715979047,0.0
77.47191736485436,9,32.49164324359401,4,0.04677375424035648,0.26157782950469755,0.0
35.52547295013228,9,34.89388009771266,2,0.3793970168619588,0.31547831759158035,0.0
215.92146892376945,20,10.425908021384647,4,0.16949277055153433,0.12618506001819862,0.0
7.493091091280556,9,0.7551172003188338,3,0.14638907711832153,0.2522805794939672,0.0
387.8610612288188,9,14.398685113089371,5,0.146946477795968,0.25391983520639494,0.0
230.67710298563316,21,20.890821479321215,5,0.13448181888249713,0.1687573802572421,0.0
65.94882564823044,20,49.98354126715954,0,0.45457989799014287,0.1876151287441365,0.0
98.57962567274487,20,16.41164848497323,6,0.10740617019200888,0.13947215505354293,0.0
114.50599042404596,12,0.881708529086671,5,0.08881445810415277,0.33051667406031593,0.0
130.2375152592445,10,14.122880579048518,3,0.2904123726414407,0.04926768852547822,0.0
49.692884791968204,16,0.9472456560351652,1,0.20842481119903303,0.18244131860470802,0.0
6.484355910982598,14,34.444233474025935,1,0.27957491353493535,0.19360793874861457,0.0
26.39704937689992,12,16.324418795353246,7,0.10698930711662197,0.337170520027354,0.0
20.35059789621803,16,31.582373703105816,2,0.05765195504113025,0.38313787848478,0.0
62.00799215729376,20,10.730177891305427,3,0.2309130212290655,0.12426209505528053,0.0
33.55592428132471,13,10.727809548460323,2,0.019690771940859397,0.22039799089521972,0.0
37.57788379458441,16,21.099570970989827,5,0.2532641603191667,0.08828335662695778,0.0
47.45145968668407,15,24.36542919223708,1,0.14365493929585516,0.14899187521829538,0.0
40.3346144819829,21,14.655636312381633,3,0.06299195134758835,0.04822475365131578,0.0
20.57457023015312,9,10.336520831894504,0,0.04562113611788331,0.15428809750377917,0.0
7.934275144712053,8,36.53838780317967,4,0.3692211579924946,0.06117081456136127,0.0
94.91590557672971,10,42.686321289722684,0,0.1415425134175677,0.2753276613206072,0.0
100.69466078824364,9,7.554514925546308,7,0.0980821374981549,0.051488606874311324,0.0
13.569989636987703,15,12.395154056872471,4,0.32409081312325905,0.22226188104281427,0.0
52.78313534947041,17,27.896439420901334,4,0.09309734672680575,0.03323919432869173,0.0
105.56071173594164,13,20.18222514786458,1,0.5026639838407901,0.09677492243847287,0.0
51.13542862085946,12,6.700348881415714,5,0.4619345797322125,0.14446614761799434,0.0
18.17444423267091,13,5.765468992378622,2,0.216667738719506,0.21941546511460058,0.0
86.7241602706421,11,18.97630802410223,3,0.2709805001528155,0.2585488031788945,0.0
421.75455813893325,15,7.050705318348679,3,0.2794554532792828,0.16269681471119474,0.0
152.08045748332853,11,8.686625755604052,3,0.23878998856056283,0.020514371015775513,0.0
56.71043435959752,16,4.144227714537491,3,0.1300051537354623,0.3008977444092655,0.0
158.65125149474454,8,18.15940347833979,3,0.135237328016332,0.31409943558358394,0.0
9.916641645512183,16,16.271011084097726,3,0.16805188294413023,0.3481850173978278,0.0
86.75631131179485,11,23.054741921503652,3,0.30945002363152135,0.2269195639660118,0.0
8.734679770113928,12,37.113452554559856,3,0.0611971982015293,0.24174874624350715,0.0
182.66518854493043,19,8.169262176260712,2,0.37644712982090023,0.1771671894619222,0.0
49.026731718596395,11,11.041485547185282,6,0.20665438969598177,0.6282338185587653,0.0
63.27441020846428,18,56.995437636955664,3,0.2801327200964353,0.20495029465225717,0.0
142.7672237609779,12,18.727710873905593,7,0.34484194837943116,0.35817775099003113,0.0
220.95373180103752,19,45.81616917268876,2,0.3035234330032362,0.1890673860446454,0.0
298.4222067628676,19,12.717875183410854,0,0.13847769186965211,0.31271951674895687,0.0
75.35082410585589,13,20.385566753500974,8,0.12780735449303687,0.010365325379503389,0.0
66.07740296281789,18,27.21950477138492,4,0.1962898090656006,0.4279328839116968,0.0
33.626081295284635,21,15.397249931128432,5,0.06793680289549277,0.2837045199526284,0.0
33.357510452175994,15,3.496215878683241,3,0.10293658965540478,0.06680823291978623,0.0
19.660931787966053,20,48.05193577037486,2,0.21035948324910023,0.11488247647060808,0.0
140.59157441024655,17,13.273916456796076,2,0.06920473110579904,0.1532788169685099,0.0
145.77520371758857,15,2.243796057451245,0,0.07383381263873508,0.08595437251419664,0.0
11.991140600171581,9,43.819077122933756,1,0.11944912090398177,0.09035286314756924,0.0
45.261538137498476,19,5.159357663645111,4,0.07930712421388862,0.13124723827438944,0.0
22.732195566491722,19,11.01167025778773,3,0.16563087502738155,0.029553501469687573,0.0
113.27769789793388,14,12.418886176533306,2,0.19369214403200033,0.029231869744008813,0.0
3.9657052632121492,18,63.44327426587736,1,0.2254681365928047,0.07059198065479774,0.0
16.42887869421513,10,4.589649332541213,1,0.21678913835098934,0.08949754497614099,0.0
16.032101961322546,10,22.60864634204388,4,0.17715933135074086,0.21466040375253148,0.0
3.277331989033989,10,43.5756340717537,4,0.07585353933187237,0.03948061768005077,0.0
162.1608501223202,12,14.791940218833448,2,0.0420654550030888,0.12167109461462797,0.0
12.331414536817736,8,10.747986908378333,3,0.012922945824947041,0.25045600680643515,0.0
339.5229586092208,18,5.187635304709207,3,0.162731417974803,0.235989820482631,0.0
4.258206723697819,16,0.4524091768283855,3,0.2303152302783929,0.06905632751497182,0.0
204.86411588929062,15,51.181352549529876,2,0.10951793634348521,0.03304598390118285,0.0
116.03992588097123,14,20.411765398433634,3,0.282533554371132,0.25438318151381845,0.0
438.42724500683727,1,809.5540232194409,17,0.8465648617168103,0.9446932269318851,1.0
23.585813677618347,9,14.871367804311626,4,0.16492767196000124,0.615744919415111,0.0
253.20747235174053,9,6.931826150928623,4,0.16668272846786072,0.18236637625579966,0.0
105.66189460545084,13,14.297197260867172,1,0.36787523534114097,0.09056136767707446,0.0
34.24820915400894,19,13.770675157478305,2,0.1037863651487984,0.20209871113572228,0.0
28.01508522429003,21,0.8041423238168461,2,0.10405644846767374,0.4273792458599088,0.0
123.44640854489896,16,1.6601518589412994,2,0.21128256218242153,0.19532000056567797,0.0
157.70759775038667,19,1.4593317228594074,2,0.3111195953325622,0.27786322275792125,0.0
184.97924110489436,19,12.706433814977046,1,0.4620724729552135,0.2551295942909531,0.0
58.38623202807022,14,0.631085960706312,2,0.20519106402750875,0.14351145389494416,0.0
70.70687315036662,3,277.0076942237028,16,0.646107663113712,0.7015623328729439,1.0
2.041296076351286,17,5.996151404570014,1,0.05768211516937681,0.3842672802067934,0.0
32.54655023504803,14,14.366828897629425,0,0.0977028575623601,0.2100028752593037,0.0
129.7960487540517,13,59.08035829614016,2,0.18706118744670167,0.17991615440006753,0.0
7.818091237995258,18,1.9703876685818016,4,0.2813625762203556,0.23737144202647034,0.0
71.79904612704598,20,1.270656329361789,1,0.11611624802773807,0.07048478027262188,0.0
52.4897102422822,8,29.10905103943941,1,0.11299983438941098,0.05672630740701672,0.0
5.649817611701026,9,4.511383864674082,6,0.04210167829118066,0.3558337444406729,0.0
18.487376507607728,10,23.964625936108746,1,0.27236791750548767,0.12488521607163224,0.0
41.06119158815662,12,19.282154620561492,3,0.1555335566113929,0.1012547347264215,0.0
60.63271525004168,13,18.759643724266247,2,0.39972490134810545,0.06765931337838997,0.0
115.63375970679282,10,39.42633635711449,5,0.09457946679133279,0.29412322470293256,0.0
26.74660331192174,13,6.306112132840221,3,0.041200384135813416,0.08785849030456581,0.0
165.5131251225912,20,4.386354767590164,2,0.2056719342784896,0.2987046324490598,0.0
27.99756875040392,18,44.98529210812074,6,0.21832228609328347,0.10126741490911632,0.0
419.54423784686264,2,966.0824602635543,18,0.5842602429797701,0.9566005068013983,1.0
27.08872851342608,12,2.4109392075883025,5,0.06043434896602162,0.26973622049713347,0.0
130.54990102292172,8,24.093771798475665,3,0.07719343801913334,0.2550131948928664,0.0
200.15760249311023,19,17.03238917627662,3,0.0855237009293551,0.275250315703567,0.0
149.03460886516712,19,3.1928577813657464,2,0.3155010423789697,0.11319289944534801,0.0
29.02029835683817,12,13.060047010352216,2,0.12042482882252431,0.11961485966033539,0.0
25.265273141542224,12,8.813011308309353,3,0.05830115714922361,0.0256906351074286,0.0
156.44009425156656,17,3.926002221167561,2,0.15542917451330313,0.11207298225060235,0.0
58.524110877491935,16,2.473849361966816,3,0.23779819016058323,0.1500439402479958,0.0
268.22771529663703,17,0.9221265978489578,4,0.04606655201748942,0.11031146821311995,0.0
43.21963829276285,16,10.247828179240239,0,0.08457758238779624,0.3309517182062211,0.0
107.16312723391707,13,29.217492645552433,1,0.03677184757355906,0.13751967294830034,0.0
22.3760162929937,21,11.839623030348132,2,0.2072865246285496,0.10328275899794216,0.0
16.65255123554068,20,7.455127329323666,5,0.061631118158499296,0.031969372500066096,0.0
317.0121770514377,9,23.400172904510605,0,0.16347411968761427,0.158645719713868,0.0
11.729004098262292,11,5.679249811776126,3,0.23970920132078372,0.18449689421091034,0.0
20.792431296333955,16,46.49173937270656,2,0.13391816091026323,0.24192771687595085,0.0
12.660968883620882,14,0.9636271123291807,5,0.07107988581750678,0.22512303788969024,0.0
76.5405207257669,14,11.883979968868292,4,0.28779335624931623,0.19524916369406148,0.0
130.54043229652612,11,21.614340710879468,6,0.11424318223090381,0.364797686652594,0.0
182.1422519941638,19,16.953441321715367,3,0.2948345692772423,0.1278607854472771,0.0
43.40877074770545,10,7.305694426678131,5,0.16459273473370137,0.020593595341506246,0.0
2085.727164573471,2,1108.8738088570735,12,0.5200527410796121,0.9685826379198611,1.0
123.03993885823343,17,27.465701970541673,1,0.3201402474053521,0.1869898082653905,0.0
632.3291248326242,23,187.27771993544343,13,0.9796791494497866,0.8908263117581392,1.0
10.14858711114632,15,16.25750302758895,5,0.01960300708630322,0.3875109473650039,0.0
39.98039318446371,16,89.90414456086832,2,0.025015517405655323,0.05069512453575781,0.0
85.02360755385143,16,11.176639777366724,2,0.1189428890884831,0.06350822103552393,0.0
29.371502972902288,17,31.20207582489784,4,0.19529497508037058,0.16971322470981032,0.0
47.83548988625783,20,9.06009862638206,6,0.04858197341303945,0.09815547839429092,0.0
2.567659738882569,13,22.776869879856623,3,0.20958832028064314,0.09386565106976752,0.0
4.58837048043139,8,36.89794667600573,2,0.16496764969539088,0.13609542225562185,0.0
36.68182394114432,9,5.755840740991762,3,0.11611558173471817,0.01489070671025041,0.0
309.6380734944285,13,57.740082965714464,4,0.11064439420872936,0.14004425362096845,0.0
58.53735460981448,9,17.76311017644979,2,0.19022543252656232,0.11131102475972648,0.0
5.5680885217130225,10,1.4729540435385746,0,0.11056770772545474,0.043886157170299867,0.0
39.67927880187006,9,2.2569664778408898,2,0.2686946341506556,0.1489107202811802,0.0
34.838949801810124,13,0.17742150631923717,2,0.11884415985458045,0.126284193957341,0.0
66.88850592179206,21,37.75295438648651,1,0.23968550957385212,0.3004265280045513,0.0
204.5303799286022,10,14.594769041187822,4,0.05685462196617894,0.23103677835911554,0.0
33.89137953328116,21,45.028188095838274,2,0.1790628682963355,0.047476246286940305,0.0
301.0893728281871,17,93.19655124870707,1,0.2226449789218103,0.12016984954947299,0.0
2.0598219192090985,20,9.950546793288588,1,0.17857880364017178,0.270255933144301,0.0
28.484374102288164,15,36.53312704872992,4,0.1713822092554647,0.09484939853777112,0.0
23.00997354369615,21,26.90968974075126,5,0.14691485228908716,0.1298083209986505,0.0
30.491698514457365,17,46.94770284516606,3,0.18847840983571756,0.147816023353433,0.0
24.731902113242086,17,4.90425804534985,7,0.43211587687765374,0.023439099604343334,0.0
76.79975562994494,15,8.616855323390316,4,0.1587472179393898,0.11040181292913943,0.0
15.598487924691504,21,12.890149317968273,1,0.368521914187734,0.07834662445576665,0.0
121.87112536149321,15,8.427426138617797,0,0.25567909621147683,0.2168626907106706,0.0
227.86532454805433,15,3.6142434664642105,0,0.06563455735673904,0.20813513621078433,0.0
43.39839595705246,13,3.933753768272802,6,0.1436976135006812,0.2715832779069686,0.0
18.971887511308886,10,27.612954429058885,1,0.10624321022210245,0.07389680595823617,0.0
2.0920703975050117,17,21.86056082485219,2,0.23216631204861715,0.055088518398648194,0.0
196.07608388022666,9,10.389128816444613,1,0.053498300440144655,0.06426332355293304,0.0
43.45405973027052,13,4.187896662579211,6,0.12310621555914607,0.09929360809928961,0.0
77.11491352177505,20,4.101451827895135,2,0.11328971148414782,0.37331084654926505,0.0
67.84802696519361,20,2.895841499779931,1,0.3387673114710599,0.17919476965911688,0.0
81.94840916288994,16,30.100154927306356,2,0.23914812871510263,0.22960275374762573,0.0
85.17716072960985,19,2.4663577045820975,3,0.4281367586947642,0.026822437504597875,0.0
49.63569917351086,8,20.56829095503907,3,0.2549093839249296,0.09174266491498781,0.0
105.9862219962321,16,74.01422463104241,1,0.28171579234644095,0.19574997278682724,0.0
71.22138178315824,12,20.701125138721753,1,0.041963023823522065,0.2612645127266328,0.0
88.42111641240177,20,0.798750721152067,3,0.16206006690643127,0.11598298685104419,0.0
16.437363629160565,9,1.8393746537420828,3,0.37782966779587945,0.08804482664088539,0.0
6.820699637573462,14,11.074293103468051,4,0.06722515269522329,0.18506715667725201,0.0
50.23362365289924,20,13.979043054733172,0,0.19953943495469142,0.25342693960199175,0.0
2090.3744715453527,3,25.238707018806352,12,0.764323109454432,0.5804665964616632,1.0
53.01300517348915,13,53.14481311670789,2,0.24523234136056238,0.0719065855622713,0.0
12.073646931381132,16,30.71663273169036,3,0.10438771129695329,0.021288624810801994,0.0
94.90136086059843,17,5.796326159990771,4,0.13630567405080857,0.15226823300824485,0.0
18.89005205178328,15,28.086842941206957,5,0.10593325348905136,0.2963646127189393,0.0
34.863810858695935,13,35.67464187310159,3,0.22082985708190878,0.07096581573662498,0.0
57.45961262402276,10,14.580067063033642,2,0.19820144906218404,0.1405864953945068,0.0
706.6198351380248,2,1284.1451412515448,14,0.7942427789840302,0.8368034661250611,1.0
69.81995438800666,14,20.049443907168033,3,0.21573392713911071,0.2563410064179372,0.0
123.21221077944742,21,14.320048641838255,4,0.35703281336083,0.28585304283001284,0.0
146.10674528885133,9,1.4461889975577678,4,0.08470086436761388,0.25549331172248063,0.0
240.31968046887448,17,40.54412058690306,5,0.028314986605478265,0.07242518522888847,0.0
75.93395844417854,16,0.42308420710219086,4,0.1262723992790321,0.505586039443998,0.0
11.20631406882761,12,131.39950562197444,6,0.19626854533989527,0.12001356014032218,0.0
0.11799273843080464,18,8.175640325015673,0,0.1907439902940563,0.19716566026311008,0.0
105.4612696787041,10,11.369307777309245,4,0.12955086025638124,0.15834168696023887,0.0
75.23936567860746,20,36.47109740412199,4,0.038153377520373566,0.1899818753008163,0.0
104.13840811611513,17,17.69483008812404,4,0.31247810446379753,0.08655211367719153,0.0
21.696767334972957,8,57.730232925582435,2,0.16015036786280534,0.040583857996224965,0.0
81.86892419690822,12,15.178198810036918,2,0.1560462139532216,0.25627315148200525,0.0
67.66253769611356,11,65.56348633900434,3,0.4224659503921534,0.46154535381091494,0.0
3.4052895533083483,17,1.7187658364329714,4,0.023305166658595444,0.17644069417465494,0.0
171.96492704562584,16,38.091060948519505,3,0.14733823761144213,0.028631636054617483,0.0
149.08003934816242,18,29.30246327130626,4,0.4863134430404656,0.0280801149326683,0.0
18.739487912028927,14,36.84486826977746,3,0.0778860200170522,0.05961435681719068,0.0
85.94132555079008,20,30.5882141214253,1,0.1713525286807868,0.141577947534461,0.0
102.82725807915187,12,52.116641593936244,3,0.27489630665909015,0.26144648297639916,0.0
56.00041477714643,9,0.40977567680442395,2,0.08389022566929254,0.2835767623778196,0.0
35.87863331651958,20,5.6429705539331545,6,0.14789762216248525,0.1352274368300725,0.0
69.39695736705154,11,12.732343836308932,2,0.16608940487207582,0.2301711617351227,0.0
181.9277879285802,12,13.148013082785994,5,0.30069140087769863,0.1835614717387713,0.0
86.54377763303394,12,17.020734970676273,5,0.38478875217975406,0.2507820205412007,0.0
0.12530649984333986,15,67.66094164781397,3,0.25724394068031864,0.07905541627825884,0.0
3.6053008928004044,9,17.6493194777189,5,0.1110691550683088,0.2504466656729157,0.0
114.99309726878231,11,37.077802877521854,4,0.17289726868290461,0.24037096662793922,0.0
53.582218900813,10,34.38309686707511,3,0.07385901681424611,0.14890529553031712,0.0
93.51687799207937,19,10.714814156104474,6,0.03080618869871891,0.04112341133193539,0.0
12.330637781394021,8,8.666422202863988,6,0.15468496269068147,0.14668272973899285,0.0
14.103537174672919,13,24.60523900205191,3,0.11232619307682458,0.09526370020385039,0.0
32.671036045682726,10,34.23835403859486,2,0.06845816916417849,0.13721873452681876,0.0
44.42169290533566,9,0.6161801529121759,2,0.3898508878953027,0.18553248643752301,0.0
14.497751794015493,9,1.0698701970561444,4,0.3159787596466172,0.1773173685715257,0.0
19.471596959866453,10,14.952888789955498,1,0.17399733672376333,0.06839326256831099,0.0
145.68928298800867,9,17.365836196794678,2,0.29324649742784686,0.10707194607283614,0.0
18.367106252866666,11,33.84066354133717,2,0.2050126332932946,0.16822004835782375,0.0
34.31899707475213,17,39.14805870893762,0,0.12793904880224977,0.0904926234717735,0.0
6.8096687755881256,18,5.186720779425521,3,0.0063618907660215,0.15214835795501713,0.0
84.24850604284012,14,14.997048023143444,0,0.2899310348962044,0.1286237875740479,0.0
13.413180221654384,16,62.5834246637165,3,0.08728371835263016,0.14485737150740144,0.0
699.5546269539963,23,717.3205186132263,14,0.7525561431636834,0.9236776828874697,1.0
164.09260829602482,20,0.7876399199080122,3,0.27516584757643475,0.08705737804547142,0.0
260.5518156677545,8,11.462884631059243,2,0.2662635801795695,0.03285219696405311,0.0
40.774890633162784,12,3.9263848324489175,2,0.1045641887332384,0.07726140466190481,0.0
93.9230873713179,21,30.47346425163587,1,0.07973221652823619,0.1762825437643618,0.0
145.72658468878922,17,21.833962096014893,5,0.3108207802421769,0.38331066172421696,0.0
11.39108047397291,17,12.162021714907915,4,0.0715191487913477,0.04768354121831015,0.0
101.94704324782603,15,47.82035269856573,3,0.04581745930252607,0.1594946303275125,0.0
149.93185023848605,10,0.9018766250047943,5,0.32742323688763636,0.056165985441953475,0.0
27.168048368960605,21,20.88906521263729,2,0.22140228047406438,0.45887840056216805,0.0
19.8883276002936,11,28.13652711592509,2,0.10403246464756563,0.1736954535538898,0.0
581.0866505118375,23,535.9790996778154,16,0.5741407756870579,0.7506505736500151,1.0
4.576905643856547,14,20.1481827678286,2,0.1969898128998532,0.08759702347175789,0.0
83.87360399088769,21,5.913880419080881,0,0.11278942372061204,0.17206772548339147,0.0
4.699762145986997,20,6.425887510223739,1,0.04131808712900311,0.35907396321828533,0.0
21.663562300543994,19,35.8405050226984,4,0.42074068240925055,0.07398790075790898,0.0
21.280677272009022,13,4.76923716914456,4,0.21266207295623105,0.3010663315506294,0.0
41.18752954241196,11,2.0821821771319873,4,0.09556253923777043,0.23231994796351568,0.0
82.1374621284864,8,23.228234887716994,3,0.11452975215357764,0.3192051857555346,0.0
21.193149344523533,9,9.177997120879615,4,0.070748984821746,0.05522963675306222,0.0
91.53130808162813,10,7.625236784566393,2,0.395853026854199,0.13352718129867605,0.0
65.61459392304884,11,6.166217328880914,5,0.2293911909592035,0.06706387282515441,0.0
27.1078794187695,14,8.498313313330915,2,0.028415529879607354,0.2387485696806257,0.0
35.762303351647496,9,27.988365166780437,4,0.28122359022430793,0.1759054993588103,0.0
100.1653978297621,13,9.365793808185149,6,0.3129262585235542,0.22009638353649766,0.0
16.3977900867191,12,29.958227895954185,1,0.02120352842261922,0.16458116276029325,0.0
65.50758764461658,21,18.145897246457572,2,0.10698259655245214,0.01533538427717264,0.0
20.424102011270584,21,12.233882195516603,2,0.09342060350797302,0.07955416020334471,0.0
61.97657105106083,8,15.216174004026206,1,0.14295282854970337,0.132411385876897,0.0
54.967401033663165,17,24.440202794316924,3,0.15141145067155543,0.09883508613252615,0.0
353.175505829379,2,17.373179580954506,20,0.8387269654459539,0.9571805964157327,1.0
2225.7305083981796,23,1467.898192240379,8,0.7034089871074493,0.8445220725877289,1.0
163.63044266309777,21,20.4291746240957,4,0.0871315100477447,0.20458936750990006,0.0
49.903893597329514,21,0.38873274809046676,3,0.4664077144123221,0.17851997880521964,0.0
28.224969177468754,18,7.753027387679726,3,0.023799637887955687,0.2303993552057349,0.0
6.6200549878237975,17,19.69597655896451,2,0.0813096582538914,0.11693561913425232,0.0
52.94383076474936,18,6.424397979360635,4,0.0825181348322285,0.11078939665070978,0.0
266.11335617349727,12,16.17985773514782,2,0.12974120081672602,0.09608919241246668,0.0
5.291726647383927,17,77.36337075230777,5,0.44051930377127096,0.07306594659337622,0.0
19.63802469042744,19,3.030063148002008,3,0.10874941649545472,0.03949546030930335,0.0
28.909176475288785,17,7.28624925733576,5,0.006297870242778684,0.21913188154893093,0.0
79.00263261024924,13,27.560465327414313,2,0.3957300860557925,0.1712621426208984,0.0
31.8977457620764,16,24.120419234550337,6,0.1308581303080892,0.3598103570814588,0.0
62.27985016158531,15,10.923647032103517,2,0.32442315700202906,0.015645479781684242,0.0
15.246801869332604,19,11.710267720400624,6,0.18882082367037537,0.274048400723591,0.0
53.53164992889344,17,3.271942745534595,3,0.47830989965533716,0.12465333640616083,0.0
164.99695103187588,16,12.746848827953748,1,0.13272194095582512,0.33275299143794146,0.0
1.1721181012535027,20,110.8778490030731,1,0.15183972733880097,0.2902783669059597,0.0
99.50662253477455,12,5.8159786139211995,3,0.15893230730658928,0.13923321011427675,0.0
46.494517743006426,21,98.75929511562762,2,0.32834001317412204,0.16482830652811042,0.0
31.394335275455028,8,15.795361382197918,5,0.22430313973305535,0.09696709225700058,0.0
8.559752114875947,15,10.186846174262365,3,0.06983055610051736,0.02353366691670579,0.0
121.20758274611634,20,16.13282335693708,4,0.1382561470181139,0.23011723412002474,0.0
37.38417499801108,19,67.28421750093402,2,0.03366928991415317,0.12081867738783696,0.0
127.26641301774367,11,34.64291387863933,4,0.3780186274314679,0.14519078690972587,0.0
29.6303441243488,19,5.246376501756594,2,0.21128663504199321,0.15727361040751217,0.0
30.747241721562748,9,34.70674163529858,6,0.15150642846850937,0.3228735904449187,0.0
60.669855762665065,9,2.5430502959157293,5,0.20810297610640094,0.21985092279710045,0.0
60.56157100106581,9,21.4683946473402,6,0.15345203536398558,0.10179479375599136,0.0
70.66880832532838,13,11.406464299377632,4,0.16140943708916808,0.1647005797212489,0.0
49.24525772458778,13,23.816836697135088,5,0.19485184155197155,0.2815464067226308,0.0
51.36740708925239,19,27.38782573138936,2,0.32932832571506077,0.23085139912264033,0.0
44.14996031382569,12,8.10191746582891,3,0.07121766934935195,0.14155477615758763,0.0
13.425431208983877,14,3.43027581099951,2,0.3647041372159032,0.234650969869571,0.0
69.48916188980581,10,44.90658259691558,4,0.2557532153895705,0.04958458398133333,0.0
41.57926780930736,19,43.767606960844816,1,0.19083976175661244,0.24213661742441692,0.0
23.94924659962554,14,22.261813812386215,4,0.32484701009093586,0.1553729454850748,0.0
82.35565037605943,8,6.713903598441585,2,0.1396401889237012,0.20563429622048485,0.0
82.18485548541639,10,6.438186810411204,5,0.08842906835264452,0.17218765869619537,0.0
45.47394854600551,15,11.35676600084408,4,0.08638760246168968,0.1137828255984559,0.0
80.43249797739213,15,8.213350678229107,5,0.11743795633892526,0.025000467280922426,0.0
138.24925289155854,15,17.333730538531874,4,0.08282847368812075,0.08831638204829112,0.0
88.5039075573589,14,9.460805243370057,4,0.05369839266219972,0.16640697298159324,0.0
63.97519257519363,14,39.583263732021564,3,0.34325840712059646,0.028174511168189104,0.0
42.5663483322084,10,26.849483548278116,3,0.15835559381764838,0.10395104375595221,0.0
88.26091800568551,18,5.1465730741529185,2,0.05469114436392253,0.05738206569013454,0.0
58.55640972678604,11,3.079857104910145,1,0.28250710534921386,0.14811382266518822,0.0
318.3260943073346,16,19.83719032824331,2,0.3481061284355485,0.03944677256567192,0.0
130.1604024925373,17,6.323359138698405,5,0.18819791671645675,0.15951587853188548,0.0
26.384227210739937,17,22.15410847164861,2,0.4621415627045493,0.13567373943560987,0.0
173.85220764049325,19,2.7345811543891587,3,0.3074287101649082,0.14717843331402586,0.0
131.35838306945058,12,17.12312663041734,3,0.2257088732646798,0.21443202428255628,0.0
25.98987359161041,17,8.323679411134362,2,0.18421264250755698,0.34184944073474105,0.0
26.486677347170357,8,2.7829151494681255,3,0.24108437455743584,0.07112385721411156,0.0
174.762080675685,12,10.81546476433626,4,0.22435291697119758,0.23629310976267145,0.0
4.212493518030001,12,33.52275730262155,5,0.33196530901726684,0.04743047158110747,0.0
92.12817221664733,14,2.013383769888838,3,0.06355714408625855,0.1535507601130741,0.0
38.803098196425424,15,6.049922961745471,1,0.3820180666265518,0.06769908318651548,0.0
2.1975886307552077,15,61.000445619815586,3,0.2818544499748827,0.12945011658648617,0.0
97.29924893605506,16,34.48007264562675,1,0.2158994065273577,0.16996773460614548,0.0
15.932226031028002,13,22.420744332351358,1,0.12434590893062944,0.0646194328883213,0.0
8.86828406476369,13,15.16868492717373,1,0.1328764733232817,0.218541241010009,0.0
15.15000211704466,8,25.66862303319232,3,0.4986201079832374,0.4720442959741013,0.0
1.6274703523621143,15,22.418568701056188,2,0.31526304981304065,0.0962368829735552,0.0
80.05890303451247,14,1.7903826825188363,3,0.10399858806942855,0.18252253897200837,0.0
1654.3646716409578,23,55.03476490647221,16,0.7741417445341214,0.9458663396932923,1.0
7.6840587685322586,11,20.912449213137705,1,0.16627852110249325,0.15995299721482897,0.0
129.8194061799035,9,20.969742095848748,5,0.02964911783658567,0.13940992715195435,0.0
13.137679297997343,13,0.3856805446198325,1,0.10500639563050154,0.20578864495926527,0.0
80.04029981854171,11,36.225255505666865,4,0.14722202598933157,0.02064899971326139,0.0
10.454070971127141,21,7.814309080414562,3,0.16161426709616492,0.28420875066334617,0.0
58.56464438412749,17,16.17551063391285,6,0.03433192147664077,0.10012025062052489,0.0
41.90585890325358,15,5.081511733256484,8,0.10688813868827961,0.07162749964108804,0.0
108.04454770488833,19,24.997678723436835,2,0.08525301603521257,0.015480959166803287,0.0
13.58780511767658,14,11.367157084298885,4,0.17324909783143314,0.17938338570401827,0.0
28.231597179617026,10,35.78704518483461,4,0.12528004645699015,0.11485599882623113,0.0
25.297087282605276,16,6.036091759255768,8,0.3058121558187577,0.06957413582084646,0.0
39.95181477733339,11,0.454982804664799,6,0.18841477844288157,0.430256739166182,0.0
11.735329009226184,12,20.69429555023691,4,0.15027240981546908,0.06977481024610052,0.0
216.38044835234524,16,35.79308270380992,3,0.10514351088681029,0.04910651342120985,0.0
97.78746244831873,10,15.97187582063665,3,0.0687751498751482,0.2969397471393119,0.0
269.6504273968938,20,1.1269006152473804,3,0.16436532213905675,0.42108841457942464,0.0
82.0671295230421,20,9.629054074032029,1,0.25275130589780986,0.19176235340169917,0.0
12.993743193633293,10,7.387889181187792,2,0.09987790734259809,0.10397053409177917,0.0
59.14812395110089,18,2.0900820071152686,6,0.20880883907414707,0.16445386073462614,0.0
127.88523811582203,14,6.1820707703547795,3,0.09404679799963958,0.2886125200253015,0.0
79.87824001804347,13,6.923431502952986,3,0.15158922899293734,0.08440811553035783,0.0
22.67649384731964,20,1.616217566567173,2,0.12354473355041536,0.15230392508149884,0.0
31.049709483724456,17,7.780936773059866,5,0.010400461942196083,0.08976349262340859,0.0
65.90107880934356,14,7.525170039084253,2,0.07854015749700383,0.06743314246354708,0.0
246.20499302304185,9,75.81642548242209,3,0.1433014825969478,0.10495136770761236,0.0
57.47763375472283,15,30.244087021315668,2,0.0880981454018272,0.12680629227131746,0.0
53.242637937852734,14,2.9449305948973716,1,0.35670918572878757,0.07016118706614831,0.0
14.80378752524647,8,30.699276881061607,6,0.39476983496435636,0.10176411558849584,0.0
39.47578637532975,20,36.320652329890194,5,0.313690253890612,0.12685387745264382,0.0
133.22928333294664,18,4.060161263482188,3,0.05649863971818634,0.3518982275273761,0.0
72.03190511036479,12,8.169539936339845,2,0.11507603322975524,0.21892342241599128,0.0
111.67457482525235,18,0.4712501565604519,4,0.16686891609182017,0.4735765370448969,0.0
25.576807565699553,11,8.55637307298097,4,0.06440000355985318,0.09284539155380968,0.0
17.240132800654195,20,13.13782669249022,2,0.20301093930356304,0.2012424652383981,0.0
129.97464159723387,16,20.131691625702487,3,0.16172674941602969,0.13650041880318944,0.0
52.30470790240101,21,8.337084840262378,5,0.031844212585869024,0.1833842202797094,0.0
122.521069991519,16,11.809909600165954,3,0.17934555634762597,0.039720146647465544,0.0
16.778293997066843,17,49.5743241507897,1,0.04775668123481261,0.2539178238103132,0.0
143.0997019354334,16,0.6599731556369061,4,0.39339114875583064,0.1731254674244212,0.0
228.7903329881635,14,8.496352939266815,2,0.2853621381066014,0.2733569934225801,0.0
22.15016363503225,14,27.461322015536783,2,0.20670542660237365,0.09452099455205155,0.0
86.62792141028027,10,1.5399698216357618,3,0.11956007166740422,0.1715529653765777,0.0
24.333544160447033,20,3.7676176267792205,3,0.10787222260715963,0.1955958964291237,0.0
12.716161253426012,18,3.1128680273908556,6,0.3458183043997193,0.03836319088254493,0.0
98.43495204819634,21,10.062325375851842,4,0.3898512539082891,0.05014481777848178,0.0
6.398129979165766,8,53.59572651101431,5,0.15495240100808322,0.04211237444387342,0.0
43.24518192267118,13,15.325230729692557,3,0.17468399781392097,0.05469562596133742,0.0
60.01146002795123,20,0.39390667230166426,6,0.11818825586593316,0.09477163415374636,0.0
59.13699527470985,8,8.151026261865395,4,0.16463622765869096,0.21225630624935823,0.0
3.5245200041937825,18,10.09091250208552,3,0.3225047618914976,0.4638455724552373,0.0
41.749649981899694,14,24.23328748431333,4,0.20830579137225833,0.17005650298165917,0.0
169.08009791494317,11,15.873126761058023,2,0.3596818836904399,0.24380474110866773,0.0
66.51749043917336,14,1.7175540190746508,2,0.13857849094737573,0.1630463469690261,0.0
8.65223981322197,13,3.3406035509722205,2,0.25515689265316627,0.1832200152776676,0.0
27.219757191888934,19,39.4992395906428,5,0.12843171507656068,0.19439482832226332,0.0
14.60430606438531,10,25.387476641281413,1,0.09365613367925368,0.050973184715643875,0.0
137.74463708328025,9,23.14197944232221,3,0.09988873547929888,0.18677566752570776,0.0
158.44852346691607,11,21.222362842920035,3,0.11644085518414642,0.353647734459622,0.0
43.2218656734937,8,15.573501628299539,2,0.5800956330276483,0.0309112861700708,0.0
28.86965936474794,10,44.30192009926387,1,0.0206985622570749,0.26571498648146163,0.0
24.113989673165218,17,22.350876755624416,2,0.16623580313325959,0.13279979876498355,0.0
317.56330498594497,13,11.84744971958885,1,0.19379546343547507,0.048623619952402046,0.0
21.6318110275721,15,11.052449303629961,5,0.29263018400674556,0.09352788285268925,0.0
26.917532593644697,18,2.6979628904044257,6,0.17206401268912253,0.047338601839242836,0.0
40.73752887757698,14,8.94912274664111,3,0.1496650283300952,0.06347990419730344,0.0
33.72239919356603,16,6.551149443332642,3,0.2982040309532715,0.08705090567626574,0.0
119.52020748786978,17,8.84682437946951,3,0.06097414122022211,0.13277930755795136,0.0
